Material_ID,Bulk_Modulus_K,Shear_Modulus_G,Young_Modulus_E,Poisson_Ratio,Material Class
mp-161,196.8449773,-6403352.095,1771.768193,-1.000138347,Unknown
mp-27757,138.1964947,149.6859857,329.9358501,0.10209332,Metals
mp-1032,248.9404481,179.9600504,435.0475987,0.208733821,Ceramics
mp-1113,329.5525604,158.2113346,409.1579309,0.293074014,Ceramics
mp-15809,292.0417405,189.460867,467.3243557,0.233300478,Ceramics
mp-1915,221.3789909,141.0188565,348.9604113,0.2372828,Metals
mp-20318,316.9493064,173.6497873,440.5021139,0.268363528,Ceramics
mp-2501,293.334007,147.8957996,379.8488525,0.284177284,Metals
mp-2536,241.8792896,100.2002052,264.1282799,0.31800269,Metals
mp-1080664,305.0348939,232.5156565,556.2192271,0.196089836,Ceramics
mp-1890,311.1496999,206.1611503,506.5967251,0.228642555,Ceramics
mp-7832,341.8005224,200.2380579,502.5728955,0.254938498,Ceramics
mp-1432,144.8620398,98.60417466,241.1071963,0.222601361,Metals
mp-7424,173.5330701,51.23240394,139.9269385,0.365609728,Metals
mp-20373,241.2165423,99.99482308,263.5647569,0.317892011,Metals
mp-2058,219.9084597,85.87983758,227.9642382,0.32722793,Metals
mp-20787,283.9092745,151.1053522,385.0110942,0.273982319,Metals
mp-20857,310.1552624,152.6201397,393.3422498,0.288631535,Ceramics
mp-7857,207.8728853,192.3991911,441.1069882,0.146332752,Ceramics
mp-1007881,254.9691838,163.4193197,403.9547133,0.235945401,Ceramics
mp-1008487,339.6350976,193.1953581,487.2065024,0.260916689,Ceramics
mp-1097,286.2359797,214.8239607,515.5069187,0.199835709,Ceramics
mp-14019,264.2973874,107.9342563,285.0057151,0.320274604,Metals
mp-15671,365.3640306,137.5205916,366.5702411,0.332783101,Ceramics
mp-2580,264.0212623,199.5078061,478.0983326,0.198194552,Ceramics
mp-260,295.7077108,224.1903523,536.8902214,0.197398139,Ceramics
mp-9973,269.3190965,234.7271532,545.6574589,0.162322832,Ceramics
mp-999198,308.7006835,194.4442901,482.1092603,0.23971051,Ceramics
mp-1018783,78.59231172,62.66055842,148.5126508,0.185056872,Metals
mp-864790,51.19929601,30.58439281,76.51710231,0.250917466,Metals
mp-1196306,143.4526802,43.51715068,118.5625838,0.362251227,Metals
mp-1197003,154.3896759,42.20941794,116.0522094,0.374719376,Metals
mp-4023,62.19611139,8.996319038,25.74754443,0.43100441,Metals
mp-4214,129.0035638,73.57882422,185.4739893,0.260376143,Metals
mp-5861,59.39342965,6.199620408,17.97349005,0.449563753,Metals
mp-10343,138.4894006,88.4263443,218.726326,0.23677128,Metals
mp-5971,-7695237.264,-4616856.027,-11542259.37,0.25001292,Unknown
mp-10398,154.6179136,5.70E+12,1391.561222,-1,Unknown
mp-4634,-2.22E+12,-2.06E+15,-1.99E+13,-0.995167417,Unknown
mp-7559,195037748.5,6.15E+13,1755323045,-0.999985737,Unknown
mp-8048,-1.01E+12,62401399260,1.91E+11,0.531629457,Unknown
mp-4262,140.2263491,136.4420351,309.0798777,0.132641702,Metals
mp-10113,242.8137425,127.3298922,325.1535634,0.276815513,Metals
mp-10133,79.04231094,66.31623285,155.4692938,0.172181283,Metals
mp-10139,83.17909472,69.43224255,162.9553778,0.17348491,Metals
mp-10140,76.57408605,54.90335365,132.9380266,0.210654885,Metals
mp-1017578,223.4253665,104.2968469,270.7595872,0.298023839,Metals
mp-1018643,142.8665206,29.29491938,82.26211578,0.404033831,Metals
mp-1018644,173.829619,20.12597693,58.13433486,0.444261192,Metals
mp-29725,181.0214786,88.59775926,228.5127677,0.289608053,Metals
mp-3088,165.3012399,65.92805389,174.5752129,0.323982755,Metals
mp-3183,183.3876087,89.12215406,230.09314,0.290886326,Metals
mp-3591,174.7276333,77.25835829,202.0023223,0.307316948,Metals
mp-3710,184.1673105,90.51070957,233.3111606,0.288859416,Metals
mp-3717,188.7440697,93.95991179,241.7620269,0.286516889,Metals
mp-4982,175.916079,81.11587241,210.9276503,0.30016262,Metals
mp-510376,190.776865,60.21432873,163.4469014,0.357209362,Metals
mp-5200,169.8665496,75.45997379,197.1818324,0.306532606,Metals
mp-5438,186.3697654,92.82670729,238.8283882,0.286420661,Metals
mp-569875,195.3218364,100.994877,258.4407298,0.279474452,Metals
mp-571126,225.5827811,111.281906,286.7016042,0.288177092,Metals
mp-28896,198.4405084,70.98685453,190.2722694,0.340193693,Metals
mp-28897,236.2388686,80.27628277,216.3256557,0.347382117,Metals
mp-21347,299.8702523,181.6345736,453.3672746,0.248020313,Ceramics
mp-21464,352.3769286,152.0113635,398.7022341,0.311422466,Ceramics
mp-22759,326.1597972,199.1040951,496.319597,0.246382192,Ceramics
mp-4472,316.1835336,177.4231786,448.3981751,0.263640351,Ceramics
mp-7574,211.6877176,140.5794948,345.3015025,0.228136091,Metals
mp-9985,230.4488192,143.5836587,356.6743559,0.242043695,Metals
mp-3348,163.8935569,73.40346422,191.6054387,0.305152561,Metals
mp-20689,241.602469,171.0312687,415.1352261,0.21362377,Ceramics
mp-2091,258.0722161,200.1804085,477.1658654,0.191839573,Ceramics
mp-585,1.47E+12,4.19E+13,1.19E+13,-0.857602795,Unknown
mp-1077,286.0439122,178.9154013,444.1446634,0.241214172,Ceramics
mp-2850,314.2052693,183.2501707,460.2710562,0.255854372,Ceramics
mp-31017,145.2024633,90.9090344,225.6376745,0.241007981,Metals
mp-10136,252.6318649,189.9692328,455.6879014,0.199372905,Ceramics
mp-10853,184.9945916,123.5486106,303.1578554,0.22687683,Metals
mp-10854,200.4960605,129.4838154,319.6414568,0.234291158,Metals
mp-10856,207.1661112,131.3500861,325.299984,0.23829376,Metals
mp-10857,209.1849344,132.0021332,327.1851079,0.239317502,Metals
mp-19789,298.3891309,192.2728768,474.829969,0.234781465,Ceramics
mp-20908,182.8856335,132.4611856,320.1019545,0.208285858,Metals
mp-2958,203.5870609,130.4584323,322.4912487,0.23599235,Metals
mp-613327,326.4011704,185.4508531,467.7631375,0.261151215,Ceramics
mp-6916,194.5531657,125.4770108,309.8240531,0.23458493,Metals
mp-9880,183.5011194,140.4120026,335.629876,0.195160919,Metals
mp-12061,188.8821839,113.0470087,282.7349032,0.250519171,Metals
mp-12073,112.4171532,76.988823,188.040087,0.221216793,Metals
mp-12075,129.3226869,81.18917036,201.4173686,0.240420167,Metals
mp-12077,127.3357628,82.53981989,203.6229193,0.233482939,Metals
mp-28786,219.8904259,109.9628366,282.7551049,0.285684845,Metals
mp-2967,129.0182842,86.18221329,211.4621588,0.226831795,Metals
mp-3190,120.9338926,84.94711563,206.4927245,0.215419281,Metals
mp-3515,159.0350118,110.3514187,268.8669969,0.218230812,Metals
mp-4073,159.2777491,100.6834664,249.482374,0.238944103,Metals
mp-4322,149.2462662,92.07678473,229.1135172,0.244143775,Metals
mp-5135,159.8485985,110.3427287,269.1070741,0.219414625,Metals
mp-568509,155.6342991,116.1414248,279.0187591,0.201202583,Metals
mp-568725,127.7228468,82.72530348,204.1091605,0.23365616,Metals
mp-571500,122.5490435,83.38451094,203.9063784,0.22268738,Metals
mp-573995,161.7198319,113.3343144,275.6179825,0.215951162,Metals
mp-7349,90.31057729,58.80342721,144.9500965,0.23249701,Metals
mp-4984,1151022.1,169973.6728,485998.2494,0.429628016,Unknown
mp-10056,375.4289448,-1.24E+15,3378.860503,-1,Unknown
mp-1106148,1321.347532,210.4318721,599.4725162,0.424386217,Unknown
mp-2947,204.84269,-9.57E+15,1843.58421,-1,Unknown
mp-3055,-2522378.593,-8.65E+12,-22701387.48,-0.999998688,Unknown
mp-3467,-1.36E+11,2.63E+13,-1.25E+12,-1.02372869,Unknown
mp-5197,3.08E+13,-7.70E+14,3.15E+14,-1.204265062,Unknown
mp-5369,-1.50E+11,-2.65E+13,-1.33E+12,-0.974984166,Unknown
mp-1216398,280.3438512,221.5829024,526.131218,0.187210774,Ceramics
mp-1217965,296.8343727,191.0351482,471.8762167,0.235050778,Ceramics
mp-1226242,301.6105234,204.7775354,500.9579805,0.223176115,Ceramics
mp-27693,215.4180379,171.9764531,407.490852,0.18472862,Ceramics
mp-569299,223.9478063,193.2144883,450.1775476,0.164968403,Ceramics
mp-29674,230.8152855,106.3238219,276.5133376,0.30033577,Metals
mp-3805,226.2517406,134.5287557,336.8273491,0.251878631,Metals
mp-568624,157.8962602,92.6134431,232.4021367,0.254689,Metals
mp-7692,228.4929545,179.2938789,426.3622971,0.189004053,Ceramics
mp-7892,204.2342657,159.3898933,379.4569021,0.190341791,Metals
mp-14622,198.1486533,58.6602682,160.1746757,0.365273981,Metals
mp-6939,166.078294,72.22524052,189.2426803,0.310086882,Metals
mp-8431,151.7740475,58.37753389,155.2302933,0.329537948,Metals
mp-7573,335.3968046,211.0710515,523.4150788,0.239902571,Ceramics
mp-9999,310.1583705,182.427616,457.5719481,0.25411919,Ceramics
mp-1024963,171.6416407,74.38203955,194.9807235,0.310670726,Metals
mp-1025123,243.51669,101.4290961,267.1907047,0.317130464,Metals
mp-1025127,216.4560249,30.45383268,87.26879708,0.432804829,Metals
mp-12736,202.5191854,62.13298855,169.1051202,0.360832016,Metals
mp-12737,201.5786872,62.80619676,170.6910908,0.358871414,Metals
mp-12985,207.9574845,71.72602935,192.9901876,0.345328812,Metals
mp-568083,175.6734719,69.76455151,184.82709,0.324649023,Metals
mp-571041,204.2736382,61.35848517,167.3223611,0.363481845,Metals
mp-6092,174.7642365,74.00265719,194.5479899,0.314466245,Metals
mp-6098,170.6944032,76.76548669,200.2737735,0.304451923,Metals
mp-6102,185.3388243,70.57586381,187.8797772,0.331048371,Metals
mp-6223,175.1497955,73.74281766,194.0017812,0.315394417,Metals
mp-6646,158.9802882,69.1532947,181.1887104,0.310051178,Metals
mp-6754,156.4451099,78.02768697,200.7140549,0.286172016,Metals
mp-6794,185.9643228,65.77496371,176.5140768,0.34180292,Metals
mp-6982,204.5921632,60.16594217,164.3839549,0.366088097,Metals
mp-1217964,315.2167059,202.4292,500.2107272,0.23552019,Ceramics
mp-15617,290.9672007,197.0921582,482.3637307,0.223700971,Ceramics
mp-12054,299.8880048,171.0380744,431.1473815,0.260384224,Ceramics
mp-9208,280.7015717,241.9343356,563.8192959,0.165232075,Ceramics
mp-505207,179.3455684,-1.27E+12,1614.110117,-1.000000001,Unknown
mp-28607,-171884987,-59604546.49,-160286164.9,0.344580022,Unknown
mp-10057,298.3939553,204.5922776,499.5952067,0.220953235,Ceramics
mp-27768,332.0160568,206.093221,512.2827742,0.24284237,Ceramics
mp-29896,153.0273663,94.22785697,234.5429821,0.244552246,Metals
mp-530074,224.763153,192.0859288,448.4944476,0.167431812,Ceramics
mp-1974,-782526.9571,120123.499,379804.7476,0.580892793,Unknown
mp-2847,181.3562442,143.8843389,341.3734445,0.186277281,Metals
mp-571495,182.2693467,136.730073,328.1387028,0.199950733,Metals
mp-637,177.7153226,144.9873734,341.9656378,0.179294547,Metals
mp-7283,170.0814766,155.5894929,357.695828,0.149485808,Metals
mp-1106184,281.2270992,243.5107444,566.9066354,0.164027971,Ceramics
mp-1078253,278.7054628,247.5068488,572.9238505,0.157389893,Ceramics
mp-1078278,282.0879024,267.0391382,608.9597237,0.140206877,Unknown
mp-1079437,271.6231476,194.6093628,471.2765305,0.210826971,Ceramics
mp-1010,284.1168293,247.6677892,575.7170549,0.162276808,Ceramics
mp-10118,238.389082,172.0185248,415.9963517,0.209161491,Ceramics
mp-10142,294.264257,211.9956344,512.8339302,0.209538893,Ceramics
mp-1025170,225.314401,219.891722,497.7512399,0.131809864,Ceramics
mp-10255,274.8526247,198.1612212,479.2969919,0.209361218,Ceramics
mp-27710,291.5950337,264.6959305,609.6250396,0.151557257,Unknown
mp-569270,279.9104633,235.7818743,552.2761483,0.171159043,Ceramics
mp-889,301.7920435,207.139055,505.7155854,0.220715199,Ceramics
mp-3471,137.999115,69.81128613,179.213548,0.283557129,Metals
mp-5984,229.1678041,103.8947775,270.7664043,0.303079956,Metals
mp-1216475,295.4478336,220.1747662,529.093316,0.201530323,Ceramics
mp-1217974,324.6685714,198.5443507,494.7763117,0.246009544,Ceramics
mp-1217975,266.5913343,209.5563202,498.1452351,0.188571251,Ceramics
mp-1216295,354.8593461,164.6633566,427.8174993,0.299067103,Ceramics
mp-1220383,297.3244791,191.1434007,472.2339184,0.235287006,Ceramics
mp-1224184,245.503244,240.7664862,544.3502776,0.13045276,Ceramics
mp-637575,249.6323725,183.3687759,441.9050896,0.204962752,Ceramics
mp-1191390,185.0378486,163.0908282,378.1678219,0.159377955,Ceramics
mp-1191630,226.910823,175.5041521,418.5923791,0.192542667,Ceramics
mp-1210846,219.9731028,178.0086425,420.5779511,0.181341381,Ceramics
mp-8631,186.2391955,163.9644296,380.290951,0.159675156,Ceramics
mp-1102585,277.1089997,216.8403405,515.9440369,0.189686467,Ceramics
mp-973540,185.4935712,161.8842342,376.2103974,0.161973553,Ceramics
mp-8895,158.4487899,84.36460223,214.9452632,0.273906695,Metals
mp-8896,148.4717957,81.26046739,206.1685317,0.268565997,Metals
mp-10055,312.6304105,184.8382536,463.2233666,0.253050593,Ceramics
mp-1025183,166.3780243,139.7471956,327.5377932,0.171893975,Metals
mp-1025246,168.1064012,142.2979561,332.9493695,0.16990215,Metals
mp-1025379,160.8626715,133.2271489,313.2132615,0.175485868,Metals
mp-15722,323.8504113,174.707582,444.2383287,0.271376787,Ceramics
mp-38818,269.6546499,225.4757589,528.9871192,0.173046543,Ceramics
mp-568541,164.4985127,136.8416879,321.4030187,0.174360765,Metals
mp-1105839,206.7497713,118.4166975,298.2993974,0.259532666,Metals
mp-1106404,218.1116163,124.2354681,313.2341208,0.260646922,Metals
mp-12762,173.840184,137.8921528,327.1710924,0.186329627,Metals
mp-12763,174.0960149,116.4851563,285.7296036,0.22646358,Metals
mp-1296,174.5353776,106.5542068,265.6106675,0.24636406,Metals
mp-1756,195.9504089,156.1874143,370.2023983,0.185122373,Metals
mp-20874,143.6831879,123.6836548,288.3212163,0.16555909,Metals
mp-21343,172.6298676,136.1622329,323.4468625,0.187726051,Metals
mp-2203,172.0005649,112.5353587,277.1599644,0.231435025,Metals
mp-22266,167.6571269,119.6252777,289.9216867,0.21179107,Metals
mp-242,144.8362556,123.6386822,288.7521466,0.167725753,Metals
mp-2680,181.7497641,149.7677203,352.4837897,0.176768228,Metals
mp-568319,171.8645879,114.0360244,280.1468297,0.22832601,Metals
mp-571352,174.1570962,102.6701648,257.4243623,0.25364736,Metals
mp-571491,173.233239,110.3497456,273.0677587,0.237283137,Metals
mp-6996,174.8549212,129.8291892,312.2147645,0.202405893,Metals
mp-865,146.8931781,108.9808655,262.1198675,0.202595824,Metals
mp-954,141.1274892,133.8308948,305.0626114,0.139731644,Metals
mp-1206441,278.0314696,235.0734768,550.1665604,0.170201266,Ceramics
mp-28629,294.3473331,193.7507554,476.6656917,0.230100215,Ceramics
mp-2933,213.557922,120.578676,304.4388045,0.262407312,Metals
mp-1106274,183877.4349,-19763.31925,-61493.06865,0.555737371,Unknown
mp-1196116,227.2086023,196.3490928,457.3135594,0.164542074,Ceramics
mp-510306,210.3908533,204.5951449,463.5313398,0.132801416,Ceramics
mp-4071,194.7534909,140.063706,338.9381004,0.20994264,Metals
mp-8771,202.924006,141.8234955,345.0787035,0.216578051,Metals
mp-1087505,202.2647017,200.0849262,451.4072706,0.128039176,Ceramics
mp-1228685,209.3146002,153.5404513,370.1217559,0.2052907,Metals
mp-1216445,272.1935118,212.2885002,505.4598335,0.190502154,Ceramics
mp-1216493,294.461708,231.4749537,550.2435726,0.188559634,Ceramics
mp-1084,233.3788425,224.133874,509.3454642,0.136252756,Ceramics
mp-1104289,213.6360969,202.188816,461.1016481,0.140274861,Ceramics
mp-8772,218.1804503,198.0786996,456.1845556,0.151523502,Ceramics
mp-8204,195.5675332,191.5351498,433.1870449,0.130829107,Ceramics
mp-2468835,129.6556722,102.4842294,243.3383899,0.187199198,Metals
mp-1220650,303.372973,198.5063639,488.8876343,0.231415519,Ceramics
mp-2931468,-9.56E+16,-4.54E+17,-5.27E+17,-0.419445908,Unknown
mp-530274,189.7816497,157.8501272,370.758173,0.174399348,Metals
mp-134,76.87078379,-18.47119066,-60.23844731,0.630605423,Unknown
mp-1399,109.1014757,40.23962888,107.5022855,0.335776304,Metals
mp-2500,113.1462236,69.45668041,172.9754315,0.245203705,Metals
mp-1039141,55.77646768,35.198901,87.24426623,0.239303838,Metals
mp-1953,113.5067837,74.42215493,183.2224317,0.230966988,Metals
mp-771,128.9844845,91.39705137,221.8022411,0.213399326,Metals
mp-607111,218.7927259,80.31481612,214.676506,0.336468888,Metals
mp-18427,160.0298448,83.34121083,213.0407869,0.2781239,Metals
mp-1018166,224.8416338,129.8970952,326.7644062,0.257781807,Metals
mp-1018179,128.6720629,26.52277378,74.45274978,0.403562659,Metals
mp-10909,246.2786587,150.3775488,374.8402604,0.24633053,Metals
mp-975868,26.87972381,23.37277338,54.36186438,0.162931405,Composites
mp-12772,111.303568,56.6707853,145.3446899,0.282359942,Metals
mp-12773,97.93135357,46.47266693,120.3766847,0.295134244,Metals
mp-669546,146.91366,13826682200,1322.222898,-0.999999952,Unknown
mp-11220,71.67657121,-1.59E+15,645.0891409,-1,Unknown
mp-1823,114.1056259,-1.24E+14,1026.950633,-1,Unknown
mp-862259,66.73963912,-7.94E+15,600.6567521,-1,Unknown
mp-973266,53.83511896,3.40E+12,484.5160706,-1,Unknown
mp-10904,179.2585528,74.73929971,196.8587489,0.31696945,Metals
mp-1490,127.1181338,19.07786077,54.50679325,0.428535251,Metals
mp-7189,149.8497374,67.93328478,177.0457252,0.303085268,Metals
mp-1018132,38.77323339,22.60143028,56.77303917,0.255961204,Composites
mp-1008555,138.4467865,62.40796385,162.766952,0.304055941,Metals
mp-12067,145.7886455,38.11941022,105.1901915,0.379745789,Metals
mp-1471,100.3299559,59.0190615,148.0308243,0.254093343,Metals
mp-1487,157.3402685,81.640624,208.806706,0.278816205,Metals
mp-188,224.022697,90.22898165,238.6471953,0.322453113,Metals
mp-2093,42.66463917,21.39274161,54.98765729,0.285194256,Composites
mp-2413,43.37633692,32.23335628,77.50246888,0.202209106,Composites
mp-2593,94.48083828,22.37782693,62.2211149,0.390240328,Metals
mp-2658,170.575325,105.9354972,263.2993057,0.242734082,Metals
mp-284,178.7808465,125.3453627,304.8025357,0.215850866,Metals
mp-30338,49.8234948,33.0450812,81.18646117,0.228419756,Composites
mp-331,78.48633099,59.13410502,141.7920879,0.198902798,Metals
mp-364,194.4077669,99.03264491,253.9727785,0.282267977,Metals
mp-542569,203.4825674,109.0777418,277.6257216,0.272604827,Metals
mp-829,155.2205326,60.33456735,160.2416114,0.327941995,Metals
mp-875,236.6891773,128.3660272,326.138716,0.270346691,Metals
mp-978271,44.90908942,2.278291369,6.721215694,0.475056216,Composites
mp-978498,64.25404566,44.26828136,108.0019422,0.21985696,Metals
mp-1387,161.8043794,8.020219547,23.66957895,0.475619141,Metals
mp-259,224.4981869,122.4251756,310.7826812,0.269276027,Metals
mp-796,159.4382455,-33.59666363,-108.4042698,0.613318973,Unknown
mp-12777,138.3517583,65.11125285,168.8462276,0.296597902,Metals
mp-2018,171.5408861,101.248771,253.8106618,0.253401198,Metals
mp-672232,177.5620807,73.76465328,194.3772344,0.317549977,Metals
mp-973149,179.7953767,100.1087422,253.312119,0.265184805,Metals
mp-1067,48.22781908,38.35953011,90.96206603,0.185651464,Composites
mp-16960,205.1034485,86.47111715,227.4493235,0.315175118,Metals
mp-433,64.61278277,42.91852461,105.4151774,0.228084823,Metals
mp-12802,131.6671615,48.9471281,130.6515285,0.33461894,Metals
mp-11230,55.20673428,31.5160379,79.43277051,0.260196011,Metals
mp-16526,204.2478105,61.56683068,167.8367061,0.363044875,Metals
mp-2824,158.4069677,54.17327876,145.8890672,0.346503946,Metals
mp-569558,121.6100343,32.12492331,88.57531688,0.378607445,Metals
mp-605663,160.2534796,55.7149773,149.7863059,0.344219393,Metals
mp-11228,63.77574937,42.87022353,105.0682807,0.22542259,Metals
mp-11233,109.385511,74.22873214,181.606874,0.223292308,Metals
mp-12684,52.95971901,35.25867939,86.5653398,0.227574902,Metals
mp-178,72.40968846,40.9536267,103.3723599,0.262066002,Metals
mp-20439,57.11898439,17.06910213,46.56854908,0.364118297,Metals
mp-249,117.7314359,74.98346244,185.5565652,0.237316597,Metals
mp-985805,94.55884282,34.49595588,92.2678122,0.337371437,Metals
mp-11511,71.82512914,49.95117705,121.6522835,0.217711881,Metals
mp-1025271,218.9116662,79.33761493,212.3586212,0.338322442,Metals
mp-1025306,197.6170332,68.55930982,184.3581306,0.344515654,Metals
mp-12550,194.3405176,87.35135992,227.9077415,0.304546041,Metals
mp-10676,101.4617319,75.47918016,181.4443245,0.201949492,Metals
mp-21382,76.53507123,50.98661706,125.1653664,0.227433527,Metals
mp-20757,111.8409837,65.82979487,165.0972164,0.253970308,Metals
mp-27335,41.58675225,21.06245555,54.06066012,0.283341821,Composites
mp-7400,39.94263545,18.29324064,47.61126244,0.301334831,Composites
mp-27393,22.12680034,16.08844596,38.84948803,0.207372301,Composites
mp-4096,185.4229156,22.76978506,65.62319658,0.441014845,Metals
mp-3173,1.59E+14,-4.42E+14,-1.82E+16,19.61812277,Unknown
mp-21158,72.40152635,-2.08E+13,651.6137371,-1,Unknown
mp-13079,158.9335113,111.1025798,270.3188746,0.216528343,Metals
mp-16519,-9360468.578,-2158432.484,-6013109.386,0.392934324,Unknown
mp-30816,68.31373303,34.97756156,89.63463367,0.281316216,Metals
mp-30818,84.60282177,43.64219278,111.7169285,0.279918829,Metals
mp-30820,80.79240082,43.43175318,110.4954896,0.272058823,Metals
mp-31168,50.13518284,31.81581196,78.78233326,0.238100309,Metals
mp-3161,63.06853265,55.60910572,128.9328697,0.159278396,Metals
mp-5920,55.85252884,50.88469356,117.0943158,0.150584858,Metals
mp-999052,108.1881048,61.77648527,155.6949921,0.260147704,Metals
mp-10036,64.65940519,44.04045352,107.6750234,0.222455887,Metals
mp-10037,232.8316806,119.7344834,306.6399112,0.280499579,Metals
mp-10039,61.70245313,40.82677409,100.3478699,0.228946839,Metals
mp-1017627,99.4627131,75.73791628,181.2166962,0.196340651,Metals
mp-1018641,96.01971278,73.08561946,174.8853897,0.196441865,Metals
mp-10600,58.82874396,34.5319459,86.64295761,0.25453338,Metals
mp-10675,162.6487367,43.91785578,120.8742195,0.376139811,Metals
mp-3271,153.1585838,105.0652558,256.5355045,0.220838908,Metals
mp-4079,100.3580783,84.3930263,197.7488237,0.171594576,Metals
mp-4448,79.68404749,64.14981465,151.7320413,0.18263819,Metals
mp-4505,66.11677876,43.90495372,107.8436182,0.228148638,Metals
mp-4593,235.0767432,134.1363856,338.1014885,0.260289992,Metals
mp-5323,191.9641942,57.81372295,157.6179403,0.363153351,Metals
mp-570822,76.35492308,58.9941388,140.7366176,0.192801695,Metals
mp-571330,63.96491765,43.53190671,106.4477298,0.222640332,Metals
mp-978862,121.6030555,36.7703296,100.2104447,0.362653609,Metals
mp-10872,142.0574656,24.56263894,69.67232108,0.418258055,Metals
mp-10873,114.6286168,20.80256896,58.8478444,0.41443695,Metals
mp-10883,199.3033282,107.9241198,274.266609,0.270645569,Metals
mp-10884,187.7055779,111.5490873,279.3167628,0.251990355,Metals
mp-10887,134.1594438,60.76440379,158.3814747,0.303242234,Metals
mp-10891,145.342699,55.27901713,147.1780315,0.33122873,Metals
mp-10893,179.0731253,40.83992299,113.8637402,0.394024913,Metals
mp-10894,185.1605643,97.72469899,249.3129977,0.275588466,Metals
mp-10895,185.3858977,100.2065527,254.7243191,0.270996318,Metals
mp-10898,129.6872168,59.23774699,154.2304255,0.301791791,Metals
mp-10899,167.3012203,74.15644204,193.8307629,0.306904414,Metals
mp-11537,230.4758369,116.917556,300.0204418,0.283042736,Metals
mp-11947,71.27041648,40.06245203,101.2212318,0.263293017,Metals
mp-16482,138.4553211,39.11354203,107.2420244,0.370906581,Metals
mp-16497,106.6967619,54.92209277,140.6355847,0.28031888,Metals
mp-16501,156.9360018,9.328502294,27.44178054,0.470856718,Metals
mp-16524,129.9423667,43.40429745,117.1672102,0.349719003,Metals
mp-31169,93.14299512,38.89563556,102.4290984,0.31671712,Metals
mp-31185,204.2284192,138.2088792,338.3108429,0.22391139,Metals
mp-3340,203.1111378,106.1215569,271.142475,0.277508939,Metals
mp-3574,125.3809125,67.18448729,171.008832,0.272680933,Metals
mp-3623,188.1694878,114.1893672,284.9317972,0.24762841,Metals
mp-3736,127.3557177,51.59428716,136.3677785,0.321539515,Metals
mp-3909,162.7893634,79.40914304,204.9090167,0.290210478,Metals
mp-3944,151.4138676,8.223039492,24.23047924,0.473328644,Metals
mp-4771,134.4829872,70.41137829,179.8466451,0.277113511,Metals
mp-4813,181.8218056,58.52720047,158.5676524,0.354649216,Metals
mp-4922,158.5394156,77.73498259,200.44435,0.289280214,Metals
mp-4955,195.1767963,105.2270405,267.5916059,0.271496398,Metals
mp-5149,195.1570679,97.15759672,249.987878,0.28650711,Metals
mp-5221,172.0383778,90.50498417,231.0061468,0.276206769,Metals
mp-5407,179.9625123,100.8232769,254.8726951,0.263957604,Metals
mp-541047,148.8272581,-23.10739873,-73.1057403,0.581868672,Unknown
mp-5491,121.1180608,28.63071313,79.61854766,0.390439478,Metals
mp-5748,160.6449361,37.85635608,105.2978405,0.390755099,Metals
mp-5778,220.8993822,137.8188147,342.2748454,0.2417566,Metals
mp-5921,192.4089417,63.94714934,172.708242,0.350398288,Metals
mp-672259,230.2559829,74.28957639,201.22745,0.354345117,Metals
mp-7187,164.6444687,67.84542907,178.9554275,0.318846604,Metals
mp-861627,150.3369052,41.04074581,112.8529285,0.374888861,Metals
mp-861637,159.8152656,64.46517268,170.4739809,0.322217671,Metals
mp-861640,172.0003343,76.46263559,199.7833829,0.306411827,Metals
mp-861913,49.68254431,33.95578659,82.96614832,0.221679081,Composites
mp-861946,57.65003458,43.39260604,104.0676026,0.199139809,Metals
mp-861953,193.541725,66.52101371,179.0496919,0.345813014,Metals
mp-862287,199.2299466,103.1099998,263.8176943,0.279302176,Metals
mp-862288,238.3761616,80.90247328,218.0405016,0.34755152,Metals
mp-862296,151.9981951,-2.963681319,-8.949208246,0.509812845,Unknown
mp-862297,147.5850612,66.97867376,174.5331681,0.302901045,Metals
mp-862445,268.4516798,143.4909892,365.3738999,0.273159736,Metals
mp-862446,240.987944,132.5668837,336.0758198,0.267570793,Metals
mp-862486,123.1365284,54.62007259,142.7530692,0.306782126,Metals
mp-862543,109.0611896,46.65942953,122.5075666,0.312784659,Metals
mp-862546,110.7426345,41.71412184,111.1824372,0.332671434,Metals
mp-862548,76.17128207,55.78827054,134.5230112,0.205656761,Metals
mp-862555,50.30615316,35.36037624,85.9442806,0.21526253,Metals
mp-862602,146.3907013,94.12588976,232.5386493,0.235253392,Metals
mp-862632,29.04290057,22.36102414,53.38273488,0.193655857,Composites
mp-862700,270.5249578,140.6376825,359.5983124,0.278456478,Metals
mp-862705,220.9416619,109.0734563,280.9823476,0.288041826,Metals
mp-862717,97.73502819,43.90182333,114.553314,0.304653261,Metals
mp-862778,230.7591376,114.7473287,295.2957194,0.286721541,Metals
mp-862781,230.9307439,111.3202573,287.7276894,0.292342007,Metals
mp-862837,77.24749305,15.22860326,42.86875498,0.407507775,Metals
mp-862838,86.00456578,16.81690467,47.36363112,0.40821489,Metals
mp-863698,48.97377395,33.61687056,82.07185958,0.220694524,Composites
mp-864610,46.70046961,31.21839321,76.58906008,0.226665632,Composites
mp-864671,187.173886,19.02716068,55.21066861,0.450838344,Metals
mp-864674,65.57451537,45.64960524,111.1552848,0.217483527,Metals
mp-864780,123.457664,13.28222809,38.46718329,0.44806967,Metals
mp-864878,135.096051,24.27425955,68.7076164,0.415236091,Metals
mp-864909,195.9127675,81.31928358,214.3064753,0.317685461,Metals
mp-864950,228.5851435,111.6809436,288.1200911,0.289925039,Metals
mp-864980,218.9329456,133.8328595,333.5355774,0.246090006,Metals
mp-864988,193.9698308,104.6276228,266.0474089,0.271401384,Metals
mp-864989,255.7559574,129.1768298,331.687714,0.283851425,Metals
mp-864990,237.1820981,128.3260625,326.1564694,0.27081149,Metals
mp-865006,55.26160538,41.39818127,99.37866461,0.200278147,Metals
mp-865011,195.7958838,102.9030535,262.6892518,0.276391918,Metals
mp-865148,181.9844857,45.02425729,124.782111,0.385720926,Metals
mp-865149,178.5462972,27.73482204,79.10832,0.426155175,Metals
mp-865152,124.1707067,48.6810246,129.1635814,0.326631706,Metals
mp-865155,155.7449285,85.62343005,217.0877298,0.267688819,Metals
mp-865159,63.93316478,44.01144272,107.391615,0.220041976,Metals
mp-865278,260.7225879,129.3529997,332.9899346,0.287136501,Metals
mp-865356,58.55403664,45.32655547,108.0891414,0.192337917,Metals
mp-865441,158.1801259,32.223538,90.52363095,0.404619675,Metals
mp-865442,244.2287135,114.9020436,297.9765519,0.29665471,Metals
mp-865504,82.71007356,24.4479876,66.7656222,0.365462534,Metals
mp-865531,159.0927954,84.2616728,214.8534618,0.27491809,Metals
mp-865560,62.95318786,44.75658582,108.5461252,0.212627407,Metals
mp-865602,54.78925056,41.99967881,100.3558473,0.194721604,Metals
mp-865919,80.35858868,32.01797134,84.7923908,0.324137465,Metals
mp-865921,188.6455306,106.8174777,269.5721453,0.261835381,Metals
mp-865966,237.931486,125.5525424,320.315825,0.275624606,Metals
mp-865968,68.39699612,14.00346661,39.32652159,0.404170934,Metals
mp-866001,236.1081813,125.5213858,319.8787995,0.274200398,Metals
mp-866033,184.8316896,93.36936705,239.7392915,0.283821981,Metals
mp-866153,194.2917769,46.75832061,129.8577587,0.388605889,Metals
mp-866155,209.626812,92.01718797,240.8156472,0.308536223,Metals
mp-866178,42.61093307,29.6862781,72.27467477,0.217307783,Composites
mp-866296,161.4093842,51.37856941,139.3500981,0.356111115,Metals
mp-867120,201.1228629,111.3293361,281.9623035,0.266343236,Metals
mp-867272,87.13264411,63.35416358,152.9842077,0.207372957,Metals
mp-867277,55.44259125,42.50159071,101.5546111,0.194715414,Metals
mp-867306,134.7205205,32.6625281,90.66078548,0.387840911,Metals
mp-867812,117.4536191,50.31625661,132.0870646,0.312568476,Metals
mp-867820,119.1038277,30.58151183,84.51138965,0.381739891,Metals
mp-867873,53.80433993,38.05135227,92.37715409,0.213848504,Metals
mp-867878,214.4737544,124.983502,313.9636024,0.256020184,Metals
mp-867894,50.08747806,35.34396275,85.84084328,0.214363594,Metals
mp-867904,214.1136609,95.0460944,248.3851572,0.306656306,Metals
mp-867922,163.076636,82.83906184,212.5303874,0.282790888,Metals
mp-971985,92.52849545,24.25861886,66.9270037,0.379447941,Metals
mp-972504,56.30887536,34.2068665,85.33970158,0.247406008,Metals
mp-972877,117.5397792,54.76291785,142.2040128,0.298360445,Metals
mp-972884,81.23068036,44.68713368,113.2872943,0.267560537,Metals
mp-972907,78.73542579,41.27164961,105.3988995,0.276892256,Metals
mp-972914,72.98411371,47.33450391,116.7613118,0.233363637,Metals
mp-973058,54.5904237,38.38023149,93.28022619,0.215211876,Metals
mp-973153,157.1560436,21.32880087,61.21699974,0.435078327,Metals
mp-973538,67.89007515,47.22080976,114.9998002,0.217681365,Metals
mp-973841,51.61565055,36.00999592,87.64739509,0.216987018,Metals
mp-973874,36.57151798,24.71182551,60.50702825,0.224252499,Composites
mp-973910,112.1241986,29.71283605,81.90369997,0.3782545,Metals
mp-977435,179.0695369,17.21420212,50.03916176,0.453426694,Metals
mp-977436,188.5167203,76.08740033,201.1941512,0.322125282,Metals
mp-977580,64.5204523,52.34466023,123.6070216,0.180703257,Metals
mp-978519,56.28671995,32.41791986,81.59003411,0.258409461,Metals
mp-982870,214.6179474,-25.64942537,-80.14087552,0.562235301,Unknown
mp-983358,172.2867517,93.07102462,236.6072136,0.271111039,Metals
mp-1262424,-3160.903952,-1944.904341,-4841.683638,0.244709967,Unknown
mp-571039,63.38311275,30.84611429,79.62202144,0.290632925,Metals
mp-18300,38.02512018,23.25320602,57.94754712,0.246011992,Composites
mp-4499,67.86058978,39.67016982,99.6019607,0.255376031,Metals
mp-568424,66.48864962,31.52746067,81.67317245,0.295270388,Metals
mp-1025105,84.5472277,59.99616639,145.5582799,0.213063172,Metals
mp-29736,81.14134788,58.27533499,141.0571452,0.210264559,Metals
mp-31080,88.00699992,64.59188816,155.6872738,0.205161192,Metals
mp-567229,93.46286477,67.43641371,163.0854666,0.209179564,Metals
mp-571506,92.40056393,67.38923745,162.6311871,0.206655493,Metals
mp-10527,87.06664188,57.04716026,140.4636336,0.231118542,Metals
mp-1025358,134.5065407,86.25291403,213.1892299,0.23583784,Metals
mp-13504,88.89258182,65.65865298,158.0600406,0.203649736,Metals
mp-30750,89.17106008,65.88997222,158.6047032,0.203557217,Metals
mp-3602,92.62269581,60.66966648,149.390997,0.231183602,Metals
mp-30337,-8.15E+13,-4.19E+16,-7.29E+14,-0.991302849,Unknown
mp-196,124.1284404,7.60E+13,1117.155964,-1,Unknown
mp-1025457,126.6675611,85.55417459,209.4963184,0.224348896,Metals
mp-30183,119.7595468,86.0469534,208.2622211,0.210166153,Metals
mp-30178,101.1376381,58.26700718,146.6403973,0.258348458,Metals
mp-4817,97.18235851,62.91111491,155.2359522,0.233772064,Metals
mp-16528,112.8547495,73.66351488,181.5003848,0.231955773,Metals
mp-16529,112.5964205,41.01577218,109.7241549,0.337584898,Metals
mp-16718,107.8084703,70.32755157,173.2993991,0.232087533,Metals
mp-173,110.7902076,70.67952841,174.8551549,0.236957567,Metals
mp-570001,105.8306431,60.54176561,152.5381644,0.259776312,Metals
mp-17856,112.1343357,65.83588317,165.1808635,0.254489615,Metals
mp-997590,183.6039284,101.4667769,257.0485976,0.266663855,Metals
mp-2733,142.9422491,107.3160367,257.5059573,0.199755252,Metals
mp-10877,81.19891724,60.82290221,146.0115457,0.200300713,Metals
mp-10878,-212.4060313,38.72460951,123.6906792,0.597055216,Unknown
mp-10896,28.99560877,-4.265052826,-13.45486419,0.577338516,Unknown
mp-11029,104.6324793,61.1684964,153.5780716,0.255369027,Metals
mp-30177,116.6131433,79.86447515,195.0627546,0.221211022,Metals
mp-31081,157.7185926,100.5564014,248.7946607,0.237090117,Metals
mp-31411,119.1718678,88.32168426,212.4746928,0.202845567,Metals
mp-3701,128.9993347,87.27745305,213.6492599,0.223965941,Metals
mp-4656,124.0618522,86.22605393,210.0214598,0.217853828,Metals
mp-5544,125.0298842,78.24409773,194.2181764,0.241104327,Metals
mp-16488,108.6296161,73.09698786,179.1153296,0.225189538,Metals
mp-11486,108.2595682,77.04980491,186.8269814,0.21237803,Metals
mp-2856,123.5817735,87.81835579,213.0014618,0.21273884,Metals
mp-11227,92.96822883,58.36758893,144.7998719,0.24041334,Metals
mp-1648,98.03097047,77.45201233,183.9192491,0.187310979,Metals
mp-16719,96.93506809,75.40157578,179.6294212,0.191151639,Metals
mp-550,91.87526066,58.8811484,145.550012,0.235964446,Metals
mp-2151,49.76800155,21.17846939,55.64261622,0.313660001,Composites
mp-17017,122.8228516,76.46463797,189.9710907,0.242215328,Metals
mp-567929,147.9823545,81.71222117,207.0308755,0.266829322,Metals
mp-505572,112.2791003,69.1967735,172.2125498,0.24436835,Metals
mp-12766,48.99948566,1.690626242,5.014210396,0.482944684,Composites
mp-865235,128.389917,90.06668569,218.9918127,0.215720391,Metals
mp-978976,131.5443926,54.2398698,143.0572784,0.318746514,Metals
mp-684031,79.39389819,51.73572326,127.5104717,0.232325207,Metals
mp-1498,-2256240.403,63036.76156,190888.0152,0.514100744,Unknown
mp-1982,133.2523565,63.25170532,163.8326382,0.295084752,Metals
mp-17659,125538616.9,-521054569.3,4075861614,-4.911165792,Unknown
mp-10528,90.41518318,58.08012997,143.5112208,0.235458847,Metals
mp-13431,83.72844846,32.24335631,85.7258832,0.329357316,Metals
mp-604516,70.54818587,36.25221653,92.85216828,0.280641257,Metals
mp-1008530,204.0525365,91.013236,237.6994667,0.305851089,Metals
mp-998980,189.5471132,126.0612109,309.558166,0.227808951,Metals
mp-989528,23.76537051,14.54457542,36.24056522,0.245844728,Composites
mp-16723,59.53521027,34.92985675,87.64822892,0.254631955,Metals
mp-8462,116.6288658,70.28683636,175.5876505,0.249079199,Metals
mp-1009834,168.3341265,127.1449737,304.7162056,0.198302208,Metals
mp-7188,190.0123791,146.6763267,349.9764867,0.193023082,Metals
mp-998,110.8847077,49.80049466,129.9474953,0.304680769,Metals
mp-567705,109.693477,82.21460947,197.3416875,0.200161922,Metals
mp-669,89.16697862,9.52E+13,802.5028076,-1,Unknown
mp-1502,129.6751348,38.85673766,105.9842648,0.363782335,Metals
mp-16522,109.960158,31.3529984,85.89521262,0.369808583,Metals
mp-2647,104.2817798,40.54562947,107.6811152,0.3279004,Metals
mp-985806,96.230736,60.0172939,149.0626868,0.241831122,Metals
mp-1189,73.60466239,45.51437026,113.2084807,0.243656455,Metals
mp-1208,82.06433266,60.20331664,145.1221928,0.205267424,Metals
mp-1234,378976.6794,227395.9069,568485.6423,0.24999093,Unknown
mp-1638,47.88648443,32.49892635,79.50989333,0.223269539,Composites
mp-16720,80.850323,51.49793301,127.4366964,0.23729914,Metals
mp-20111,-1273583.283,-764143.956,-1910362.396,0.25000164,Unknown
mp-2088,74.27513291,50.51416218,123.5368743,0.22279445,Metals
mp-2322,79.8913183,61.3738155,146.5850925,0.194198953,Metals
mp-2358,40286919.99,6043076.757,17265928.32,0.428570992,Unknown
mp-2404,55.93265519,35.61362385,88.13500222,0.23737762,Metals
mp-2694,64.41635623,45.65630095,110.7932943,0.213340677,Metals
mp-400,72.10983036,47.81244846,117.4736885,0.228484341,Metals
mp-472,82.95804756,-9.996811259,-31.24550769,0.562773712,Unknown
mp-551,42.63120848,31.80249731,76.4076787,0.201284257,Composites
mp-756,79.49781105,56.83680653,137.6953996,0.211322451,Metals
mp-803,-16362213.72,-2454282.2,-7012241.641,0.428572811,Unknown
mp-813,91.01850897,31.48136606,84.68098146,0.344938166,Metals
mp-858,83.14372288,61.24000108,147.5048205,0.204317585,Metals
mp-11809,109.3321673,83.38089869,199.4419946,0.195969327,Metals
mp-10910,167.3649897,105.8671095,262.2960128,0.238798406,Metals
mp-22318,44.98175463,34.28069157,82.00899722,0.196139772,Composites
mp-15397,197.2842992,88.24607307,230.3871773,0.305367872,Metals
mp-571216,46.33937921,33.52193096,81.02737729,0.208572641,Composites
mp-12863,46.92817279,23.06277343,59.44952914,0.2888634,Composites
mp-30175,62.30850876,40.75459861,100.3786536,0.231500947,Metals
mp-31059,44.74627035,21.77165639,56.20009958,0.290671196,Composites
mp-3286,72.03531043,53.02352441,127.7307022,0.204472012,Metals
mp-9690,59.20060407,16.17827881,44.48276837,0.374768259,Metals
mp-10521,-9.83E+14,2.32E+15,3.29E+16,6.08553105,Unknown
mp-12760,105.4569151,4.47E+12,949.1122356,-1,Unknown
mp-10897,50487.65591,-3.99E+12,454388.9204,-1.000000057,Unknown
mp-18093,225.3798809,87.18138741,231.6723494,0.328680102,Metals
mp-11512,135.91622,65.92884564,170.2576002,0.291222367,Metals
mp-30817,104.8193991,68.47267398,168.6867937,0.231781847,Metals
mp-30819,124.3781802,73.26295882,183.717027,0.253819324,Metals
mp-30821,119.3424793,66.81558546,168.9222482,0.264093153,Metals
mp-862318,103.8462534,77.09481893,185.4036213,0.202438918,Metals
mp-862691,179.5092349,121.1295566,296.6614297,0.224562518,Metals
mp-862694,211.6494522,100.5000834,260.2998088,0.29502285,Metals
mp-862695,185.3448621,113.1642244,282.0830897,0.246343936,Metals
mp-862715,180.5324735,83.90060335,217.9400188,0.298798877,Metals
mp-865989,218.5348393,127.1857373,319.5627825,0.256283877,Metals
mp-866031,203.2287525,112.0114469,283.8799657,0.267191763,Metals
mp-866284,233.3108035,131.0406086,331.1283288,0.263456925,Metals
mp-867125,201.0680118,98.73430572,254.5391589,0.289010729,Metals
mp-867319,199.8476955,101.4229257,260.2440611,0.282964672,Metals
mp-867326,200.1278224,119.9400248,299.9069532,0.250237165,Metals
mp-867330,163.4959635,99.64781566,248.4651228,0.246716354,Metals
mp-867775,180.4861331,89.28255825,229.9333371,0.287672204,Metals
mp-971922,65.04604781,46.00821905,111.6909874,0.213815594,Metals
mp-972415,65.87227381,46.01696928,111.9761816,0.216683578,Metals
mp-972984,67.46173136,47.02730402,114.4805909,0.217171527,Metals
mp-978515,61.45845299,43.74208065,106.063287,0.212371307,Metals
mp-979715,65.61613645,46.12818032,112.1127628,0.215230712,Metals
mp-980662,66.27174931,45.45192267,110.9834193,0.220888059,Metals
mp-982666,115.8499225,72.8766036,180.7325732,0.239990369,Metals
mp-982667,135.9997368,79.36858344,199.3298682,0.255722728,Metals
mp-982869,60.62238261,42.97643751,104.2858586,0.213291103,Metals
mp-984352,203.0034401,112.4116933,284.6872428,0.266270592,Metals
mp-27719,188.4454782,44.16339224,122.8901483,0.391312375,Metals
mp-8439,39.38183662,23.1698374,58.1128442,0.254062409,Composites
mp-12781,95.7296114,68.72749877,166.3686245,0.210349769,Metals
mp-13094,94.81231969,60.35039077,149.3605984,0.237445164,Metals
mp-16493,96.17198643,48.46997327,124.4950559,0.284249273,Metals
mp-16503,98.64760992,59.91523392,149.4822151,0.24744748,Metals
mp-16516,91.9576634,57.63819827,143.0310825,0.240766426,Metals
mp-16517,101.5627517,62.52480851,155.6364141,0.244597287,Metals
mp-29111,174.4599496,106.8327324,266.1678027,0.245722153,Metals
mp-3034,76.4619421,50.85415019,124.8774862,0.227800344,Metals
mp-31182,94.55150913,60.50005271,149.5936552,0.236310123,Metals
mp-569385,93.69686529,58.64586085,145.5669503,0.241067555,Metals
mp-10669,33.24528347,22.18610716,54.44672089,0.227045387,Composites
mp-10670,46.9042931,34.87656849,83.84756203,0.202061523,Composites
mp-10671,40.79635639,30.394565,73.04373676,0.201592073,Composites
mp-7068,43.69284686,32.26172776,77.66890983,0.203731406,Composites
mp-7376,36.82292696,25.72505875,62.59789472,0.21667156,Composites
mp-7377,31.66612814,21.07718538,51.74987025,0.22762763,Composites
mp-9577,51.22875464,36.32997733,88.151704,0.213208904,Metals
mp-9578,35.19073556,23.18399589,57.02837356,0.229908205,Composites
mp-989399,42.03493795,24.76623252,62.10219688,0.253767541,Composites
mp-571247,136.235166,101.1778409,243.3023597,0.202350029,Metals
mp-985825,64.10466752,24.11909435,64.29385763,0.332841455,Metals
mp-1038916,65.23564543,27.58775659,72.53797998,0.314677034,Metals
mp-16521,202.498957,117.6663307,295.7207186,0.256607208,Metals
mp-1842,126.2354379,105.4641034,247.4743629,0.173263484,Metals
mp-2554,122.0563074,101.1741094,237.8134182,0.175268157,Metals
mp-2614,106.5776146,87.07940978,205.3193857,0.178920403,Metals
mp-395,102.817969,85.30757889,200.4776263,0.175028227,Metals
mp-542915,106.2688612,89.70999151,210.0291958,0.170600912,Metals
mp-568718,106.1806881,83.91532057,199.2550798,0.187238983,Metals
mp-867347,143.2250756,42.93219849,117.0965656,0.363738286,Metals
mp-867780,106.002111,89.42256476,209.3882545,0.170779741,Metals
mp-869,132.4389361,105.0915485,249.3268955,0.186236663,Metals
mp-975906,62.53495359,40.66632688,100.2649612,0.232776217,Metals
mp-999204,82.76699194,68.99197327,161.9712099,0.173840972,Metals
mp-16724,101.8287566,48.77522398,126.1793463,0.293477876,Metals
mp-567305,69.36160814,-4.71E+13,624.2544733,-1,Unknown
mp-862617,59.02114492,-9.75E+11,531.1903044,-1,Unknown
mp-1007730,103.9757055,59.39189299,149.6767587,0.260077353,Metals
mp-1723,88.37589973,65.15252757,156.9007618,0.204103415,Metals
mp-1877,76.78623688,59.48726838,141.8347478,0.192143728,Metals
mp-2121,86.50006824,67.09861553,159.9403003,0.191830108,Metals
mp-2134,76.71500354,59.68917796,142.1899179,0.191086247,Metals
mp-2573,95.50414963,56.11691339,140.777727,0.254325287,Metals
mp-2805,80.49046593,23.29053609,63.72515364,0.368048236,Metals
mp-567589,75.98019222,59.2283991,141.0377504,0.190626056,Metals
mp-569775,102.5922643,59.81803083,150.2518575,0.255907754,Metals
mp-570409,67.03288873,50.7912523,121.6490102,0.197538993,Metals
mp-768,77.93782729,59.65446173,142.5847461,0.195088699,Metals
mp-973865,93.65428894,66.77894845,161.8649582,0.211945995,Metals
mp-983585,78.65462294,33.52663481,88.06701185,0.313388778,Metals
mp-983594,61.75068213,-6.504863842,-20.22475523,0.55458713,Unknown
mp-998981,102.7485116,66.47248619,164.0421269,0.23390997,Metals
mp-1482,107.6932007,70.79813566,174.2172606,0.230380285,Metals
mp-846,114.2381721,70.59271992,175.60653,0.243800566,Metals
mp-1501,200.3129094,65.92703593,178.2282639,0.351708456,Metals
mp-16523,157.3394122,51.30207513,138.8185084,0.352952177,Metals
mp-622209,113.0618404,63.44651445,160.3459524,0.263630901,Metals
mp-16514,172.8504153,84.3379332,217.6197974,0.290165582,Metals
mp-12004,89.74291805,67.72023467,162.3293289,0.19852899,Metals
mp-12005,90.47434387,67.72840034,162.6092006,0.200450622,Metals
mp-3194,87.02354771,66.76223542,159.4988869,0.194529257,Metals
mp-3513,87.79222192,67.15956313,160.5415104,0.195224499,Metals
mp-9177,86.32250473,66.65112019,159.0247586,0.192963886,Metals
mp-1025102,-58597088.56,2.74E+12,-527407583.5,-1.000096098,Unknown
mp-1025136,-272,3.46E+16,-2448,-1,Unknown
mp-4785,2511997498,-7.87E+12,22629655645,-1.001438309,Unknown
mp-4054,96.57083625,61.37167095,151.9305778,0.237790787,Metals
mp-542090,24.09717632,28.68828972,61.61390527,0.07385114,Composites
mp-732195,112.6940501,38.57350481,103.8695154,0.346384207,Metals
mp-568404,31.64141114,29.61664757,67.720837,0.143290051,Composites
mp-1749,57.28542732,13.44051305,37.39681413,0.391197419,Metals
mp-1834,71.46851275,23.77934435,64.21595363,0.350246514,Metals
mp-1891,72.37043158,21.24176957,58.04617751,0.366321608,Metals
mp-1903,51.06012622,29.9578371,75.17195925,0.254629281,Metals
mp-21109,71.01122729,27.27979663,72.54918308,0.329723679,Metals
mp-2775,54.39129759,22.10205951,58.39633872,0.321061024,Metals
mp-593,129.4234326,28.45454788,79.53489617,0.397577929,Metals
mp-30180,112.2319451,76.03435732,186.0812602,0.223665634,Metals
mp-30336,117.1617287,78.67967639,192.8661063,0.225641202,Metals
mp-10021,43.69779447,24.75152946,62.46136011,0.261767686,Composites
mp-567540,49.51402938,15.98840987,43.30416215,0.354236053,Composites
mp-142,50.19385133,30.62154181,76.34040684,0.246514746,Metals
mp-2767,116.3440507,84.33826578,203.7755592,0.208084831,Metals
mp-972069,116.4998915,68.19099235,171.1749736,0.255114259,Metals
mp-978280,40.65778201,19.87400734,51.26847522,0.289837383,Composites
mp-30572,119.1826044,65.45059534,165.9702502,0.267904817,Metals
mp-568411,72.51964512,33.11463495,86.22031491,0.301846073,Metals
mp-569833,107.0764078,57.43270312,146.1651779,0.272490846,Metals
mp-30682,113.8502867,79.66535121,193.7943163,0.216302403,Metals
mp-1018059,-1.02E+16,3.64E+16,-5.82E+17,-8.990554966,Unknown
mp-8883,1.10E+11,-8.84E+15,9.90E+11,-1.000055972,Unknown
mp-578,83.8791344,3.15E+11,754.912209,-0.999999999,Unknown
mp-30671,1.37E+11,9.45E+15,1.24E+12,-0.999934595,Unknown
mp-1025551,167.1584108,52.02952296,141.416222,0.358999794,Metals
mp-1078526,133.4781176,19.90405761,56.88465458,0.428971311,Metals
mp-1018126,36.14097049,21.2894132,53.3856787,0.25380813,Composites
mp-1156,44.79339427,30.0373707,73.64956988,0.225965658,Composites
mp-2534,60.74199921,42.33886767,103.0692275,0.217193955,Metals
mp-11388,215.7021779,43.43706606,122.1142703,0.40564593,Metals
mp-11407,215.3956599,79.59443073,212.596592,0.335499168,Metals
mp-11478,65.38646857,7.734974664,22.32461773,0.443095724,Metals
mp-22320,204.3431527,91.68979415,239.2805843,0.304837613,Metals
mp-2444,179.772852,59.07449403,159.7276446,0.351917162,Metals
mp-815,94.41199277,18.81549579,52.93030308,0.406561477,Metals
mp-978281,41.63159042,12.79059617,34.80715372,0.36065408,Composites
mp-22568,168.6675475,53.41139664,144.9354465,0.356783904,Metals
mp-2670,166.1286999,-11.15260676,-34.22365824,0.534334483,Unknown
mp-672661,169.9315193,80.03974169,207.5353608,0.296451965,Metals
mp-999550,184.6231123,86.91014813,225.3670751,0.296552129,Metals
mp-1307,42.17232813,25.94353308,64.58650983,0.244751623,Composites
mp-1869,152.1262242,47.51864699,129.1125961,0.358546637,Metals
mp-1018276,46.26091627,23.92294719,61.21652381,0.27945197,Composites
mp-11411,77.06670914,49.1986627,121.6988534,0.236810583,Metals
mp-1448,45.02251692,20.43101405,53.23972663,0.302914444,Composites
mp-29210,33.36634717,32.61037907,73.79131807,0.131408468,Composites
mp-30604,68.56928968,44.48182762,109.7198897,0.233311394,Metals
mp-6914,37.9366645,28.99082639,69.31568949,0.195476261,Composites
mp-1025144,67.73193373,19.02903997,52.19876863,0.371555494,Metals
mp-1018709,93.33864863,64.09046554,156.4604878,0.220622182,Metals
mp-1071448,89.26889609,49.73374298,125.833069,0.265067352,Metals
mp-21875,98.26617806,31.0885436,84.36839974,0.356904988,Metals
mp-3839,46.02881731,26.54671029,66.79834703,0.258128527,Composites
mp-4840,55.60310053,30.73422411,77.85759276,0.266626945,Metals
mp-4899,40.23337149,18.12379066,47.27306017,0.304171436,Composites
mp-5518,49.46424113,20.14490617,53.21109885,0.320708531,Composites
mp-1025270,214.2699315,72.72706024,196.0052777,0.347540222,Metals
mp-1025301,163.2861235,64.43341638,170.8301427,0.325633129,Metals
mp-1025346,152.0938804,60.47169435,160.1854621,0.324466462,Metals
mp-20551,153.9631653,33.08410033,92.61826413,0.399739803,Metals
mp-644280,189.0986367,73.06333079,194.180982,0.328853885,Metals
mp-7263,80.46568993,54.32186236,133.0297486,0.224458651,Metals
mp-1018060,180.4235753,73.15543429,193.335982,0.32140547,Metals
mp-601285,158.3811203,73.42878454,190.8000603,0.29921843,Metals
mp-20408,22.44416811,13.82043918,34.40040769,0.244548283,Composites
mp-12952,1.35E+16,-5.91E+16,3.91E+17,-4.306109544,Unknown
mp-1018690,350.2222222,-6.27E+16,3152,-1,Unknown
mp-11390,58.68835068,47.19336019,111.6522509,0.182923301,Metals
mp-2885,89.18779121,-9.81752633,-30.57442624,0.557134924,Unknown
mp-2988,81.5625511,42.31407002,108.2264982,0.278847652,Metals
mp-30381,59.89128173,33.41710065,84.52980878,0.264768743,Metals
mp-31441,95.63482996,49.46838114,126.5800712,0.279403816,Metals
mp-3201,67.60424711,34.87298439,89.26937713,0.279921674,Metals
mp-3726,82.35064618,37.80943848,98.37305957,0.300906117,Metals
mp-4139,-1236032.444,-741636.6929,-1854084.554,0.249995161,Unknown
mp-4474,38.55176803,26.53966641,64.75868686,0.220035811,Composites
mp-10601,78.79830809,64.81758856,152.6086894,0.177216654,Metals
mp-10602,67.54120557,48.89177153,118.1632779,0.208416818,Metals
mp-3000,295.5629649,116.700017,309.381361,0.3255412,Metals
mp-30207,41.38492844,27.64689839,67.83511191,0.226812335,Composites
mp-627439,227.9863626,135.2397638,338.7399725,0.252368249,Metals
mp-1007821,198.722241,89.70382985,233.9148607,0.30381758,Metals
mp-1018074,167.7499502,63.56802804,169.316822,0.33177658,Metals
mp-11360,107.9054004,51.21312727,132.6531516,0.295108878,Metals
mp-11400,128.4728009,53.31122284,140.4996961,0.317730945,Metals
mp-20145,182.71801,91.94279786,236.2087093,0.284541665,Metals
mp-20228,157.3384586,67.25516991,176.6023078,0.312927378,Metals
mp-21171,186.1806423,101.7063145,258.1176472,0.268936194,Metals
mp-21175,192.9989862,56.91737003,155.4689806,0.365742835,Metals
mp-21235,187.2356009,89.77807066,232.2185292,0.293292045,Metals
mp-21883,222.8509775,123.2743396,312.2477243,0.266474942,Metals
mp-22580,152.1613928,-0.735598273,-2.210356682,0.502421066,Unknown
mp-22790,199.273757,96.19329873,248.5815253,0.292093777,Metals
mp-30551,190.3035221,99.36724217,253.9087873,0.277628229,Metals
mp-30555,195.8742309,96.38743492,248.4149361,0.288627176,Metals
mp-30570,204.5976432,106.0562674,271.2926013,0.279003155,Metals
mp-30648,38.32074551,31.10883365,73.45070632,0.180544201,Composites
mp-30657,166.3681399,59.24025337,158.8646245,0.340850313,Metals
mp-30658,167.9690053,66.37437769,175.9474269,0.325416772,Metals
mp-30661,127.5312926,38.85954845,105.8296676,0.36169451,Metals
mp-3498,128.2416496,23.33515695,66.00216686,0.414221619,Metals
mp-3539,186.5632895,52.81101287,144.772635,0.370667093,Metals
mp-3576,172.8361945,79.30737912,206.3589434,0.301007206,Metals
mp-4364,193.7627784,88.08793994,229.487482,0.302604432,Metals
mp-567981,199.8357186,96.6522397,249.7001823,0.291745453,Metals
mp-631316,35.29991903,32.39015268,74.41127065,0.148671193,Composites
mp-636320,190.3071811,105.2952443,266.6984514,0.26643161,Metals
mp-861900,85.1182942,32.71013271,86.98757211,0.329673176,Metals
mp-861901,86.8147487,51.05324873,128.0574492,0.254155734,Metals
mp-861909,160.2804677,52.97166309,143.1454403,0.351151087,Metals
mp-861947,41.03760866,27.61739998,67.67168568,0.22516395,Composites
mp-862291,200.600572,91.75495292,238.8483476,0.301555611,Metals
mp-862339,81.20961864,43.29401605,110.2840446,0.273663829,Metals
mp-862340,85.08926552,48.23859049,121.7149875,0.261593532,Metals
mp-862613,33.10350633,21.19281664,52.39696332,0.236196307,Composites
mp-862666,141.6698267,47.90585751,129.1591241,0.348051479,Metals
mp-862730,148.8726185,60.72942833,160.3803622,0.320450123,Metals
mp-862791,185.7967472,20.67314365,59.80144475,0.446355856,Metals
mp-862875,100.2997446,11.69287661,33.76647229,0.443890731,Metals
mp-862903,66.06680182,12.16174729,34.37590667,0.413279928,Metals
mp-862905,80.39447456,-2.234275051,-6.765499387,0.514025631,Unknown
mp-863705,48.40336976,30.26185218,75.12870133,0.241310362,Composites
mp-863711,145.1221829,52.81054926,141.2926579,0.33773138,Metals
mp-864948,173.1794039,33.61284648,94.71097211,0.408850812,Metals
mp-864949,188.3511408,89.77702246,232.4058733,0.29435053,Metals
mp-865010,197.2024904,79.22795379,209.6125859,0.322844879,Metals
mp-865019,183.3930057,3.140808047,9.368939657,0.491485553,Composites
mp-865092,116.9818397,57.55844537,148.3452812,0.288649131,Metals
mp-865123,120.3031422,42.69610589,114.5382745,0.341319918,Metals
mp-865125,155.2842235,81.19794625,207.4375512,0.27735713,Metals
mp-865156,65.86172441,42.23765066,104.3962379,0.235819657,Metals
mp-865170,193.2864056,50.32205679,138.9110229,0.380220044,Metals
mp-865183,68.64987721,22.85251764,61.71009675,0.35018158,Metals
mp-865186,187.2563377,96.60931023,247.2990754,0.279892563,Metals
mp-865195,147.2937984,56.06582143,149.259455,0.331109143,Metals
mp-865421,191.6200427,-49.48988453,-162.4554971,0.641300022,Unknown
mp-865448,212.6743583,88.71798125,233.6628104,0.316885298,Metals
mp-865471,229.7784967,86.90837154,231.5342942,0.33205979,Metals
mp-865578,43.60797821,26.68082664,66.48352771,0.245904571,Composites
mp-865586,236.903836,112.1216482,290.5308752,0.295605621,Metals
mp-865607,115.5575798,18.84596351,53.62282486,0.422660742,Metals
mp-865609,149.693688,60.47014591,159.8818545,0.321989984,Metals
mp-865615,228.8281342,92.07640364,243.5609952,0.322602674,Metals
mp-865696,143.6340935,49.84887068,134.0401911,0.344465675,Metals
mp-865780,160.2065435,79.12331188,203.8161487,0.287965227,Metals
mp-865806,94.23365479,31.56167939,85.1757348,0.349353654,Metals
mp-865895,203.8056174,76.97138147,205.0947306,0.332279132,Metals
mp-865963,66.91557607,32.27078702,83.40473768,0.292263768,Metals
mp-865998,212.9252976,-19.27611392,-59.62770593,0.546673416,Unknown
mp-866037,173.6418049,81.66925779,211.8020317,0.296705991,Metals
mp-866140,155.6291566,29.71477048,83.81025828,0.410245762,Metals
mp-866142,227.6362492,-32.77328214,-103.2761428,0.575614892,Unknown
mp-866156,138.3058714,45.07469666,121.9734667,0.353014837,Metals
mp-866157,193.3962469,38.21172298,107.5517213,0.407313161,Metals
mp-867116,238.1423661,108.7492608,283.1474129,0.301836035,Metals
mp-867145,54.04582271,36.26848267,88.91588075,0.225800946,Metals
mp-867156,167.5936367,63.34237134,168.7653705,0.33216808,Metals
mp-867170,151.6405378,8.220158471,24.22278435,0.473376969,Metals
mp-867197,117.7282245,45.11751214,120.0205349,0.330088132,Metals
mp-867198,117.4773211,30.34889193,83.82801351,0.381072062,Metals
mp-867242,78.56859374,53.87300159,131.5515364,0.220941218,Metals
mp-867507,222.5603652,126.9098177,319.9204195,0.260424234,Metals
mp-867788,268.8797817,122.4908201,319.0271459,0.302249204,Metals
mp-867805,28.54814539,22.43461405,53.3331816,0.18863604,Composites
mp-867915,149.3316796,87.91964841,220.4878906,0.25391704,Metals
mp-867916,192.6273791,95.50193345,245.8724396,0.287264198,Metals
mp-867923,151.3493067,15.64521581,45.37224726,0.450035838,Metals
mp-867928,163.0214097,75.92111973,197.1571686,0.298434278,Metals
mp-972183,146.2264094,-20.14424885,-63.34139779,0.572195575,Unknown
mp-972244,68.8358266,44.90062145,110.6445751,0.232105164,Metals
mp-972626,82.05388585,-1.971073487,-5.960951179,0.512107798,Unknown
mp-972869,107.132803,40.17738324,107.1389235,0.333323812,Metals
mp-972898,90.14441611,38.76785307,101.7213366,0.311928938,Metals
mp-972899,118.5551732,49.02432962,129.2564938,0.318289254,Metals
mp-973636,68.94044309,44.54619058,109.9557614,0.23417693,Metals
mp-973847,47.14477852,27.1241164,68.27806028,0.258622756,Composites
mp-976125,75.21585135,-5.161161864,-15.84592417,0.535112112,Unknown
mp-976344,54.93551708,27.33902075,70.34744039,0.286575716,Metals
mp-976596,56.06804145,39.49022639,95.9451077,0.214795615,Metals
mp-976793,54.25414758,37.61644293,91.66451022,0.21841013,Metals
mp-977356,216.9008265,94.42323622,247.3734269,0.309918177,Metals
mp-977362,177.6340813,84.35993321,218.4919117,0.294998131,Metals
mp-977401,233.2211875,106.4802455,277.2471135,0.301871122,Metals
mp-977421,132.5529721,44.34028504,119.6765264,0.349523648,Metals
mp-977546,56.62812976,30.10825425,76.72665798,0.274179787,Metals
mp-978808,58.62802206,32.58822353,82.48217456,0.265521186,Metals
mp-979422,85.92505029,-4.822814466,-14.74430018,0.52859915,Unknown
mp-984721,189.3560964,101.5178977,258.3794272,0.272580663,Metals
mp-29374,21.97507317,14.47268402,35.60222949,0.229980198,Composites
mp-31152,82.41417907,26.00538844,70.59125741,0.357242896,Metals
mp-30472,54.53779754,27.44136125,70.49980367,0.284553689,Metals
mp-998964,192.5949836,113.4609172,284.5124151,0.25379039,Metals
mp-11359,72.40956638,33.54169368,87.16601353,0.299368099,Metals
mp-11393,168.0264469,101.6715547,253.8198324,0.248234244,Metals
mp-30670,74.31975678,27.09334446,72.47329507,0.337474138,Metals
mp-30684,111.2236241,69.32779805,172.2040435,0.241955235,Metals
mp-571342,105.6651654,67.9977136,167.9637595,0.235069171,Metals
mp-21200,59.43674045,-2.86E+16,534.9306641,-1,Unknown
mp-2422,-1.09E+12,-1.73E+16,-9.80E+12,-0.999716743,Unknown
mp-22095,101.8975862,21.24524033,59.5940161,0.402526288,Metals
mp-2776,65.97462222,11.99780925,33.93626869,0.414269387,Metals
mp-11413,75.05525526,52.20926456,127.1463299,0.21766061,Metals
mp-30683,99.8184943,63.81030776,157.8046737,0.236513968,Metals
mp-11412,80.76238742,50.49542597,125.3598468,0.241299032,Metals
mp-1956,76.46688806,51.72449107,126.6229548,0.224013539,Metals
mp-22317,49.65108579,33.1854919,81.4173887,0.22670155,Composites
mp-13570,69.4944696,51.67855787,124.2393965,0.202040088,Metals
mp-12783,43.81847236,28.35773334,69.97755168,0.23383542,Composites
mp-22167,109.9578154,1.65E+13,989.6203384,-1,Unknown
mp-568687,-238907.8119,-1.67E+13,-2150170.214,-0.999999936,Unknown
mp-20363,103.6878291,45.05213596,118.0577903,0.310235217,Metals
mp-20567,115.2459195,59.45758568,152.1986816,0.279892884,Metals
mp-4913,103.8959838,47.92645984,124.6176428,0.3000923,Metals
mp-5159,83.37087405,35.37235169,92.96886818,0.314145989,Metals
mp-5419,121.949075,55.60349425,144.8025817,0.302099658,Metals
mp-865743,198.4154358,50.19516792,138.8746594,0.383346895,Metals
mp-865779,188.3255643,88.72850923,230.0557172,0.296402471,Metals
mp-867223,90.5202547,52.96760828,132.9676423,0.25517884,Metals
mp-867292,199.112004,92.78822449,240.9381313,0.298322781,Metals
mp-973067,128.7671352,50.79161175,134.6683903,0.325695185,Metals
mp-1025504,100.7544111,59.39640253,148.9246814,0.253650684,Metals
mp-1025552,104.2435159,60.83670333,152.7877149,0.255719874,Metals
mp-11392,101.0558781,52.6226587,134.518737,0.278144627,Metals
mp-11401,102.1027335,64.38010497,159.5962469,0.239484208,Metals
mp-11444,93.58547655,54.84879895,137.6541691,0.254851262,Metals
mp-982511,98.45754325,51.4117259,131.3693922,0.277620912,Metals
mp-980004,95.93862792,41.48208156,108.7695937,0.311043101,Metals
mp-33880,23.2803341,14.53187124,36.08697002,0.241649111,Composites
mp-568631,93.4855563,3.18E+12,841.3700066,-1,Unknown
mp-31467,151.5573027,51.23808322,138.1462165,0.348081425,Metals
mp-636368,103.7313656,68.72405052,168.8773146,0.228662407,Metals
mp-11387,100.7693282,73.57755482,177.5254431,0.206383139,Metals
mp-11416,125.9699144,79.56475601,197.1801482,0.239117406,Metals
mp-1973,123.1951962,88.21641942,213.6525183,0.210956643,Metals
mp-2731,97.95115019,75.01809244,179.28457,0.194942207,Metals
mp-30685,97.67072415,75.62534621,180.3328136,0.192277607,Metals
mp-570293,164.9506747,73.83651832,192.7495341,0.305245281,Metals
mp-30668,175.0780478,-1.85E+13,1575.70243,-1,Unknown
mp-11418,72.03338394,43.5602253,108.7578868,0.248362308,Metals
mp-1603,76.09773851,44.08169362,110.8422756,0.257237035,Metals
mp-20821,97.89779185,-9.548562197,-29.60831236,0.550406844,Unknown
mp-2688,69.3796458,43.86454158,108.6880123,0.238905143,Metals
mp-398,73.64578582,44.74114189,111.6197549,0.247395017,Metals
mp-495,68.97821808,43.85552563,108.5596099,0.237695916,Metals
mp-863257,39.26893435,20.38653039,52.1372177,0.278717288,Composites
mp-932,73.06508148,45.64781629,113.340152,0.241463022,Metals
mp-973875,49.12174429,-13.33201906,-43.974386,0.649202038,Unknown
mp-979423,69.46135433,42.75005479,106.4183973,0.244658023,Metals
mp-983237,43.0850378,3.971165366,11.5583825,0.45528849,Composites
mp-11441,116.7142945,65.7733858,166.1157641,0.262788604,Metals
mp-30686,110.887566,67.92449515,169.2211798,0.245656515,Metals
mp-2408,145.5502987,40.17842014,110.3787617,0.37360754,Metals
mp-30673,107.8097084,72.51079945,177.694415,0.225296207,Metals
mp-570845,130.3088666,67.30331061,172.2540614,0.279684906,Metals
mp-11431,93.75689407,40.55673409,106.3373071,0.310969799,Metals
mp-1827,48.22291582,25.20141855,64.3878394,0.277464585,Composites
mp-1976,51.33578873,5.804337789,16.78057526,0.445520219,Metals
mp-335,47.99289943,30.54846519,75.60418961,0.237446614,Composites
mp-454,39.26084127,24.07050517,59.95821595,0.245470661,Composites
mp-30655,135.1447827,67.63980283,173.906137,0.285531076,Metals
mp-1025165,131.9981001,90.9129649,221.81441,0.219927269,Metals
mp-1025167,133.6711509,89.03691389,218.5795748,0.227466032,Metals
mp-1025172,97.09079182,62.8257761,155.0367854,0.233862875,Metals
mp-1025236,97.21116134,69.13287662,167.6552794,0.212558248,Metals
mp-1025238,97.19308428,64.69867242,158.8489426,0.227605889,Metals
mp-1025304,113.524398,72.90117972,180.1431179,0.235529512,Metals
mp-1025335,98.70541167,65.3146192,160.5345994,0.228933134,Metals
mp-1025364,95.46628964,61.99628675,152.8924795,0.233077718,Metals
mp-1025365,118.5888767,83.75821864,203.3904063,0.214151934,Metals
mp-11435,98.50229429,63.63056131,157.0702454,0.234235894,Metals
mp-11436,115.1143288,78.65374078,192.189109,0.221741694,Metals
mp-11445,94.68835889,62.34134889,153.3660932,0.230051129,Metals
mp-11285,70.01215776,36.3039147,92.86109686,0.278940544,Metals
mp-20405,113.5637332,79.05322866,192.4938426,0.217495135,Metals
mp-27668,51.11678776,26.01101448,66.71667953,0.28246977,Metals
mp-1025155,87.49547199,50.32865237,126.6939056,0.258665786,Metals
mp-1025176,91.93841137,33.87059724,90.49842545,0.335943751,Metals
mp-1025191,84.75449893,44.63608871,113.9111115,0.275997906,Metals
mp-1025193,104.0960975,52.8988578,135.7087233,0.282718843,Metals
mp-1025225,86.19917214,53.21963941,132.4090062,0.243986315,Metals
mp-1025229,109.0960132,52.41421449,135.5368212,0.292939544,Metals
mp-1025241,90.40494803,55.97871872,139.2043841,0.243368796,Metals
mp-1025242,93.09254583,51.43742321,130.3114712,0.266699059,Metals
mp-1025257,97.47168396,52.3301118,133.1602062,0.27230959,Metals
mp-1025288,92.19995434,54.70244941,137.0110269,0.252329908,Metals
mp-1025313,101.9520213,35.1524763,94.58647015,0.345374211,Metals
mp-1025325,100.2533067,72.55345908,175.3580807,0.208474985,Metals
mp-1025375,85.96160279,53.55472087,133.0365702,0.242062026,Metals
mp-19988,90.97902392,54.01496734,135.2738499,0.252188574,Metals
mp-21251,66.23799749,52.65742259,124.88015,0.185779173,Metals
mp-4732,105.6441603,75.40893936,182.7454941,0.211696489,Metals
mp-4856,86.14548986,53.87454395,133.7430926,0.241245706,Metals
mp-1104008,61.62479914,47.36124967,113.1077326,0.194095737,Metals
mp-644739,60.7001999,47.06358933,112.1943338,0.191944085,Metals
mp-711,273172360.1,40749313.8,116457270.3,0.428947625,Unknown
mp-21493,92.10637097,58.59893657,145.0385209,0.2375525,Metals
mp-21468,50.8420896,29.40332401,73.95354266,0.257571128,Metals
mp-2313,39.00548627,14.24431332,38.09559572,0.337221208,Composites
mp-23313,33.71689795,15.97164768,41.38091564,0.295449176,Composites
mp-1007664,143.5485087,52.40875476,140.1680722,0.337258181,Metals
mp-864758,13.55952242,6.976810695,17.866189,0.280398006,Composites
mp-976055,24.67169076,20.7466673,48.61348323,0.171597408,Composites
mp-978283,38.85572157,20.94681904,53.26828382,0.271512484,Composites
mp-20320,15.55629156,12.71582988,29.97910702,0.178810479,Composites
mp-19816,49.21171061,2.93E+14,442.9053955,-1,Unknown
mp-1001833,35.08755279,15.32140838,40.1240119,0.309410039,Composites
mp-20012,36.73719585,21.22169176,53.38548239,0.257804585,Composites
mp-20305,48.54311988,27.46157055,69.31404661,0.262018982,Composites
mp-20411,121.5000049,58.33364684,150.8580115,0.293061721,Metals
mp-12661,36.70483147,16.12357685,42.19264827,0.308414648,Composites
mp-20695,96.57805566,54.7545853,138.1549388,0.261583281,Metals
mp-20997,116.1010213,43.64816119,116.3623479,0.332958191,Metals
mp-21005,111.2812289,25.96978418,72.28619156,0.391736471,Metals
mp-21202,44.61411264,24.25304943,61.59733486,0.269888453,Composites
mp-21215,110.789881,31.54194449,86.42416337,0.369987881,Metals
mp-21483,41.85502573,19.51821745,50.67722966,0.298203327,Composites
mp-22704,56.04734666,28.98352616,74.16616692,0.279453827,Metals
mp-22784,78.87161492,15.23791387,42.94791104,0.409245104,Metals
mp-30343,77.9889239,24.85976152,67.41609613,0.355928054,Metals
mp-31337,143.0356055,44.83905938,121.7907804,0.358088038,Metals
mp-569125,39.20440609,9.356747082,26.00167214,0.389461097,Composites
mp-863737,50.02753592,30.46901662,75.98163938,0.246867274,Metals
mp-899,149.8281266,35.25148487,98.06366498,0.390915381,Metals
mp-20581,24.38628845,15.64534719,38.66694437,0.235733023,Composites
mp-2597,39.52891096,13.97563749,37.50668878,0.341859676,Composites
mp-867226,24.55496034,20.37269475,47.87720619,0.17503371,Composites
mp-22460,32.74264626,15.14567545,39.36705619,0.299613752,Composites
mp-569683,110.5501543,17.00546406,48.52810113,0.426838484,Metals
mp-22646,129.8057476,39.92666318,108.6410978,0.360508106,Metals
mp-31324,28.47059233,27.39794529,62.23152967,0.135697021,Composites
mp-20554,42.95269049,16.1270417,42.99957656,0.333151404,Composites
mp-22386,36.20538092,14.83666284,39.16074036,0.319728728,Composites
mp-22736,66.15747556,28.22436175,74.13105771,0.313245953,Metals
mp-22811,49.81983678,23.42799962,60.75980883,0.296734886,Composites
mp-1025161,154.6684271,58.83241357,156.6368543,0.331212208,Metals
mp-1025212,189.2258792,61.43141675,166.2982338,0.353527581,Metals
mp-1025213,203.407397,64.10808971,174.0401406,0.35739609,Metals
mp-1025293,144.793164,55.52188091,147.6882966,0.330000841,Metals
mp-1025370,199.2051881,70.3174312,188.7440429,0.342085737,Metals
mp-639659,168.5701443,63.43755858,169.1003168,0.332809147,Metals
mp-19906,128.4407243,59.59886283,154.8461063,0.299069302,Metals
mp-20959,63.6840405,41.9117544,103.1146511,0.23014,Metals
mp-22150,153.5987533,54.85054937,147.0479069,0.340441514,Metals
mp-22061,38.69118754,67714896888,348.2206873,-0.999999997,Unknown
mp-31330,76.73292197,1.57E+13,690.5962977,-1,Unknown
mp-1024957,109.7487784,56.25479583,144.1372064,0.281110386,Metals
mp-1024983,-17735951.32,-2660313.011,-7600905.158,0.428573466,Unknown
mp-1024984,161.4560809,60.18910556,160.6094825,0.334207254,Metals
mp-1025022,163.7952533,60.95399636,162.6820747,0.334466027,Metals
mp-1025113,165.8695831,62.71156895,167.0784962,0.332118611,Metals
mp-13240,114.1326638,61.1835252,155.7240503,0.272597892,Metals
mp-16343,37.37661882,33.63432609,77.62014146,0.153882811,Composites
mp-21026,71.9688868,25.86137961,69.28513924,0.339548398,Metals
mp-21029,59.66298278,24.25356304,64.07792906,0.32100032,Metals
mp-22229,103.6720395,50.68327528,130.7437819,0.289811887,Metals
mp-30344,43.02286367,21.13864412,54.49141667,0.288905201,Composites
mp-30392,53.67332082,22.4381076,59.08134608,0.316540306,Metals
mp-30587,100.1532288,31.54930317,85.65394945,0.357461827,Metals
mp-31442,70.8821136,30.98838447,81.14073095,0.309212022,Metals
mp-31443,82.52257089,35.55763037,93.27587342,0.311615432,Metals
mp-568466,34.60927094,21.10223765,52.61342261,0.246631364,Composites
mp-570769,83.9464465,40.27163397,104.1588569,0.29320376,Metals
mp-637771,1162650.329,697563.2685,1743919.391,0.250008042,Unknown
mp-31055,96.7106448,74.37314364,177.5944314,0.193941944,Metals
mp-1005693,56.89438772,24.35657236,63.944767,0.312679922,Metals
mp-12128,29.85625232,26.77897268,61.84631112,0.154755111,Composites
mp-19929,106.5367369,53.99899538,138.5830168,0.283199954,Metals
mp-19946,84.23033781,40.16677881,103.973167,0.294268174,Metals
mp-20358,35.52457596,1.466533223,4.339879718,0.479639073,Composites
mp-20491,70.52284357,27.23143156,72.37832757,0.328948267,Metals
mp-20521,141.9418011,43.48027049,118.3557205,0.361027877,Metals
mp-20744,140.6269662,55.15392778,146.3313829,0.326572638,Metals
mp-20898,64.01090605,23.20752727,62.11577023,0.338267742,Metals
mp-21067,94.72731215,53.1323736,134.2895368,0.263726121,Metals
mp-21301,128.1981273,63.46853234,163.4344655,0.287523592,Metals
mp-22463,153.6348521,55.82024259,149.3704436,0.337959463,Metals
mp-22493,89.5982079,24.80313481,68.12329891,0.37328002,Metals
mp-22673,103.8155801,43.37848606,114.2259942,0.316620341,Metals
mp-22685,90.14085823,44.09468414,113.7380956,0.289703031,Metals
mp-22725,118.5642771,56.99550471,147.3719318,0.292838204,Metals
mp-22731,235.9708285,107.6415434,280.3031675,0.302021314,Metals
mp-30340,77.66504638,31.67663042,83.65645785,0.320475959,Metals
mp-30342,77.05395674,31.23507033,82.5507789,0.321443781,Metals
mp-30347,83.80923952,38.4803492,100.1182183,0.300900595,Metals
mp-30374,90.93630819,25.97797364,71.15797004,0.369582767,Metals
mp-30395,101.826635,33.89995667,91.54127909,0.350168084,Metals
mp-30586,86.98143247,42.99434384,110.7374383,0.287814029,Metals
mp-31328,70.02663647,15.52428436,43.36808013,0.396781943,Metals
mp-31339,118.9851697,45.82654969,121.8378949,0.329337422,Metals
mp-4552,88.49096726,44.20385219,113.6823293,0.285887131,Metals
mp-4972,89.58356815,44.62031391,114.8007323,0.286417802,Metals
mp-567210,89.85851174,25.35740795,69.53177303,0.371034712,Metals
mp-567787,60.47426381,24.22395294,64.11154975,0.323308998,Metals
mp-568139,81.43075958,20.18896239,55.94356265,0.385498709,Metals
mp-568596,85.39411832,23.26498817,63.98428474,0.375119649,Metals
mp-568719,72.2724129,27.41870533,73.02178229,0.33160522,Metals
mp-568880,102.4920536,31.17299184,84.91046067,0.361923506,Metals
mp-568917,63.88929593,18.03194947,49.4441824,0.371015998,Metals
mp-570611,78.37097318,18.3355349,51.02719388,0.391483645,Metals
mp-570683,67.82485658,22.65352262,61.15227507,0.349729931,Metals
mp-571310,160.7279897,33.22626141,93.25292547,0.403301508,Metals
mp-574025,128.3303066,36.85191084,100.8976568,0.368960992,Metals
mp-581707,122.3469865,35.6616331,97.51077052,0.367166364,Metals
mp-600125,120.2112637,57.51041145,148.8017596,0.293694097,Metals
mp-621348,113.2569765,31.66734602,86.90254318,0.372115982,Metals
mp-622041,99.6961433,22.32479092,62.3224519,0.395812667,Metals
mp-623134,115.986062,55.73180914,144.1131025,0.292916063,Metals
mp-640024,145.4054882,60.69166155,159.8366014,0.316792104,Metals
mp-861600,60.92766087,36.07585138,90.38773892,0.252745749,Metals
mp-862374,115.6426569,33.40975013,91.42487988,0.368236511,Metals
mp-862720,26.35969371,18.0654104,44.11766532,0.221053503,Composites
mp-862774,128.4993151,9.652435716,28.24995987,0.46335913,Metals
mp-862775,125.1171184,37.47532008,102.2202272,0.363833944,Metals
mp-862788,61.63487034,36.39231867,91.22278655,0.253324738,Metals
mp-862824,118.042584,-14.00660528,-43.75024332,0.561771837,Unknown
mp-862860,66.84298225,0.759894489,2.271077331,0.494337283,Composites
mp-862923,71.51626604,25.55375018,68.50230988,0.340357274,Metals
mp-862930,38.08404875,31.04733371,73.23958447,0.179482675,Composites
mp-862981,60.36022666,34.61672663,87.18352941,0.259268826,Metals
mp-862996,52.40245569,27.13860892,69.43014457,0.279176556,Metals
mp-863651,59.55304403,34.76843428,87.31343939,0.255642383,Metals
mp-863702,54.50977443,37.24378257,91.004976,0.221747225,Metals
mp-863724,135.6412024,36.90890129,101.5187236,0.37526071,Metals
mp-864612,46.38615963,27.87507662,69.66959273,0.249675358,Composites
mp-864715,206.086094,109.8211716,279.7682941,0.273744807,Metals
mp-864734,141.6933936,42.91481564,116.9386707,0.362451043,Metals
mp-864748,67.85932703,29.50950878,77.32057466,0.310095929,Metals
mp-864788,210.7937851,96.73043748,251.691959,0.300996695,Metals
mp-864968,155.8818397,71.57069669,186.213144,0.30090353,Metals
mp-865007,52.77469981,35.70348009,87.40079136,0.223981404,Metals
mp-865043,109.2102849,37.34036543,100.5601689,0.346534343,Metals
mp-865044,165.0849414,83.22071568,213.7452221,0.284206825,Metals
mp-865066,172.1806477,18.248886,52.87851542,0.448814887,Metals
mp-865100,25.72659367,10.44212344,27.59312772,0.321241215,Composites
mp-865211,134.8464808,47.44925311,127.4042554,0.342531726,Metals
mp-865240,55.39972326,40.09650669,96.90953641,0.208453609,Metals
mp-865297,65.28363301,30.18545612,78.46324607,0.299686275,Metals
mp-865505,69.50875203,33.62767178,86.87349273,0.291696513,Metals
mp-865671,59.59613071,36.77714238,91.50803491,0.244088434,Metals
mp-865737,35.35962725,19.31015064,49.00905161,0.268997133,Composites
mp-865884,138.0754188,51.10994778,136.4889437,0.335248319,Metals
mp-865897,35.03001944,19.48003737,49.30135724,0.26543282,Composites
mp-866004,65.73627361,31.48026803,81.44052568,0.293517031,Metals
mp-866067,50.85814828,24.90019469,64.21988051,0.289545751,Metals
mp-866163,127.6823429,43.0981779,116.2183364,0.348297562,Metals
mp-866168,125.7164701,32.70975327,90.29782852,0.38028905,Metals
mp-866170,174.5226855,19.84617698,57.36410829,0.445218098,Metals
mp-866181,40.66301998,30.03276222,72.29886562,0.203666601,Composites
mp-866193,37.74728493,26.27665031,63.98326766,0.217492848,Composites
mp-866196,38.3330297,28.04183514,67.63348702,0.205939032,Composites
mp-866211,59.8633244,31.36851957,80.11251192,0.276957169,Metals
mp-867187,175.7840497,84.02662114,217.4345335,0.293843133,Metals
mp-867211,27.50460236,21.37046739,50.92277823,0.191428744,Composites
mp-867287,76.04755026,24.44658401,66.2416411,0.354824074,Metals
mp-867308,148.6223444,36.74250049,101.8355536,0.385800535,Metals
mp-867350,30.38684053,24.54439804,58.01343973,0.181806122,Composites
mp-867842,149.1454007,71.66290593,185.3089976,0.292921318,Metals
mp-867926,100.630685,25.46894585,70.46232492,0.383298809,Metals
mp-867978,121.8742323,40.51826687,109.4280016,0.350353927,Metals
mp-867979,52.0245622,12.91859304,35.79309858,0.385332693,Metals
mp-973088,68.28443044,25.98279471,69.17455289,0.331160748,Metals
mp-973734,65.86297529,29.644671,77.33176935,0.304311479,Metals
mp-976261,24.70375403,17.72866609,42.91903897,0.210441856,Composites
mp-977367,144.3824895,64.20798457,167.7564354,0.306351823,Metals
mp-977392,53.46882336,36.67200428,89.54443314,0.220882727,Metals
mp-977438,136.9678855,70.89061386,181.3795695,0.279291853,Metals
mp-978100,51.21235047,18.28600529,49.02323148,0.340457653,Metals
mp-978950,55.43410403,28.97143792,74.01942828,0.277455204,Metals
mp-982613,55.36506924,23.08493001,60.80389238,0.316960726,Metals
mp-22284,62.47801457,27.5936476,72.15799397,0.307510971,Metals
mp-570689,73.69507026,29.65821721,78.45062886,0.322578298,Metals
mp-620571,61.44631446,24.26878985,64.33629774,0.325494558,Metals
mp-510086,45.25266928,31.23781625,76.18364819,0.219413796,Composites
mp-569523,77.41586342,42.08889366,106.8947592,0.269868959,Metals
mp-19974,42.96941092,16.01985902,42.74723464,0.334195095,Composites
mp-20800,81.53259481,45.4917199,115.0731798,0.264770601,Metals
mp-22154,53.28990682,13.98710045,38.5854376,0.379322246,Metals
mp-22682,91.45774143,27.35400346,74.62242818,0.364012918,Metals
mp-1190769,0,20.18935929,0,-1,Unknown
mp-1191416,125.0290804,7.636992976,22.45380645,0.470068555,Metals
mp-1006057,51.38767454,27.27568103,69.52598344,0.274504995,Metals
mp-13396,90.32592036,44.4245758,114.5020567,0.288724255,Metals
mp-20265,81.01762871,37.04139208,96.42843091,0.301630763,Metals
mp-20801,67.71926744,27.94967154,73.70848399,0.318593027,Metals
mp-31208,103.9865869,49.0233839,127.0972621,0.296292218,Metals
mp-672340,95.13219663,49.56206548,126.6858842,0.278052912,Metals
mp-861665,38.57717427,19.2585117,49.53292057,0.28600074,Composites
mp-862619,43.83008852,21.8712177,56.25634604,0.286081708,Composites
mp-972455,57.34975636,26.1630734,68.12902163,0.302007233,Metals
mp-975518,55.67520182,28.40401196,72.82720026,0.281987917,Metals
mp-975932,55.10410727,28.38334858,72.6725163,0.280196311,Metals
mp-975933,55.32452689,28.49383797,72.95655511,0.280216361,Metals
mp-976159,54.56230473,27.80017851,71.29240991,0.282229355,Metals
mp-978542,55.81443912,28.74968329,73.61030711,0.280193357,Metals
mp-978547,56.06519702,28.31853743,72.71314044,0.2838435,Metals
mp-978563,56.39435582,29.29373615,74.91057971,0.278610883,Metals
mp-978796,56.10619107,29.84027255,76.04008916,0.274118543,Metals
mp-978833,55.99017608,30.1879574,76.76714627,0.271486263,Metals
mp-979424,57.03540221,29.61177565,75.72951678,0.278706108,Metals
mp-983428,55.93631186,29.45687909,75.1746196,0.276011273,Metals
mp-984767,57.57154257,30.64634041,78.08388192,0.273951162,Metals
mp-985450,37.83176584,19.85687123,50.70022172,0.276641752,Composites
mp-649479,35.98040724,20.37731387,51.42403187,0.261796138,Composites
mp-19968,45.54693688,33.00673814,79.75477669,0.208159018,Composites
mp-20497,60.19047051,31.6452568,80.77916877,0.276323483,Metals
mp-20533,57.06127212,28.04311349,72.2873237,0.288860521,Metals
mp-21024,49.64247018,24.52573273,63.17361217,0.287904685,Composites
mp-21027,67.21481559,29.2257851,76.57830834,0.310115504,Metals
mp-22056,85.92066611,44.454881,113.7472432,0.279356065,Metals
mp-22717,59.55087801,26.97929758,70.31868844,0.303197169,Metals
mp-675464,132.2012311,43.8458197,118.4431826,0.350678165,Metals
mp-1025331,21.88068364,8.119611598,21.67743811,0.334881469,Composites
mp-989402,31.84119797,17.24041835,43.81362516,0.270665951,Composites
mp-989404,40.46809545,23.12439422,58.27356687,0.26000202,Composites
mp-570578,76.05311555,50.60565564,124.2568461,0.227697226,Metals
mp-1291,55.35790592,29.78300508,75.76213328,0.271902098,Metals
mp-20729,49.71846347,29.94442232,74.8136796,0.249208931,Composites
mp-20903,52.61990586,30.54324849,76.77504258,0.256825098,Metals
mp-20920,55.26086895,31.33007976,79.05095889,0.261582471,Metals
mp-20941,61.68494707,41.91601736,102.5254341,0.22298635,Metals
mp-21197,53.47092172,31.02289596,77.9865438,0.256919146,Metals
mp-21431,55.31394912,30.41792529,77.1177311,0.267636276,Metals
mp-977,54.55669791,25.76481691,66.78172442,0.295986784,Metals
mp-510430,22.54439932,19.71113482,45.78867481,0.161492609,Composites
mp-571443,35.5868675,22.69701781,56.15306285,0.237014116,Composites
mp-31294,60.74752367,29.62481588,76.44738565,0.290259254,Metals
mp-21477,22.957442,12.80957716,32.4022338,0.26476594,Composites
mp-22687,33.56424166,17.43384393,44.58255077,0.278620795,Composites
mp-19991,47.99984309,26.17054468,66.43728877,0.269314215,Composites
mp-20479,47.83357041,28.97233414,72.31652714,0.248027287,Composites
mp-21124,52.72026911,28.13696718,71.66213537,0.273451664,Metals
mp-22050,73.69643696,47.13669559,116.559386,0.236397509,Metals
mp-23180,37.55586731,9.841956326,27.15387191,0.379495652,Composites
mp-607475,84.73467708,53.39521635,132.3795102,0.239619569,Metals
mp-21479,64.44023963,36.59576542,92.31247209,0.26124527,Metals
mp-151,26.89056783,2.425773353,7.06488125,0.456212148,Composites
mp-39,27.94137852,-0.197447279,-0.59374039,0.503541584,Unknown
mp-1009238,105.1770297,51.18093982,132.1132912,0.290649328,Metals
mp-571030,133.9937925,46.08675442,124.0392858,0.345715134,Metals
mp-865900,108.9867739,63.66132156,159.8584708,0.255538424,Metals
mp-976106,104.5469011,58.13354198,147.1299738,0.265448215,Metals
mp-977403,12.0602482,6.05560273,15.5621565,0.284938692,Composites
mp-978969,86.32853624,9.638356426,27.87758275,0.446179282,Metals
mp-1836,20.91292454,10.37092832,26.69930147,0.287218494,Composites
mp-11374,53.01192579,20.41203104,54.27054116,0.329376314,Metals
mp-11488,46.82624656,19.21756958,50.71488441,0.31949267,Composites
mp-11498,33.763773,5.853713676,16.60171352,0.418049673,Composites
mp-11568,52.78003036,22.17213457,58.34626094,0.315756513,Metals
mp-1533,41.60555257,16.83472212,44.50194027,0.321730765,Composites
mp-1540,55.06513504,22.81254341,60.13353232,0.317992721,Metals
mp-217,57.28392827,24.15178002,63.52731145,0.315168311,Metals
mp-2434,25.12639737,18.73534429,45.01711968,0.201395581,Composites
mp-30878,52.63594593,20.63866077,54.75895058,0.326611043,Metals
mp-569785,132.4340289,32.14951915,89.22824507,0.387707304,Metals
mp-571405,51.43490412,21.24396059,56.01939064,0.31847803,Metals
mp-693,40.88420833,15.42703103,41.11031067,0.332411615,Composites
mp-934,26.90292926,11.12215572,29.32526895,0.318326667,Composites
mp-974627,5.574393434,3.110051937,7.867092767,0.264784789,Unknown
mp-977585,96.01696106,50.81172884,129.5778541,0.275078186,Metals
mp-982773,11.8613131,5.665777025,14.66269471,0.293970328,Composites
mp-30482,21.74630104,13.0947709,32.71728924,0.249250158,Composites
mp-7396,23.25775136,18.6064206,44.06772881,0.184207585,Composites
mp-974641,5.319218356,1.575627282,4.302100916,0.365202597,Unknown
mp-982873,11.58118075,5.810552332,14.93406566,0.285081418,Composites
mp-10006,34.97646143,6.888802764,19.39320923,0.407589236,Composites
mp-2353285,14.78159305,6.750309821,17.57552463,0.30183096,Composites
mp-3849,30.23793377,14.12260277,36.66040417,0.297933701,Composites
mp-8800,37.22681541,15.05752351,39.80569394,0.321787541,Composites
mp-9810,16.01237231,5.846332055,15.63602229,0.337250617,Composites
mp-14089,57.13685687,24.4789658,64.25999427,0.312555334,Metals
mp-14090,48.83868827,19.96489321,52.71193095,0.320115524,Composites
mp-1025248,126.9736552,35.37730756,97.11276043,0.37252899,Metals
mp-1025329,187.4634461,59.06943329,160.3647416,0.357425768,Metals
mp-1025348,146.2847616,53.56408478,143.2125378,0.336833611,Metals
mp-1025353,180.8531668,51.27127196,140.533551,0.370490194,Metals
mp-11873,136.6207397,50.69469458,135.343794,0.334891108,Metals
mp-8159,50.8003865,16.95045145,45.76162767,0.349864569,Metals
mp-12716,94.21473466,37.9815327,100.4466471,0.322309027,Metals
mp-3021,38.61013019,23.84480021,59.3223286,0.243925889,Composites
mp-4354,38.51201594,14.05190192,37.58454121,0.337347123,Composites
mp-4475,32.57634953,21.34179178,52.54971744,0.231145866,Composites
mp-5000,30.59069199,16.14826593,41.19593754,0.275552982,Composites
mp-5501,64.56325669,27.03581887,71.17291972,0.316270834,Metals
mp-557929,54.28684169,14.05000674,38.80251987,0.380871931,Metals
mp-559492,54.93121103,18.54372855,50.00434781,0.348281918,Metals
mp-569204,27.97117971,12.29147147,32.16321685,0.308355021,Composites
mp-8676,30.01314617,17.70825448,44.39374745,0.253476098,Composites
mp-11547,83.57224337,-2.57E+13,752.1501904,-1,Unknown
mp-30406,45.77103174,15.77255606,42.44248512,0.345453614,Composites
mp-10606,66.65929569,50.00937623,120.0153471,0.199928455,Metals
mp-4230,97.30941534,81.91716272,191.902319,0.171319371,Metals
mp-4563,148.3718324,84.52020117,213.0969541,0.260627348,Metals
mp-554973,70.16147964,26.40916743,70.39513063,0.332778302,Metals
mp-7159,54.49383462,36.21122736,88.93462275,0.227997906,Metals
mp-865322,132.8604373,62.84112648,162.8483785,0.295714985,Metals
mp-977408,176.0020373,95.6425231,242.9244638,0.269960557,Metals
mp-9960,77.49109738,64.10718046,150.7503899,0.175768368,Metals
mp-9964,153.7157342,41.78795376,114.9476094,0.375367769,Metals
mp-998147,39.02862293,17.61428359,45.93276981,0.303850071,Composites
mp-2987,27.00124452,21.41916602,50.81966312,0.186312835,Composites
mp-30759,32.07335037,19.76482593,49.19018608,0.24438703,Composites
mp-861505,43.75674754,22.47241902,57.56294054,0.280746423,Composites
mp-861594,48.60467325,20.16841042,53.15328242,0.317736036,Composites
mp-861628,59.12084099,29.77662324,76.48854096,0.284372314,Metals
mp-861645,28.63291091,22.05407296,52.64569754,0.193559521,Composites
mp-861993,63.71365739,27.4844297,72.08769751,0.31142793,Metals
mp-861994,59.72312183,30.15135088,77.4247074,0.283934304,Metals
mp-862740,25.72682597,17.11650382,42.02870295,0.227724523,Composites
mp-862830,99.50957075,26.10719511,72.02296936,0.379370113,Metals
mp-862934,39.83600753,30.24746274,72.41433166,0.197031504,Composites
mp-862966,65.44825707,23.06736004,61.92668796,0.342301153,Metals
mp-863667,64.93588347,28.65172692,74.93409767,0.307671574,Metals
mp-863704,45.99264556,25.90801609,65.43699218,0.262871537,Composites
mp-864602,44.88024742,24.28701017,61.72655865,0.270773105,Composites
mp-864629,52.34507056,23.41546828,61.13115814,0.305358437,Metals
mp-864667,69.74178799,18.31340087,50.51835409,0.379272873,Metals
mp-864898,22.58724447,17.18463416,41.12455771,0.196550283,Composites
mp-864902,131.0368415,59.45741299,154.9380736,0.302933191,Metals
mp-865051,22.92518516,16.20878663,39.35201272,0.213909888,Composites
mp-865126,74.54453493,22.56812398,61.498239,0.362502241,Metals
mp-865232,124.0742501,31.46968113,87.0494244,0.383068103,Metals
mp-865316,-10.66766861,27.33361906,562.0168235,9.280688082,Unknown
mp-865666,32.93262253,21.03226901,52.02222215,0.236723963,Composites
mp-865713,30.00854133,23.3352751,55.5951669,0.191225873,Composites
mp-865863,48.60882574,20.57234289,54.08678302,0.314550883,Composites
mp-865867,41.31901592,33.4258886,78.98012134,0.181421417,Composites
mp-865952,59.75999337,10.33685949,29.32005354,0.418228311,Metals
mp-865984,26.90879676,9.324574621,25.07710775,0.344678378,Composites
mp-866005,57.96363988,30.09620854,76.96746497,0.278690385,Metals
mp-866008,61.97507731,26.09872801,68.65844869,0.315360056,Metals
mp-866080,58.30906499,37.36550446,92.36647659,0.235985944,Metals
mp-866120,66.27266391,29.99276094,78.18383218,0.303378378,Metals
mp-866131,65.54538581,30.616308,79.47469104,0.297914351,Metals
mp-866133,60.23948955,28.6502616,74.18917902,0.294738248,Metals
mp-866179,39.45707004,28.75795256,69.41071878,0.206809119,Composites
mp-866188,137.541082,56.7897532,149.7579254,0.318529461,Metals
mp-867167,26.24243857,18.6409148,45.21646877,0.212828588,Composites
mp-867191,53.48608949,24.69298557,64.19930119,0.299950162,Metals
mp-867349,50.472832,30.36668904,75.88206458,0.249429341,Metals
mp-867361,83.94411247,21.05690548,58.29628536,0.384255759,Metals
mp-867849,32.15482671,21.80988798,53.36438163,0.223398802,Composites
mp-867876,65.15045703,23.91602814,63.92591389,0.336465936,Metals
mp-867881,143.098829,61.30084084,160.9236382,0.312572845,Metals
mp-971705,51.65309735,30.82362177,77.12883564,0.251131944,Metals
mp-972536,57.1816557,20.88053751,55.84422597,0.337231523,Metals
mp-972861,103.5407216,34.27830738,92.6145619,0.350920874,Metals
mp-973564,45.03927979,18.75243671,49.40113442,0.317192405,Composites
mp-973572,48.24928774,19.41732048,51.36196822,0.322581256,Composites
mp-973893,63.57001002,25.03869995,66.39850747,0.325917631,Metals
mp-974782,62.88023829,21.6548374,58.27489879,0.345539976,Metals
mp-975608,56.12023952,25.6616863,66.80290271,0.301607812,Metals
mp-975609,29.09387221,7.775852736,21.41932671,0.377297606,Composites
mp-975801,61.80916464,20.91816655,56.3928002,0.347938407,Metals
mp-976333,33.08200801,15.50510094,40.23018392,0.297320929,Composites
mp-976744,50.83623486,31.93476198,79.21661751,0.240288209,Metals
mp-977187,40.64896346,21.19515713,54.17031994,0.277893804,Composites
mp-977589,60.24480856,29.92212462,77.01575861,0.286936666,Metals
mp-978085,52.07247336,17.57120821,47.38391989,0.348339833,Metals
mp-978256,35.14407711,5.3311587,15.22369324,0.427803419,Composites
mp-978625,46.66675613,27.04850501,68.00644897,0.257120291,Composites
mp-978807,57.03124194,22.7617571,60.26748023,0.323875832,Metals
mp-978815,55.42479907,24.88182718,64.92926133,0.304752679,Metals
mp-978907,68.02041807,26.37258131,70.06291424,0.328328718,Metals
mp-981311,29.40873557,8.430530232,23.08562423,0.369167988,Composites
mp-983556,51.11928283,30.61475049,76.56051434,0.250386058,Metals
mp-984551,44.13831504,11.28210361,31.18893137,0.38223032,Composites
mp-620290,109.522968,51.43491539,133.4190309,0.29696948,Metals
mp-989560,16.60500219,10.25353597,25.50985625,0.243954101,Composites
mp-30571,38.4958959,9.103449299,25.31487395,0.390400118,Composites
mp-570896,56.74844217,13.05066661,36.36437916,0.393200066,Metals
mp-571160,65.50399609,21.49402168,58.12453891,0.352109433,Metals
mp-755435,38.11160022,8.326267572,23.28323461,0.398179581,Composites
mp-12283,162.2222222,-1.62E+16,1460,-1,Unknown
mp-1658,-119646.6005,-71888.72053,-179679.7688,0.249707656,Unknown
mp-1025338,38.10430515,10.54625578,28.9663923,0.373302189,Composites
mp-28843,20.27817355,9.564209245,24.79451344,0.296213456,Composites
mp-29556,14.57834355,5.438025627,14.50991064,0.334115691,Composites
mp-861735,39.98180993,10.46443397,28.87421996,0.379636014,Composites
mp-862492,43.28371031,21.53977879,55.42534835,0.286581187,Composites
mp-862549,34.7106105,6.714840406,18.92421173,0.409133396,Composites
mp-862677,42.5464462,19.78833572,51.396797,0.298663964,Composites
mp-862928,41.73738382,15.46265382,41.28910252,0.33512342,Composites
mp-862949,36.35613361,19.32830677,49.25611138,0.274196234,Composites
mp-864597,30.00873233,13.13197306,34.38084233,0.309050901,Composites
mp-864747,47.35925354,12.38607662,34.17860246,0.379718675,Composites
mp-865090,31.12454131,12.73587126,33.62171646,0.319961382,Composites
mp-865096,38.10568547,24.13090946,59.77497438,0.238556186,Composites
mp-865109,36.76621811,20.21218859,51.24579275,0.267695295,Composites
mp-865110,24.96503554,13.28626944,33.85329003,0.273995315,Composites
mp-865112,35.66846099,17.79539869,45.77383474,0.286114336,Composites
mp-865116,41.72162303,16.00823863,42.57898246,0.329908413,Composites
mp-865117,37.92560116,24.31923161,60.10957014,0.235844354,Composites
mp-865127,23.71828041,8.044787408,21.68288844,0.347635888,Composites
mp-865145,27.25039826,10.40178435,27.68304312,0.330687226,Composites
mp-865231,44.71809741,22.70402489,58.25338011,0.282886633,Composites
mp-866007,47.33278679,12.35846279,34.10697532,0.37990363,Composites
mp-866128,37.53521755,23.76125802,58.86292989,0.238632438,Composites
mp-866169,22.65636926,6.649320664,18.17037972,0.366333542,Composites
mp-867172,29.94451115,9.364881264,25.44235339,0.35839167,Composites
mp-867266,33.47685136,11.09993427,29.98568102,0.35071435,Composites
mp-867807,41.79965266,16.52724222,43.80795687,0.325325674,Composites
mp-972119,28.31286245,17.57026499,43.67603734,0.242896376,Composites
mp-972541,52.62519489,20.32188329,54.01304367,0.328937946,Metals
mp-972653,52.51621385,20.10185193,53.48174501,0.330269101,Metals
mp-973256,44.46541586,15.55464978,41.79092472,0.343357945,Composites
mp-974221,52.56352473,18.61448957,49.94745163,0.34162829,Metals
mp-974523,51.5220376,19.5350019,52.02923564,0.331692618,Metals
mp-974708,52.03372713,20.65561603,54.72546648,0.324711556,Metals
mp-975522,52.90590295,22.24101707,58.52234958,0.315640139,Metals
mp-975793,51.88059566,20.78052128,54.99844375,0.323317231,Metals
mp-975896,50.89167102,20.34337124,53.85423894,0.32363113,Metals
mp-975920,51.83528848,21.24750182,56.08002626,0.319685174,Metals
mp-976142,54.81907349,20.77935975,55.34515499,0.331733885,Metals
mp-976236,24.3727062,14.65759027,36.62979557,0.249516288,Composites
mp-977542,42.07202454,17.34575943,45.74991004,0.318763535,Composites
mp-978527,54.14364644,21.67046551,57.35894419,0.323435903,Metals
mp-978543,52.76042638,19.58302908,52.28075699,0.334848577,Metals
mp-978564,53.46007267,22.47084542,59.1281071,0.315662718,Metals
mp-978953,33.08804805,17.77935935,45.23581839,0.272144218,Composites
mp-978975,54.24496251,22.10304053,58.3798334,0.320629017,Metals
mp-979430,55.05231143,21.16753146,56.28833426,0.329591369,Metals
mp-979434,54.08699466,21.50033618,56.95429867,0.324497864,Metals
mp-981548,53.21182653,19.54381602,52.23627706,0.336388887,Metals
mp-982017,51.76521247,21.6294522,56.95562298,0.316621948,Metals
mp-982724,53.75990905,19.25680884,51.60838262,0.340003503,Metals
mp-28954,33.25459914,10.3445462,28.11806565,0.359076808,Composites
mp-989542,22.37429805,11.73618818,29.9686565,0.276762781,Composites
mp-2061,58.01947028,27.32437089,70.85069338,0.296474376,Metals
mp-2393,46.53126057,16.5565126,44.40310951,0.34095599,Composites
mp-2431,47.25005878,19.72066765,51.93646199,0.316802831,Composites
mp-817,46.26940184,17.22099529,45.96092477,0.334444496,Composites
mp-972185,26.91971713,8.504641571,23.08307591,0.357086934,Composites
mp-973191,26.31660733,7.468478738,20.46910418,0.370366369,Composites
mp-979269,27.40047844,6.506970232,18.08900597,0.389971471,Composites
mp-975198,16.91318792,1.05934765,3.113048295,0.469323265,Composites
mp-15635,28.90701104,6.258156717,17.5108156,0.399039397,Composites
mp-3019,26.85198924,14.27250643,36.37311189,0.274237012,Composites
mp-20483,39.51597331,12.00268363,32.69750899,0.362091595,Composites
mp-22692,37.67416495,0.445869993,1.332353888,0.494105802,Unknown
mp-19889,68.6483853,20.60087829,56.18263555,0.363598065,Metals
mp-20034,34.31754585,19.18855462,48.52201637,0.264347871,Composites
mp-20725,120.6593071,54.95884649,143.1432093,0.302276326,Metals
mp-978293,36.38235231,19.47919627,49.58778378,0.272839575,Composites
mp-982261,44.9334794,20.67768661,53.78302355,0.300508721,Composites
mp-672388,66.46593795,22.1054093,59.6980517,0.350304147,Metals
mp-2517816,38.07004643,21.34268032,53.94687841,0.26382623,Composites
mp-20828,172.4064653,45.2093195,124.7258699,0.379426535,Metals
mp-20849,129.0703015,44.08836492,118.7446643,0.346666684,Metals
mp-21481,42.80726066,22.583509,57.61813609,0.275668367,Composites
mp-570018,47.51769983,30.91034012,76.20680417,0.232707305,Composites
mp-867189,44.90469547,23.39300979,59.7955693,0.278064897,Composites
mp-20724,34.40125819,21.58532106,53.55483821,0.240538374,Composites
mp-30760,25.56629207,20.70448717,48.91035105,0.181153405,Composites
mp-982246,84.47349448,5.566045252,16.33926543,0.46776254,Metals
mp-19871,82.18747025,21.68850855,59.80487561,0.378722642,Metals
mp-20633,106.2545315,41.58136959,110.349483,0.326910154,Metals
mp-1101843,93.00033693,41.12052343,107.515425,0.307320725,Metals
mp-20136,24.42478314,14.38221558,36.06737806,0.253888104,Composites
mp-1025218,180.1990784,61.35721077,165.3092126,0.347105015,Metals
mp-21443,77.61524249,30.0889799,79.93722644,0.328347234,Metals
mp-21508,81.23541787,29.99730102,80.12899059,0.335603335,Metals
mp-20522,66.83487956,-2.37E+14,601.513916,-1,Unknown
mp-21505,63.7421931,-5.52E+12,573.6797379,-1,Unknown
mp-11304,32.00469558,18.78557896,47.13463746,0.254543114,Composites
mp-20389,23.52708125,13.24761546,33.46221759,0.26295248,Composites
mp-30349,39.48117473,20.68930819,52.83830998,0.27694724,Composites
mp-30403,44.37597759,17.92495491,47.39357642,0.321999878,Composites
mp-10611,60.77021534,40.24991529,98.91224235,0.228726093,Metals
mp-22712,93.03416042,25.05360552,68.96975372,0.376443675,Metals
mp-30758,36.25391826,22.87156242,56.69274275,0.239371883,Composites
mp-30763,81.93089866,21.98197603,60.53233986,0.376863021,Metals
mp-4652,151.0476881,46.28624348,125.9895437,0.360982597,Metals
mp-861498,53.35970925,20.43305375,54.36041038,0.330207688,Metals
mp-861651,50.29332673,25.22256971,64.83008032,0.285160098,Metals
mp-861663,125.9061851,54.14147671,142.061586,0.311947833,Metals
mp-862629,139.0157708,14.04177811,40.75319429,0.451140802,Metals
mp-862663,71.47954477,22.71614695,61.62076306,0.356320753,Metals
mp-862721,27.34381183,21.3954757,50.90845983,0.189701518,Composites
mp-862727,54.0686367,22.35863297,58.95014854,0.318286065,Metals
mp-862813,102.5183615,21.46630511,60.19734421,0.402135671,Metals
mp-862948,40.01041952,24.20361615,60.42624255,0.248289557,Composites
mp-863735,126.347264,12.01329938,34.93274446,0.453919666,Metals
mp-864618,31.61464004,9.956685143,27.03222127,0.357491017,Composites
mp-864991,37.20268483,16.51337421,43.1549723,0.306667303,Composites
mp-865167,32.38470252,22.45900959,54.72606396,0.218354348,Composites
mp-865443,129.6318517,12.81130977,37.20818732,0.452161722,Metals
mp-865597,75.68019968,25.12671711,67.86904416,0.350535445,Metals
mp-865932,46.89369764,35.21760411,84.4995066,0.199677104,Composites
mp-867207,28.44635046,21.92888906,52.33783503,0.193353546,Composites
mp-867422,65.40469008,17.41627345,47.98922067,0.377712081,Metals
mp-867985,77.95418014,25.5912915,69.20126481,0.352047137,Metals
mp-974642,47.16418761,13.46323574,36.88047328,0.369673457,Composites
mp-975997,22.0281086,15.73618102,38.12912998,0.211511546,Composites
mp-977439,35.63022076,23.40056143,57.59332297,0.230597034,Composites
mp-977571,130.8249792,33.54613427,92.7138432,0.381885651,Metals
mp-978095,50.07080308,22.01454637,57.60175061,0.308265672,Metals
mp-981933,72.91453489,25.03218339,67.38524041,0.34597209,Metals
mp-861738,36.59625896,25.94492224,62.95698041,0.213281347,Composites
mp-3398,75.91071836,32.06881945,84.3311082,0.314845848,Metals
mp-30461,83.59419996,24.42627751,66.77493951,0.366866881,Metals
mp-559470,18.42573611,7.746986326,20.38416101,0.315618755,Composites
mp-1023127,97.68329566,45.28103692,117.6623402,0.299245205,Metals
mp-989585,26.3857506,14.60160299,36.98283539,0.266396416,Composites
mp-20599,65.66512677,18.44200614,50.58996594,0.37159606,Metals
mp-21318,75.06056139,20.58295361,56.57735223,0.374373992,Metals
mp-321,80.12353998,29.68469082,79.26517921,0.335118828,Metals
mp-20452,30.77411957,20.23408554,49.78991251,0.230347485,Composites
mp-865107,15.40445009,9.855513052,24.3694762,0.23633727,Composites
mp-20257,87.19687469,29.11339677,78.5932538,0.349778152,Metals
mp-605028,36.55508947,18.03191095,46.45696242,0.28818744,Composites
mp-20939,47.13896644,13.01489401,35.75415236,0.373585998,Composites
mp-21381,58.1084148,21.21042354,56.72896879,0.337289863,Metals
mp-21432,45.60368226,17.65741317,46.91694046,0.328533801,Composites
mp-21296,14.27196697,7.633301575,19.43499606,0.273039973,Composites
mp-117,35.85834817,23.70262091,58.26910065,0.229169991,Composites
mp-569073,34.85970501,20.34667046,51.09842093,0.255694907,Composites
mp-864742,17.49607589,10.17482433,25.56810492,0.256439624,Composites
mp-13444,37.74304877,18.48867617,47.68049561,0.289451315,Composites
mp-20536,71630667.04,-6.80E+11,644879667.5,-1.000473875,Unknown
mp-10598,1.41E+15,-8.84E+16,1.33E+16,-1.075258184,Unknown
mp-1775,-1.42E+11,-1.70E+13,-1.25E+12,-0.963303163,Unknown
mp-20112,161.1378309,1.05E+15,1450.240479,-1,Unknown
mp-20883,80320972.95,-2.09E+13,722897080.3,-1.000017272,Unknown
mp-21030,116.0311293,2.56E+13,1044.280164,-1,Unknown
mp-21328,101.8265812,22.0885625,61.79726443,0.398852108,Metals
mp-317,140.3982538,55.0293192,146.0114802,0.326669876,Metals
mp-11522,166.2012112,79.50509056,205.713175,0.293710714,Metals
mp-1681,44.03060755,25.01971471,63.10611761,0.261127841,Composites
mp-20735,38.32120042,35.24078069,80.91788682,0.148071712,Composites
mp-20971,198.8695855,58.50831394,159.8488606,0.366035439,Metals
mp-22461,124.1024627,67.56298941,171.5564498,0.269603753,Metals
mp-570691,114.1198684,54.8795417,141.8934038,0.292771399,Metals
mp-571188,45.87567749,25.55894119,64.66734519,0.265063069,Composites
mp-718,145.8706896,56.69050168,150.5663689,0.327968217,Metals
mp-861939,34.93274598,21.55126417,53.62588232,0.244147023,Composites
mp-978294,41.53484436,20.60670062,53.04730722,0.28713733,Composites
mp-1326,165.5065167,-39.52165806,-128.8185978,0.629721577,Unknown
mp-21342,162.895829,8.66227965,25.53422938,0.473874685,Metals
mp-30788,216.2505795,105.2962748,271.7776858,0.29053799,Metals
mp-30871,178.5358759,2.332969283,6.968554614,0.493494721,Composites
mp-30876,103.005711,41.85177688,110.5790431,0.32107943,Metals
mp-10635,51.17884113,29.17784177,73.55520812,0.260463483,Metals
mp-11523,163.219548,56.31009142,151.5071535,0.345293088,Metals
mp-1876,53.46936205,34.85806886,85.90607182,0.232226492,Metals
mp-1883,38.18856996,32.4691104,75.89726042,0.168761008,Composites
mp-2182,64.04390011,31.63780081,81.49400745,0.287921495,Metals
mp-2343,40.91924226,28.84278691,70.06588967,0.214617191,Composites
mp-2693,48.3259179,33.42481368,81.48741036,0.218965813,Composites
mp-475,73.01776455,34.97441617,90.47746478,0.293480702,Metals
mp-838,149.3647651,30.19026423,84.8537857,0.405317043,Metals
mp-581786,107.6799357,38.21520421,102.5178764,0.341323153,Metals
mp-1851,132.7109669,20.10661341,57.42000014,0.427888401,Metals
mp-22735,32.10643597,18.3428028,46.22536757,0.260041011,Composites
mp-2369,98.78436453,45.70832556,118.801504,0.299560884,Metals
mp-636334,177.0141262,56.04409343,152.0821383,0.356807908,Metals
mp-1698,32.77281676,21.94629044,53.82438574,0.226275254,Composites
mp-2450,37.58153463,23.48090484,58.30065175,0.24144815,Composites
mp-872,28.50026065,17.07509471,42.69816637,0.250305404,Composites
mp-754839,119.2276309,35.05349682,95.77444166,0.366118224,Metals
mp-1389664,32.71007158,10.27295894,27.89828838,0.357850671,Composites
mp-10063,36.64611533,19.23648494,49.11546595,0.276622681,Composites
mp-3829,47.1960303,24.6038964,62.88423606,0.277932467,Composites
mp-4756,40.98387847,23.68163138,59.57096991,0.25774633,Composites
mp-5190,53.38136898,31.61000709,79.19761796,0.252730152,Metals
mp-5213,57.00674763,31.12074721,78.98859717,0.269066527,Metals
mp-1025296,154.820894,44.99853257,123.0720133,0.367511408,Metals
mp-1025324,201.4992318,74.31672323,198.5415455,0.335779733,Metals
mp-20146,134.5130453,60.91340108,158.7736482,0.303273544,Metals
mp-3363,105.1128648,43.58018858,114.8659479,0.317868872,Metals
mp-646507,154.7276276,68.94403904,180.0845623,0.306019816,Metals
mp-504687,63.33592661,27.2844997,71.57549118,0.311651156,Metals
mp-8539,41.51804296,26.41945128,65.38862766,0.237509193,Composites
mp-9289,81.94591741,54.49313329,133.8171002,0.227834519,Metals
mp-1018062,177.4372632,70.8179335,187.5080243,0.323873876,Metals
mp-1018066,172.9263877,76.51218997,200.0344689,0.307206531,Metals
mp-1018085,186.247331,74.21523522,196.5401448,0.32412263,Metals
mp-669918,187.693903,82.03923014,214.8192088,0.309246859,Metals
mp-862993,58.98909782,40.53650295,98.94496553,0.22044279,Metals
mp-867348,58.02190018,40.40508687,98.37898909,0.217408459,Metals
mp-2990,75.5832609,8.67E+12,680.2493481,-1,Unknown
mp-30563,142.157398,-3.78E+13,1279.416582,-1,Unknown
mp-17092,-296625.7564,-58116.92349,-163662.1708,0.408042279,Unknown
mp-5443,148.2791748,1.43E+16,1334.512573,-1,Unknown
mp-569834,-4.23E+11,-1.89E+16,-3.81E+12,-0.999899106,Unknown
mp-11361,78.28966558,38.4084944,99.03081854,0.289178606,Metals
mp-11808,140.4354446,59.22258564,155.7711686,0.315133128,Metals
mp-11869,123.9956282,59.33236507,153.511778,0.29365969,Metals
mp-21418,59.74956862,15.77013277,43.48465887,0.378703005,Metals
mp-22027,79.18851397,23.61922931,64.44994841,0.364353332,Metals
mp-22786,98.70031962,53.5024786,135.9437596,0.270443568,Metals
mp-2894,88.35293903,45.22291001,115.8952976,0.281378151,Metals
mp-30405,55.81190227,29.02625768,74.21332648,0.278382617,Metals
mp-30591,52.6662858,36.41187454,88.77649678,0.219059687,Metals
mp-30807,1787894.902,1058174.365,2651434.855,0.252834572,Unknown
mp-30848,145.0467899,54.57193027,145.4718408,0.332844927,Metals
mp-3676,97.85441686,58.62035664,146.5892968,0.250327576,Metals
mp-5549,65.61925207,28.54008963,74.77894902,0.310068573,Metals
mp-567347,46.66528208,27.5755784,69.11321143,0.253159778,Composites
mp-961682,118.9743084,48.95124946,129.1421645,0.319089563,Metals
mp-961687,118.3926419,56.31922373,145.8334165,0.294703716,Metals
mp-1017632,174.3294996,46.15059189,127.2249394,0.378367364,Metals
mp-10608,81.99464858,62.9314158,150.3335855,0.19442399,Metals
mp-29241,54.84562536,46.01189457,107.8703054,0.172200215,Metals
mp-29243,36.77127116,25.93254709,62.98997237,0.214496443,Composites
mp-644483,123.2813267,53.05407971,139.1947649,0.311819615,Metals
mp-7961,44.12426833,35.92259834,84.76479472,0.179825495,Composites
mp-11490,37.54808982,32.05438014,74.8605929,0.167712378,Composites
mp-11492,100.8196832,40.37622611,106.8631717,0.323342744,Metals
mp-11519,180.2444157,58.94202905,159.4458669,0.352565135,Metals
mp-12580,35.89895325,27.25954057,65.26034135,0.197018365,Composites
mp-13915,112.9140334,47.72981028,125.50534,0.314747946,Metals
mp-19877,146.6469367,50.39925281,135.6570049,0.345823572,Metals
mp-19963,183.2774831,108.1857504,271.1963111,0.25338277,Metals
mp-20440,141.1806253,56.03881282,148.4720994,0.324725596,Metals
mp-20481,129.8660929,42.51648734,114.9996592,0.352412516,Metals
mp-20730,161.751092,82.61276916,211.7829577,0.281781012,Metals
mp-20840,166.9275978,86.88798252,222.1244022,0.278222809,Metals
mp-21467,165.4251968,80.15161733,207.0198492,0.291426525,Metals
mp-21469,178.310552,76.40788045,200.5742713,0.312523461,Metals
mp-22221,103.9685046,42.78724211,112.8772143,0.31905223,Metals
mp-22503,153.9506219,76.56342949,197.027999,0.286697842,Metals
mp-27636,7.068649074,4.049760717,10.20114093,0.259474528,Unknown
mp-2927,59.4825118,29.14478892,75.15907588,0.289408479,Metals
mp-30419,25.03711163,2.104570663,6.141627587,0.459116506,Composites
mp-30592,149.2525818,53.77074183,144.0173394,0.339179399,Metals
mp-30595,177.0394853,71.54587555,189.1567144,0.321926058,Metals
mp-30731,110.9596051,20.21571062,57.17490339,0.414120544,Metals
mp-30774,116.0566968,60.93528535,155.5773529,0.276578521,Metals
mp-30844,142.6744151,28.63173266,80.5096696,0.405951756,Metals
mp-3504,156.9666455,51.44613664,139.1375396,0.352264219,Metals
mp-3740,159.4193067,48.16209595,131.2672569,0.362765203,Metals
mp-3791,137.5204227,76.77776504,194.1937795,0.264648557,Metals
mp-3942,113.1525829,29.64355038,81.78838358,0.379530834,Metals
mp-4536,126.0556461,54.95280438,143.9417214,0.309684947,Metals
mp-4828,153.4058051,54.83048486,146.980178,0.340314411,Metals
mp-4897,123.982517,41.80091697,112.7333385,0.348455329,Metals
mp-4990,169.6350606,60.65630385,162.5898597,0.340255252,Metals
mp-5538,107.7935751,14.57354579,41.83527961,0.43531575,Metals
mp-636599,200.7102885,91.12496172,237.4411433,0.302832609,Metals
mp-672374,146.8208479,47.11828503,127.6947644,0.355044695,Metals
mp-7243,108.0048891,35.12685061,95.0735093,0.353288263,Metals
mp-861510,53.84847145,21.84539269,57.72955152,0.321320984,Metals
mp-861935,116.1991043,43.35081789,115.6682028,0.334094816,Metals
mp-861940,34.3460324,25.22063606,60.78384568,0.205041886,Composites
mp-862319,42.61463344,18.92368932,49.45120902,0.306595352,Composites
mp-862623,154.2643457,16.2631811,47.13321749,0.449077435,Metals
mp-862734,58.08556171,26.03466243,67.95172175,0.305024061,Metals
mp-862805,80.5502593,21.12800174,58.28778941,0.379396644,Metals
mp-862821,109.7422823,19.70346557,55.77253919,0.415297705,Metals
mp-862890,60.15907204,10.53923385,29.87321122,0.417238276,Metals
mp-862956,83.85075694,22.91384922,63.00264825,0.374772253,Metals
mp-862990,61.03564139,23.27529141,61.95107957,0.330833597,Metals
mp-863655,56.29596707,25.59296292,66.67507077,0.302605544,Metals
mp-863676,61.63320151,20.63842993,55.69826833,0.349382403,Metals
mp-863703,50.1050257,27.12978643,68.94562949,0.270662961,Metals
mp-864599,88.44921855,23.39003463,64.48577096,0.378488146,Metals
mp-864628,67.46566629,14.39244217,40.31082539,0.400416445,Metals
mp-864633,57.53113918,22.61126946,59.97637143,0.32624954,Metals
mp-864668,82.55426811,22.56593969,62.04459033,0.374739789,Metals
mp-864784,142.7070463,68.8881416,178.0196314,0.292091986,Metals
mp-864795,45.02805123,17.2075559,45.78978328,0.330513861,Composites
mp-864883,112.1343716,40.47080567,108.3744803,0.338921705,Metals
mp-864906,175.9381251,28.18498742,80.26866139,0.423961278,Metals
mp-864947,170.4825706,27.82614625,79.17101088,0.42260107,Metals
mp-864971,176.9346075,83.55665361,216.5773655,0.29599114,Metals
mp-865039,187.3834929,76.33111761,201.616967,0.32067349,Metals
mp-865249,153.3662862,68.9197715,179.8230142,0.304582199,Metals
mp-865252,141.5441627,13.99578433,40.64761734,0.452137886,Metals
mp-865378,142.7142762,16.53508106,47.76070199,0.444223401,Metals
mp-865379,156.4386739,71.20093224,185.4654402,0.302408791,Metals
mp-865467,65.87808748,20.38435971,55.43537322,0.359752625,Metals
mp-865470,46.29591981,13.56449901,37.0727773,0.366536916,Composites
mp-865677,93011788.57,-34453839.57,-117921903.7,0.711302792,Unknown
mp-865679,146.594697,35.54223287,98.65375295,0.387838425,Metals
mp-865707,179.3222009,-66.64677399,-228.2127957,0.712106843,Unknown
mp-865710,67.95959622,10.27090013,29.33488283,0.428058031,Metals
mp-865797,127.341342,69.38957517,176.1698239,0.269425727,Metals
mp-865888,205.9545565,106.3281098,272.1500491,0.279765292,Metals
mp-865935,34.88318837,30.24826704,70.39700951,0.163653597,Composites
mp-865944,152.6857221,53.12354558,142.808327,0.34411517,Metals
mp-865957,70.3595153,14.65049617,41.09890425,0.402645472,Metals
mp-865964,34.09879289,28.79343122,67.40715573,0.170530098,Composites
mp-865974,117.0999762,32.67492508,89.68320766,0.372355215,Metals
mp-866051,183.7264242,107.9895665,270.893922,0.254259698,Metals
mp-866073,147.5834267,51.79945678,139.1218453,0.342889038,Metals
mp-866103,38.11098512,19.52861262,50.0389476,0.28117006,Composites
mp-866174,99.61145449,20.98174606,58.81567447,0.401591514,Metals
mp-866219,199.5766829,107.6005185,273.6268258,0.271493993,Metals
mp-866221,174.6281846,35.56336712,99.9079522,0.404646977,Metals
mp-866229,36.77835194,28.38684277,67.73401849,0.193053047,Composites
mp-866285,150.5942867,66.7443101,174.4591434,0.306921467,Metals
mp-866287,88.94016913,22.61004999,62.5313208,0.382821374,Metals
mp-867118,77.31423787,23.85179638,64.88314049,0.360131108,Metals
mp-867149,29.05158945,23.13137484,54.83942653,0.185390555,Composites
mp-867169,30.24767399,23.26961715,55.56108683,0.193854769,Composites
mp-867171,30.55366992,21.36573651,51.98074918,0.216451143,Composites
mp-867748,169.6160255,81.05263383,209.747892,0.293899298,Metals
mp-867751,39.95126884,17.97979931,46.90323615,0.304331471,Composites
mp-867801,49.21293923,18.98194305,50.45838737,0.329115445,Composites
mp-972511,62.37726602,24.10491931,64.06268211,0.328830047,Metals
mp-972526,84.80881954,23.38341856,64.24566795,0.37374413,Metals
mp-975578,36.57725437,14.12285353,37.53737229,0.328958493,Composites
mp-976076,33.68259205,18.11141785,46.07580251,0.272009814,Composites
mp-977110,80.16466038,32.58479545,86.08996217,0.32101431,Metals
mp-977372,58.63346172,23.03351232,61.09974832,0.326322869,Metals
mp-977568,142.0574216,36.45519442,100.7475397,0.381799512,Metals
mp-982009,54.03714712,24.38153247,63.58189197,0.303894496,Metals
mp-3138,18.67712055,9.337593814,24.01131052,0.285733295,Composites
mp-1029469,131.514769,65.90562127,169.417038,0.285300364,Metals
mp-13089,46.93316042,21.11616182,55.08691886,0.304378119,Composites
mp-12613,74.37985167,32.42011486,84.92196763,0.309711085,Metals
mp-20001,70.04124378,29.49164303,77.58551503,0.31538136,Metals
mp-20490,82.40936276,36.89587797,96.31391708,0.30521243,Metals
mp-21401,59538.33121,-5472.627336,-16936.81306,0.54741151,Unknown
mp-21490,79.44171265,32.77753167,86.44374215,0.318643256,Metals
mp-22275,109.7300644,42.69552435,113.3811861,0.327787722,Metals
mp-22617,89.71510466,45.5172097,116.7988824,0.283018919,Metals
mp-30437,67.58141352,25.69372502,68.41141428,0.331286418,Metals
mp-4864,40.89174994,28.84106079,70.05353398,0.214475682,Composites
mp-510152,45.59319722,10.94961887,30.41411496,0.388820713,Composites
mp-5186,96.97849482,40.03334702,105.5729734,0.318562913,Metals
mp-21139,43.07818147,30.73255117,74.48482891,0.211823068,Composites
mp-10955,24.11948169,14.60363473,36.45369236,0.248103402,Composites
mp-10519,66.37236974,29.83389962,77.83900861,0.304539628,Metals
mp-11658,55.60682461,24.0050016,62.95583541,0.311306628,Metals
mp-675880,45.42188312,20.41274351,53.25984711,0.304573466,Composites
mp-1025500,63.5647438,31.51746787,81.14153301,0.287247017,Metals
mp-11770,68.6048744,30.42351691,79.51643201,0.306825116,Metals
mp-11771,-2249641.545,-337435.6961,-964103.4223,0.428573552,Unknown
mp-16565,49.69433925,22.31328223,58.22526131,0.304722019,Composites
mp-16566,49.54890989,22.05347073,57.61287264,0.306208745,Composites
mp-19722,64.78413016,25.77852111,68.27915032,0.324341882,Metals
mp-22400,50.87016542,20.75675883,54.81483683,0.320409349,Metals
mp-22648,70.30251798,28.56317941,75.46880845,0.321085573,Metals
mp-11806,86.93401753,45.30195171,115.7924283,0.278007061,Metals
mp-7554,61.09961588,25.67480772,67.56109031,0.315707815,Metals
mp-7555,73.75400264,41.17091204,104.1358531,0.26467751,Metals
mp-569114,30.02485207,12.20513862,32.24606155,0.321003495,Composites
mp-20086,66.75285899,51.73855918,123.3477141,0.192028886,Metals
mp-20155,103.6245683,57.60349792,145.795284,0.265507211,Metals
mp-22752,81.1350448,61.93793908,148.1220342,0.195729438,Metals
mp-510219,117.0746612,63.76103385,161.8931048,0.269530111,Metals
mp-565,107.8202405,53.0162402,136.651161,0.288766994,Metals
mp-2398,64.08519498,22.01243139,59.25307396,0.345900253,Metals
mp-1573,82.43470284,33.03154785,87.41846399,0.323257154,Metals
mp-27505,111.0668054,57.38169757,146.8546933,0.279630087,Metals
mp-19962,92.69225467,28.20416638,76.82087789,0.361871095,Metals
mp-2083,110.2417745,33.6670506,91.6694228,0.361411546,Metals
mp-1072865,61.99815803,31.54411316,80.9102074,0.282492981,Metals
mp-1072922,61.21675161,40.32734349,99.19912032,0.229923815,Metals
mp-1077102,62.52965017,38.72865555,96.30361475,0.243312134,Metals
mp-13010,60.28740383,39.46490372,97.1878984,0.231320607,Metals
mp-30613,61.75429933,39.1855275,97.03286225,0.238121169,Metals
mp-30872,73.45488643,44.17024193,110.3849844,0.249540183,Metals
mp-1025069,54.67620899,31.85509209,80.02421605,0.256066311,Metals
mp-12701,56.01306143,32.2748091,81.22396998,0.258318364,Metals
mp-30767,27.81099937,25.90138745,59.29599547,0.144649019,Composites
mp-1046,96.93485994,48.17015033,123.974731,0.286841853,Metals
mp-20887,95.00128442,52.36977722,132.7215907,0.267158252,Metals
mp-567982,103.2605696,50.94280075,131.2454306,0.288164654,Metals
mp-755328,89.02414348,56.64089921,140.1909149,0.237541395,Metals
mp-568866,16.41637951,11.00221437,26.97945624,0.2260921,Composites
mp-568974,64.34548989,31.73655004,81.76664069,0.288209345,Metals
mp-13920,43.5210721,20.30398894,52.7143211,0.298127212,Composites
mp-7366,50.20643282,6.942382978,19.90947629,0.43390795,Metals
mp-7882,47.10538526,13.6302136,37.29360157,0.368049052,Composites
mp-7557,-6077433.47,-903706.8421,-2583086.599,0.429161802,Unknown
mp-31496,47.27166715,23.10798578,59.61071453,0.289829306,Composites
mp-19807,101.7608531,56.02047646,142.0032997,0.26742317,Metals
mp-11957,76.06863233,42.00680645,106.4294997,0.266812556,Metals
mp-11958,59.79403551,24.75742415,65.26475614,0.318084542,Metals
mp-11959,67.95417598,35.65697477,91.04629394,0.276696839,Metals
mp-20754,47.43087507,27.44867127,69.02993393,0.257436712,Composites
mp-30598,48.58886998,25.05111837,64.13180826,0.280018866,Composites
mp-862750,59.81111315,28.4087442,73.57714692,0.29497359,Metals
mp-989540,43.34666625,29.29002305,71.71670194,0.224251374,Composites
mp-989590,45.55915463,38.09487,89.37416071,0.173047194,Composites
mp-989592,37.07791895,29.80033519,70.51067989,0.183051792,Composites
mp-30768,30.34879432,29.22412157,66.36915447,0.135520093,Composites
mp-680677,126.8420304,60.37247043,156.3169095,0.294604216,Metals
mp-981383,57.90199511,8.269961891,23.68239156,0.431831964,Metals
mp-30597,104.4722222,1.27E+15,940.25,-1,Unknown
mp-17695,73.01172058,-2.82E+12,657.1054852,-1,Unknown
mp-567412,22939572.63,1330389.043,3915474.007,0.47155226,Unknown
mp-570377,34.48878632,22.10724949,54.64579635,0.235924812,Composites
mp-11290,44.22468095,23.51941065,59.93366354,0.274131917,Composites
mp-11571,57.29284984,12.84575415,35.85737577,0.395689788,Metals
mp-2484,57.38877485,17.88739389,48.6116276,0.358823647,Metals
mp-376,56.07277037,20.18725058,54.07269035,0.339278227,Metals
mp-435,68.41726575,32.28982597,83.70168635,0.296099992,Metals
mp-633,56.39180415,25.44714869,66.3597044,0.303873082,Metals
mp-881,120.6823228,41.01639129,110.5274873,0.34735753,Metals
mp-1371,65.41328729,24.17562555,64.57197913,0.335476904,Metals
mp-637255,87.70632616,49.42460967,124.8262959,0.262794959,Metals
mp-11269,55.01284168,23.56959568,61.87259527,0.312551054,Metals
mp-11879,46.9693207,31.8482604,77.93074086,0.223469349,Composites
mp-30433,60.95410638,26.84160511,70.21782989,0.308003556,Metals
mp-30805,51.33642045,25.03877322,64.61176149,0.290234169,Metals
mp-30834,56.48255576,14.91106744,41.11514865,0.378678918,Metals
mp-31469,118.4836684,3.85E+12,1066.353016,-1,Unknown
mp-1195808,51.54044279,7.159903864,20.52909039,0.433614946,Metals
mp-20174,97.19575673,52.30083217,133.0397019,0.271869839,Metals
mp-31277,71.75738294,37.66379659,96.16624175,0.276640308,Metals
mp-1393,53.10866214,16.84276614,45.6974967,0.356591201,Metals
mp-20662,60.64826226,31.739793,81.07589994,0.277196419,Metals
mp-2128,56.65978304,25.31741704,66.10613409,0.305546572,Metals
mp-1095591,85.28784949,49.24326965,123.8866878,0.257904773,Metals
mp-675477,32.98096012,23.21834656,56.41618401,0.214905288,Composites
mp-16648,63.93970946,42.09888159,103.5666827,0.230040785,Metals
mp-20202,73.43482344,49.84464791,121.943749,0.223238142,Metals
mp-21297,68.50521254,46.73250604,114.2239618,0.222103965,Metals
mp-21894,69.23815263,47.87692531,116.7261133,0.219022656,Metals
mp-22418,49941.32369,29941.96825,74864.42541,0.25015872,Unknown
mp-1101850,82.81330323,37.19715131,97.05943144,0.304662158,Metals
mp-20844,81.32358007,41.08043766,105.480267,0.283825989,Metals
mp-571223,0,12.45569594,0,-1,Unknown
mp-975640,79.80279436,48.83431174,121.6822888,0.24586878,Metals
mp-7924,41.74717574,19.37395632,50.33535453,0.299046867,Composites
mp-2426125,2632505967,7086082397,11204742813,-0.209383819,Unknown
mp-1233,79.97720724,30.76712343,81.81056565,0.329512748,Metals
mp-20382,-1224757.014,-250723.2568,-704122.1963,0.404182056,Unknown
mp-568232,102.2622468,56.91296483,144.0210925,0.265274907,Metals
mp-639910,117.7220116,55.84323014,144.6563722,0.295200617,Metals
mp-569331,61.92585235,20.02197766,54.22219398,0.354066888,Metals
mp-31136,65.53296714,39.5927011,98.86737874,0.248555617,Metals
mp-20466,135.4862621,59.83081138,156.4613006,0.307531162,Metals
mp-22040,110.2579484,62.38407821,157.4559753,0.261988474,Metals
mp-22344,106.1797257,38.73426729,103.6045233,0.33737554,Metals
mp-2729,119.3803437,41.17976212,110.7993577,0.345313231,Metals
mp-32,57.91604159,46.52372427,110.0922776,0.183184271,Metals
mp-21237,161.0397109,85.23220582,217.3513454,0.27505409,Metals
mp-22510,139.7062742,78.51958273,198.3912498,0.263323383,Metals
mp-16370,80.52206633,42.41192072,108.2331958,0.275976117,Metals
mp-9939,133.0252321,92.28785773,224.8630822,0.218270137,Metals
mp-423,155.1138831,-6.68E+13,1396.024948,-1,Unknown
mp-22478,151076.5548,-5.98E+12,1359689.096,-1.000000114,Unknown
mp-1025397,171.9446478,85.4612397,219.9442613,0.286807107,Metals
mp-10692,108315.0931,64972.77793,162438.7259,0.250052184,Unknown
mp-1078464,142.5290193,76.64398039,194.9818928,0.271997434,Metals
mp-20861,157.4113162,87.02657977,220.4530982,0.266584869,Metals
mp-20866,101.1323626,52.89616804,135.1292207,0.277306332,Metals
mp-21008,190.9944467,88.2661126,229.4520403,0.299774248,Metals
mp-862864,111.0329357,67.56008325,168.5038097,0.247066327,Metals
mp-985282,83.09489178,18.03813257,50.46292223,0.398784548,Metals
mp-1221,184.1565182,42.4144335,118.1710232,0.393052004,Metals
mp-1373,171.5193857,20.50490261,59.15731637,0.442516394,Metals
mp-20685,229.2127489,134.0598197,336.563988,0.255275401,Metals
mp-10759,57.61063412,48.51515504,113.6446082,0.17122792,Metals
mp-1093,86.35573851,50.05228197,125.843618,0.257121684,Metals
mp-20711,142.7822547,76.80039804,195.3719893,0.271946463,Metals
mp-408,49.42882333,42.78301923,99.60998362,0.164129898,Composites
mp-865027,195.8402986,96.55027822,248.7693157,0.288288963,Metals
mp-867342,32.98001731,28.929591,67.15343463,0.160635742,Composites
mp-9935,60.20627954,28.88756193,74.71329573,0.293174133,Metals
mp-19724,123.7117449,44.25918394,118.6304525,0.340178941,Metals
mp-1099,139.5431011,65.15682057,169.1442957,0.297978433,Metals
mp-1424,123.4012832,51.38219227,135.3594533,0.317182542,Metals
mp-17383,174.3679254,44.43906584,122.8783526,0.382548781,Metals
mp-2102,70.37913823,48.0308053,117.388236,0.222009867,Metals
mp-21345,64.21502259,41.28079965,101.9879828,0.23529563,Metals
mp-22585,203.4043595,71.88636053,192.9308024,0.341915218,Metals
mp-542640,141.3924677,55.21636763,146.5697107,0.327230647,Metals
mp-1405,80.97049726,58.14502817,140.745288,0.210295122,Metals
mp-16342,81.06353537,59.30671035,143.0376475,0.20591453,Metals
mp-1730,30.70874661,19.5585085,48.40012281,0.237316302,Composites
mp-19918,73.20333676,50.09041669,122.3619523,0.221410804,Metals
mp-20122,81.64737066,59.18171119,142.9953087,0.208103871,Metals
mp-2264,80.87558252,59.61891054,143.5766765,0.204120263,Metals
mp-2360,48.14599488,34.30894243,83.17090393,0.212087841,Composites
mp-511,69.51444974,19.32488696,53.05798716,0.372789069,Metals
mp-663,71.49742592,51.19281072,123.9865885,0.210976568,Metals
mp-9970,89.43454461,62.30480021,151.6894542,0.217317555,Metals
mp-9971,78.28791786,58.52975893,140.5605607,0.200761487,Metals
mp-9918,40.02930069,21.97583802,55.7291878,0.26796502,Composites
mp-4008,59.5698641,38.87018508,95.77831652,0.232028048,Metals
mp-4953,52.27103676,28.91500378,73.24015053,0.266473127,Metals
mp-1018726,156.9029269,94.55260631,236.2097061,0.24909146,Metals
mp-1019109,90.67429792,48.56305841,123.6198616,0.272776732,Metals
mp-13964,94.05948365,63.13117623,154.7676877,0.225762745,Metals
mp-20235,51.23504555,38.77507799,92.8915526,0.197825477,Metals
mp-20354,77.27758923,51.55340513,126.5245422,0.227121098,Metals
mp-20531,39.83263163,18.20755722,47.40040554,0.30166845,Composites
mp-20761,64.82670364,36.88964997,93.02386609,0.260839642,Metals
mp-20913,93.43526793,52.19185249,131.9980357,0.264546374,Metals
mp-21194,83.49019539,46.02833703,116.6487665,0.267140788,Metals
mp-21399,77.51241403,39.98666647,102.3586062,0.27990922,Metals
mp-21433,82.00162021,57.28904452,139.4032307,0.216665698,Metals
mp-3208,68.89609878,54.79782181,129.9426736,0.185655463,Metals
mp-3274,167.5470578,55.29238325,149.438377,0.35134686,Metals
mp-4743,90.6891707,54.98858556,137.2297392,0.247802047,Metals
mp-4878,103.6246577,71.10822809,173.6130426,0.220766198,Metals
mp-4997,118.6723719,78.98847117,193.9371484,0.22762946,Metals
mp-5042,86.87447796,51.9307006,129.9073283,0.25077581,Metals
mp-567712,61.80465928,40.48908263,99.69641651,0.231151832,Metals
mp-754515,33.6071832,23.41576231,57.00735322,0.217285871,Composites
mp-7917,111.1246892,75.23799392,184.1531254,0.223804064,Metals
mp-7918,126.6761454,83.11724162,204.6024622,0.230806378,Metals
mp-9463,98.51270586,75.90475712,181.1806113,0.193473362,Metals
mp-29809,77.81047632,54.39619702,132.3477754,0.216516803,Metals
mp-10078,83.69458685,56.03730439,137.4382163,0.226310025,Metals
mp-10311,144.1723589,88.44065519,220.2794467,0.245351735,Metals
mp-10312,154.8710538,91.38659175,229.0976555,0.25345333,Metals
mp-10455,82.63466835,56.87219031,138.7789857,0.220095313,Metals
mp-20070,73.26785585,46.83043294,115.8160198,0.236546542,Metals
mp-3109,72.78962864,44.49374314,110.8873767,0.246100787,Metals
mp-3579,86.27553322,55.39535352,136.8885036,0.235559437,Metals
mp-4395,71.80369962,46.87848111,115.4999577,0.231908063,Metals
mp-4738,64.55001498,41.24685893,102.012278,0.236606625,Metals
mp-4854,65.89029169,42.29518949,104.521368,0.235617683,Metals
mp-6979,98.76559357,60.17634599,150.0538716,0.246784506,Metals
mp-541449,76079626.61,961402788.3,553350226.4,-0.712217276,Unknown
mp-2420227,58.43764704,55.40196472,126.2945887,0.139802436,Metals
mp-21440,199.840421,-5.82E+13,1798.563789,-1,Unknown
mp-22191,99.37965469,132.6610848,275.4278128,0.038088197,Metals
mp-22769,168.8847886,2.57E+13,1519.963097,-1,Unknown
mp-9951,183.6034945,-2.15E+12,1652.431451,-1,Unknown
mp-13160,4.00E+14,1.01E+16,3.22E+15,-0.840076466,Unknown
mp-21040,151.9629262,109.7954056,265.4546199,0.208860327,Metals
mp-21164,67.98816225,21.00536144,57.13229305,0.359945489,Metals
mp-22151,65.24999016,23.44430075,62.81032557,0.339564917,Metals
mp-12411,48.48322301,42.99611947,99.55814979,0.157757386,Composites
mp-13308,86.61028905,32.50636113,86.67547459,0.333207895,Metals
mp-2935,61.01004072,38.29821485,95.01350397,0.240442986,Metals
mp-35841,58.79412535,45.51194299,108.5314578,0.192340413,Metals
mp-961697,95.06204423,41.26137932,108.1384244,0.310407288,Metals
mp-865181,167.4704063,103.0325516,256.4963702,0.244734631,Metals
mp-9721,58.53444227,48.43659512,113.894352,0.175705597,Metals
mp-1018071,213.5622356,85.05947777,225.2708089,0.324195815,Metals
mp-10686,40.13513756,26.20407755,64.56156624,0.231899236,Composites
mp-13322,168.2002071,90.63777295,230.508702,0.271592927,Metals
mp-13914,154.0316548,99.70984919,246.0396463,0.233778049,Metals
mp-16341,41.26240976,21.56116809,55.0882701,0.277488072,Composites
mp-16349,132.6441372,66.95129269,171.9274462,0.28397406,Metals
mp-16358,150.6839465,46.32261072,126.0511331,0.360578896,Metals
mp-19850,197.3470506,100.3979768,257.5232885,0.282512341,Metals
mp-19971,179.2475577,54.0891093,147.4372774,0.362910938,Metals
mp-22029,160.7435271,50.17027521,136.3275848,0.358648964,Metals
mp-29633,121.8125769,47.06285532,125.0801354,0.328862587,Metals
mp-4612,188.4551882,89.31000245,231.3793389,0.295371921,Metals
mp-4664,189.2492982,47.63252403,131.8368171,0.383894931,Metals
mp-505781,134.5930839,32.90017494,91.26425845,0.386987434,Metals
mp-567097,88.21047488,47.27745693,120.3341891,0.272638134,Metals
mp-861872,47.44467542,15.11656382,40.99574459,0.355987547,Composites
mp-861881,77.80386507,23.91146335,65.06855042,0.360614143,Metals
mp-861882,206.9442362,107.430944,274.7493042,0.27872517,Metals
mp-861955,52.42786888,29.08534962,73.63858413,0.265905088,Metals
mp-862667,38.7152464,21.09532246,53.55828186,0.269435012,Composites
mp-862706,201.0758604,89.26715244,233.2800778,0.306640077,Metals
mp-862713,227.4465834,99.73570904,261.0501506,0.308709554,Metals
mp-862742,62.04640313,28.87184242,74.98473046,0.298578895,Metals
mp-862786,54.86434591,19.24661542,51.69492288,0.342961393,Metals
mp-862979,64.3801352,23.88863855,63.77756521,0.334893261,Metals
mp-862994,58.54419267,23.78713322,62.84928664,0.321077367,Metals
mp-863664,66.22814602,25.05457375,66.74679395,0.332028128,Metals
mp-863684,71.25918355,22.80729199,61.82585871,0.355396746,Metals
mp-863685,73.85175483,21.3390188,58.39295873,0.368220331,Metals
mp-863686,64.27561204,22.50781997,60.46558123,0.343212743,Metals
mp-864669,220.426622,-14.82652779,-45.49973089,0.53440278,Unknown
mp-864936,227.3452096,112.4012891,289.4944161,0.287771779,Metals
mp-865067,34.6510589,23.57024065,57.64121074,0.222753972,Composites
mp-865160,184.9581993,79.83090743,209.3702148,0.311335556,Metals
mp-865162,162.4509341,60.00698749,160.2852861,0.335555182,Metals
mp-865191,223.6054217,102.3636857,266.434322,0.301410359,Metals
mp-865465,197.7893155,90.5793514,235.7501107,0.301345765,Metals
mp-865482,243.003464,98.46968648,260.2555395,0.321500803,Metals
mp-865554,224.3291718,112.7281437,289.6644573,0.284792102,Metals
mp-865585,236.8807561,105.8426355,276.3661038,0.305551882,Metals
mp-865640,228.1061298,116.9956146,299.7411133,0.280992943,Metals
mp-865986,37.31546476,27.32718477,65.89576764,0.205681599,Composites
mp-866018,47.09191915,21.36763648,55.68124758,0.302934174,Composites
mp-866375,210.4643054,127.2638835,317.7465011,0.248376571,Metals
mp-866376,191.6423328,92.12238272,238.1996587,0.292843562,Metals
mp-867241,56.20480325,17.72135844,48.10793585,0.357343344,Metals
mp-867917,199.9198545,68.51938177,184.4820406,0.346203336,Metals
mp-9472,64.67640402,27.00632417,71.12000028,0.316728627,Metals
mp-973066,172.9000669,12.39008637,36.30309446,0.465005706,Metals
mp-973325,38.78038701,34.41019151,79.66737738,0.157613107,Composites
mp-977443,205.0664415,90.94536491,237.6971514,0.306812896,Metals
mp-983425,50.349812,26.43269719,67.48810032,0.276602607,Metals
mp-983566,43.25159159,18.91758708,49.53134302,0.309134796,Composites
mp-983587,54.43239106,16.12415154,44.02534154,0.365198703,Metals
mp-12806,49.77024591,23.16868529,60.16949904,0.298509136,Composites
mp-4728,59.60159338,28.39644912,73.5143444,0.29442847,Metals
mp-1018699,48.49129738,38.44434577,91.22502489,0.186455681,Composites
mp-15641,46.9331106,38.03170527,89.83069344,0.180997444,Composites
mp-15643,40.84287133,32.98986039,77.97533802,0.181807639,Composites
mp-16356,158.4058886,84.94468576,216.1902626,0.272535537,Metals
mp-20007,143.4499899,64.92410602,169.2401547,0.303369157,Metals
mp-20043,123.1769545,58.09172782,150.6002263,0.296227811,Metals
mp-20059,85.14173844,74.35812942,172.7765351,0.161786455,Metals
mp-20268,151.5387544,71.01526075,184.2623073,0.297343032,Metals
mp-20777,101.9096407,55.66658556,141.2763981,0.268951532,Metals
mp-21157,109.6023749,62.85228697,158.297841,0.259284655,Metals
mp-21286,148.8188144,64.45691335,168.9750556,0.310759753,Metals
mp-21340,176.7088427,80.05125362,208.6471898,0.303210009,Metals
mp-22287,224.1236595,96.07025612,252.1787582,0.312470521,Metals
mp-22636,197.9969839,77.60297201,205.9077438,0.326674343,Metals
mp-22670,120.9530609,56.76201689,147.2515145,0.29709551,Metals
mp-31153,91.21895572,36.81785749,97.35536007,0.322121474,Metals
mp-505282,113.2327333,30.92183674,85.02583162,0.374850924,Metals
mp-7066,124.6218856,64.43422456,164.8853539,0.279485825,Metals
mp-13520,23.22200205,16.97316686,40.94404549,0.206140428,Composites
mp-753490,128.0931425,74.22596304,186.6292818,0.257169824,Metals
mp-29752,197.4185839,60.84133513,165.5204015,0.360262732,Metals
mp-15252,72.83919724,36.28042355,93.34347568,0.286416565,Metals
mp-674953,49.185498,23.04486188,59.79587335,0.29737973,Composites
mp-677105,58.83497959,28.36831542,73.32066543,0.292298544,Metals
mp-10824,55.30418013,28.6202453,73.22864762,0.279315513,Metals
mp-10952,64.58028286,30.86242142,79.86497768,0.293887096,Metals
mp-10967,50.67654588,24.71309286,63.77273693,0.290262156,Metals
mp-12854,47.47680948,24.05102921,61.72936812,0.283299928,Composites
mp-12855,53.3067742,24.79642543,64.40324004,0.298639601,Metals
mp-22053,71.54989451,33.72335548,87.43349452,0.296334443,Metals
mp-6498,72.76539193,34.27493571,88.87105909,0.296443848,Metals
mp-1018012,197.4252402,80.87385602,213.4724124,0.319786288,Metals
mp-1018024,205.4039948,100.7425036,259.7601623,0.289228245,Metals
mp-20474,70.78190193,28.42642746,75.21090236,0.322904584,Metals
mp-1025067,160.2792139,101.5950425,251.6207726,0.238351628,Metals
mp-314,85.64133327,47.91891095,121.1593037,0.264211783,Metals
mp-976273,134.3280108,86.91373704,214.4825946,0.233882018,Metals
mp-10201,172.2184638,139.1789232,328.9285393,0.181675112,Metals
mp-21117,118.3157964,79.01246225,193.8792294,0.226890188,Metals
mp-11722,64.61669988,24.87150509,66.1298697,0.329430395,Metals
mp-12750,68.82841381,28.81604797,75.86131769,0.316303293,Metals
mp-19761,63.41888938,19.86916777,53.97111177,0.358162365,Metals
mp-2129,66.60531007,21.56100349,58.38320954,0.35390752,Metals
mp-2611,39.826968,22.6613837,57.14561066,0.260858812,Composites
mp-1543,118.2856179,56.7859413,146.8570375,0.293075664,Metals
mp-10212,81.59521368,58.60096694,141.8455022,0.210265885,Metals
mp-13683,112.7763388,68.98601096,171.906026,0.245948444,Metals
mp-2430,109.0586107,73.23967123,179.5303892,0.225636231,Metals
mp-29900,110.9089647,50.69340932,131.9731414,0.30167948,Metals
mp-30045,123.0301139,66.19836178,168.3929018,0.271881186,Metals
mp-640708,129.4102134,69.5458762,176.9411868,0.272118467,Metals
mp-16371,88.00043945,53.18236701,132.7957488,0.248494156,Metals
mp-567889,115.6262219,82.88650828,200.7018935,0.210703031,Metals
mp-29088,50.48551858,31.33368534,77.88750699,0.242871787,Metals
mp-22044,88.8829733,45.86641215,117.4044407,0.279852023,Metals
mp-22511,64.34816621,51.06589775,121.1499892,0.186212272,Metals
mp-862697,75.12772642,59.16791354,140.5946363,0.188098649,Metals
mp-863723,74.90269011,28.68785143,76.31999392,0.330179678,Metals
mp-865403,76.43723979,59.36107993,141.463186,0.191548285,Metals
mp-865747,72.93026819,57.45048585,136.5071601,0.188041825,Metals
mp-867932,68.69517023,53.7582557,127.9091402,0.18966974,Metals
mp-977559,73.96322997,58.11898339,138.167183,0.188657947,Metals
mp-19808,57.12614166,35.82614046,88.89515795,0.24064659,Metals
mp-20400,124.0771649,19.40236033,55.32338046,0.425686863,Metals
mp-31209,71.33747826,52.36685826,126.2165543,0.205118643,Metals
mp-3501,101.6142991,32.9529647,89.21492264,0.353670656,Metals
mp-10697,86.58385703,55.50936918,137.2067771,0.235888456,Metals
mp-10698,73.5626236,42.58502522,107.0903844,0.257371386,Metals
mp-13399,113.6369119,44.83106909,118.8623522,0.325669391,Metals
mp-13910,56.01662598,31.33846014,79.23870251,0.264240523,Metals
mp-13911,57.71754376,16.545358,45.30684194,0.369170796,Metals
mp-16259,118.0895784,65.8779432,166.6453418,0.26480377,Metals
mp-16260,86.45736184,28.2885191,76.51988569,0.352490129,Metals
mp-19787,81.01751531,52.63529866,129.7971179,0.23298548,Metals
mp-19791,103.1043264,50.00019828,129.1272733,0.291267612,Metals
mp-19824,80.57045689,55.52474605,135.457588,0.219794754,Metals
mp-20238,145.8577162,73.9115643,189.6931527,0.283244066,Metals
mp-20264,109.0981755,27.7416983,76.7220811,0.382793516,Metals
mp-20542,101.71033,66.94341415,164.69698,0.230120857,Metals
mp-20646,42.46674286,1.656943943,4.907012131,0.480741745,Composites
mp-20785,125.9871285,55.76869278,145.7939865,0.307131109,Metals
mp-20933,121.5690811,60.06284264,154.7097206,0.287898755,Metals
mp-21000,115.1154818,68.50378934,171.4934884,0.251708045,Metals
mp-21079,132.2730201,59.60206975,155.4566764,0.30412146,Metals
mp-21113,129.8157704,55.66503097,146.1109562,0.312412421,Metals
mp-21281,134.0835105,72.4898877,184.263408,0.270959398,Metals
mp-21388,98.22328996,46.11209704,119.6176467,0.297031086,Metals
mp-21415,114.0661145,47.50502755,125.1424258,0.317149282,Metals
mp-22412,52.22388066,37.18271433,90.15237549,0.21228879,Metals
mp-22486,115.2999533,69.16017421,172.9086826,0.250059623,Metals
mp-22760,95.75551176,63.75605371,156.5282226,0.227555765,Metals
mp-2949,80.49004779,41.92411795,107.1661373,0.278096505,Metals
mp-3011,146.2941137,70.28617751,181.7513908,0.292938364,Metals
mp-3065,108.9752288,31.80388856,86.95275347,0.367014497,Metals
mp-3177,95.82717484,30.19817386,81.98273704,0.357412164,Metals
mp-3207,64.74707764,37.01192066,93.26455864,0.259925951,Metals
mp-3241,77.69420565,42.03847526,106.8450014,0.270800151,Metals
mp-3264,115.7263497,35.32931742,96.19867094,0.361456688,Metals
mp-3325,88.09133062,21.97520258,60.86453295,0.384845776,Metals
mp-3329,112.5129204,47.79507949,125.6003773,0.313946735,Metals
mp-3605,142.6465863,67.7876361,175.5542962,0.294884335,Metals
mp-3709,131.4529998,72.95232736,184.6910518,0.265833857,Metals
mp-4195,108.7635444,44.87340503,118.3447498,0.318651322,Metals
mp-4229,81.82956516,43.515371,110.8897718,0.274144851,Metals
mp-4259,73.74918289,62.2293417,145.705944,0.170717382,Metals
mp-4291,115.3345157,47.30927792,124.8561725,0.319573855,Metals
mp-4302,112.2172323,48.98103304,128.2791626,0.309477921,Metals
mp-4415,136.151599,71.63286458,182.8340291,0.276188173,Metals
mp-4441,79.34888319,44.17893885,111.7898108,0.26519348,Metals
mp-4487,120.8299421,17.53443851,50.1761821,0.430789531,Metals
mp-4520,103.7919242,56.2503697,142.9305507,0.270485434,Metals
mp-4521,94.70750267,30.69633691,83.10989355,0.353742855,Metals
mp-4725,108.705851,40.38245345,107.7988541,0.334723931,Metals
mp-4865,122.0500894,48.40767692,128.2654266,0.32484592,Metals
mp-4889,132.9770128,63.58748475,164.5362513,0.293778579,Metals
mp-4908,136.2287575,71.89115238,183.4101577,0.275610083,Metals
mp-4920,123.7753085,66.50978947,169.2196978,0.272141283,Metals
mp-4924,96.28525011,54.34366307,137.2159651,0.262483584,Metals
mp-4999,112.578913,70.72804438,175.4432208,0.240266307,Metals
mp-5109,102.8531768,48.84656265,126.5121613,0.294995538,Metals
mp-5167,101.8043562,48.40476571,125.347961,0.294789461,Metals
mp-5260,135.7428662,58.3580159,153.129744,0.311985523,Metals
mp-5451,134.1523604,54.35509369,143.6624956,0.321518241,Metals
mp-5497,134.9795823,71.10685899,181.4569152,0.275945231,Metals
mp-5564,81.28669181,43.88816624,111.5826613,0.271215807,Metals
mp-5577,129.9843258,67.44154534,172.4924333,0.278829188,Metals
mp-5591,249.5470279,-47.31874231,-151.5341196,0.601206121,Unknown
mp-567808,102.694626,56.25008695,142.6966459,0.268412669,Metals
mp-571552,133.5388655,67.96989293,174.3319608,0.282420446,Metals
mp-5819,116.167311,46.2226547,122.4298031,0.324348459,Metals
mp-5983,131.9451902,70.1543064,178.7779388,0.274176512,Metals
mp-7361,78.09618327,56.80969133,137.1687456,0.207265366,Metals
mp-7363,53.36755209,2.798174891,8.250330515,0.474234248,Composites
mp-7876,43.34159868,33.57914483,80.06142336,0.192130171,Composites
mp-7878,64.74217372,26.92077933,70.93094926,0.317401484,Metals
mp-7879,60.18640622,32.42573277,82.46730487,0.271633635,Metals
mp-7881,46.54857936,12.10617794,33.42118239,0.380335831,Composites
mp-972680,83.3076123,42.07412332,108.0348671,0.283863555,Metals
mp-978853,96.68529573,65.78481985,160.8692365,0.222692689,Metals
mp-978986,76.53661871,32.9197353,86.37535652,0.31190843,Metals
mp-1019564,41.39153806,37.25720056,85.97558998,0.153811729,Composites
mp-19955,157.6624095,78.6570409,202.3248197,0.286120208,Metals
mp-21141,136.7769448,62.79103939,163.3729131,0.300925376,Metals
mp-13512,77.78959599,36.94219545,95.68041152,0.295001696,Metals
mp-13513,67.54793181,38.42249533,96.8955086,0.2609216,Metals
mp-4288,97.01991403,44.1330957,114.9669623,0.30250281,Metals
mp-5215,101.4377409,48.8234686,126.2199095,0.292615141,Metals
mp-980760,100.9267291,46.41070281,120.7268719,0.30063611,Metals
mp-20054,111.4338096,54.63581526,140.8826081,0.289288056,Metals
mp-11854,373490345.2,36000061.75,104638222,0.453306146,Unknown
mp-17751,49816539.76,14748152.06,40270443.84,0.365270838,Unknown
mp-2610,116082576.5,444097148.5,585562529.3,-0.340726988,Unknown
mp-569600,47.17222808,29.97427831,74.2055514,0.237820485,Composites
mp-21484,76.62893565,50.87004007,124.9588518,0.228216566,Metals
mp-975664,69.1739007,25.67009772,68.53288636,0.334877785,Metals
mp-29772,73.34605629,52.21738561,126.6069807,0.212306775,Metals
mp-13121,95.28879292,41.02817107,107.636313,0.31173667,Metals
mp-14625,92.97896362,53.34802316,134.3491481,0.259176444,Metals
mp-19973,86.37640417,55.03154509,136.1750053,0.237244975,Metals
mp-22346,74.43529997,40.39257445,102.616068,0.270234311,Metals
mp-978987,70.9998598,26.99144199,71.86726101,0.331297176,Metals
mp-13005,303726.8031,181518.6038,454094.4771,0.250820764,Unknown
mp-13008,5.97E+11,3.58E+11,8.95E+11,0.249984204,Unknown
mp-1777,28.2037223,21.1456504,50.75298787,0.200081031,Composites
mp-1198083,54.44958888,8.67564229,24.71432066,0.424351064,Metals
mp-1711,78.39154758,52.59305629,128.9431017,0.225856708,Metals
mp-21199,10754.37555,6426.463188,16077.02201,0.250845258,Unknown
mp-10076,157.7784879,88.41485129,223.4972559,0.263912412,Metals
mp-19949,92.2992152,41.84137407,109.0463726,0.303092633,Metals
mp-19936,9160170.082,-32975999.59,494695142.3,-8.50083619,Unknown
mp-3400,728179904.9,-1.94E+13,6554356979,-1.000168877,Unknown
mp-505780,141.7669751,85.13118237,212.7983531,0.249826134,Metals
mp-21816,108.2308752,35.37574046,95.7005097,0.352629068,Metals
mp-640321,39.16939696,24.14442083,60.08714934,0.244327826,Composites
mp-13363,205.6935912,61.75783623,168.4181165,0.363536409,Metals
mp-1299,208.3620387,73.44687975,197.1730401,0.342283299,Metals
mp-972828,136.45739,55.03159441,145.5311409,0.322250813,Metals
mp-2287,197.1217202,97.62342468,251.3732162,0.287463624,Metals
mp-1278,127.3134301,88.02684474,214.6171261,0.219043615,Metals
mp-1841,298.9003613,107.2456446,287.367695,0.339763941,Metals
mp-2783,214.6910792,109.7598549,281.3356928,0.281596505,Metals
mp-956,141.5089606,92.28552945,227.4191981,0.232149826,Metals
mp-9938,141.7412609,101.2525546,245.338629,0.211518218,Metals
mp-1431,203.3812547,142.9365347,347.4204629,0.215296227,Metals
mp-1483,221.5135859,84.45962015,224.8070694,0.330855319,Metals
mp-189,203.6375663,106.3438863,271.7305018,0.277602837,Metals
mp-7576,183.654633,118.7797192,293.1420416,0.233973458,Metals
mp-7577,226.984364,115.9661227,297.2728793,0.281722939,Metals
mp-871,201.7445424,142.792137,346.6027795,0.213661994,Metals
mp-21065,108.3407269,83.19549693,198.7203151,0.194297302,Metals
mp-10015,290.9570697,136.1684701,353.378186,0.297577133,Metals
mp-381,257.3690475,105.8302405,279.2190633,0.319183732,Metals
mp-828,209.0832434,107.7436148,275.8480213,0.280113081,Metals
mp-862861,108.5005104,70.97564925,174.8096762,0.231476415,Metals
mp-1275,251.3630916,131.8149927,336.6061411,0.276812804,Metals
mp-2567,192.1298385,52.57371262,144.5375599,0.374618157,Metals
mp-729,246.8285969,155.8288024,386.2115429,0.239217452,Metals
mp-1367,54.22844684,46.08615495,107.7380098,0.168876097,Metals
mp-20211,227.2440415,106.637029,276.6390136,0.297105781,Metals
mp-2199,210.8326813,109.5864585,280.2102203,0.278489259,Metals
mp-999192,177.6877109,99.49222776,251.5304205,0.264070703,Metals
mp-10025,258.139338,104.526352,276.2874183,0.321616095,Metals
mp-1042,151.5611749,99.58554512,245.0790192,0.230494942,Metals
mp-1118,196.0621476,65.68955794,177.2708007,0.349307305,Metals
mp-1128,225.9787313,99.35340972,259.9620738,0.308269513,Metals
mp-1182,40.12086759,19.03490707,49.30699897,0.295173094,Composites
mp-12900,93.2719896,69.46983268,166.9587065,0.20166337,Metals
mp-13053,45.19462321,33.69562767,80.96521426,0.201420182,Composites
mp-1860,69.41345548,44.11652492,109.2124879,0.237773013,Metals
mp-1924,90.72349366,67.16237204,161.6078279,0.203112866,Metals
mp-19905,214.7311863,109.1505345,280.0077888,0.282667969,Metals
mp-20418,226.7898929,80.83867747,216.7613554,0.340703251,Metals
mp-20622,161.1521833,47.84037877,130.597844,0.364933215,Metals
mp-21115,69.69653958,41.88456014,104.6835983,0.249668111,Metals
mp-21163,202.3565947,48.57478926,134.9280755,0.388869386,Metals
mp-2517,37.60442679,22.85010785,57.00422916,0.247351425,Composites
mp-351,167.3125256,98.67785086,247.3968486,0.253558151,Metals
mp-389,152.2594299,63.98430656,168.3683256,0.315700166,Metals
mp-696,173.8743341,72.05104327,189.9197807,0.317953024,Metals
mp-7092,146.3411964,103.0214362,250.3233416,0.214909007,Metals
mp-818,201.3005667,99.4631929,256.1941542,0.287884225,Metals
mp-893,141.8676339,96.28472778,235.5625458,0.223260174,Metals
mp-9967,79.01040806,54.63186797,133.1960631,0.219032664,Metals
mp-9968,76.52353811,51.9073379,127.0053234,0.22338506,Metals
mp-1001612,97.32469762,71.05759565,171.4476534,0.206399202,Metals
mp-11322,142.6441216,98.86072312,240.9240212,0.21850222,Metals
mp-12899,92.8313079,69.51651336,166.8909134,0.200368843,Metals
mp-1563,53.80507238,38.87229573,93.98359338,0.208876291,Metals
mp-2499,32.54423933,22.54509566,54.94705469,0.218603272,Composites
mp-2620,91.13919748,68.79085114,164.8874765,0.198469519,Metals
mp-2661,44.39031899,31.79422429,76.99928996,0.210900591,Composites
mp-378,94.17659728,70.22062478,168.7262515,0.201400956,Metals
mp-7083,65.90508579,46.48061851,112.9002783,0.214487693,Metals
mp-9969,101.2750971,74.40025574,179.2952344,0.20493695,Metals
mp-9972,89.2084155,68.44716329,163.520019,0.194498144,Metals
mp-17848,183.2987376,41.79001006,116.5153119,0.394056997,Metals
mp-795,52.35682918,37.58995148,90.99340424,0.210342135,Metals
mp-1025028,80.30539226,29.50231454,78.85094829,0.336351902,Metals
mp-1025220,197.3757648,61.46966691,167.0656523,0.358927587,Metals
mp-1025366,191.1703845,34.05345158,96.43435843,0.415926344,Metals
mp-10003,194.1397304,100.9553828,258.1235298,0.278403997,Metals
mp-22312,193.7457522,67.83262341,182.2308313,0.343238859,Metals
mp-22396,187.9102028,103.1982557,261.6891482,0.267895211,Metals
mp-1018720,161.1951554,99.32576264,247.2031393,0.244405946,Metals
mp-1018725,103.1214068,61.90571877,154.7505931,0.249889317,Metals
mp-1018895,84.49705236,49.30803786,123.8360449,0.255738925,Metals
mp-1019100,89.51695015,53.81768965,134.4993496,0.249583088,Metals
mp-1019108,135.4151925,61.11517587,159.3700567,0.303850103,Metals
mp-13962,98.98697271,75.69642934,180.9615292,0.195310867,Metals
mp-13963,51.31078897,39.39127232,94.09493543,0.194362734,Metals
mp-19737,18.66118944,-2.57852863,-8.109079287,0.572423744,Unknown
mp-19917,51.78236499,41.78369177,98.78175663,0.18206114,Metals
mp-20245,86.24763838,45.89728043,116.9471033,0.274009072,Metals
mp-20333,64.74540302,37.91788722,95.17419835,0.255003975,Metals
mp-20690,90.46018394,50.95976332,128.7101368,0.262860426,Metals
mp-20822,85.37854779,52.81153897,131.3517483,0.243589477,Metals
mp-21096,49.75716877,40.17359802,94.96323768,0.181911036,Composites
mp-21249,92.50463035,60.28403346,148.5769048,0.232307265,Metals
mp-21363,100.383077,58.71244855,147.4000406,0.255270767,Metals
mp-21890,74.02846835,43.42216526,108.9621944,0.254684027,Metals
mp-21907,151.9263367,98.57155414,243.1323152,0.233278289,Metals
mp-22179,92.20047354,50.76794963,128.684797,0.267382256,Metals
mp-22256,68.09474958,39.69513341,99.71035793,0.255951919,Metals
mp-22698,103.5700824,60.16375486,151.2116922,0.256667678,Metals
mp-3938,127.0857823,89.38816998,217.2328981,0.215109886,Metals
mp-4628,96.95945011,69.49130954,168.2731906,0.210749888,Metals
mp-505005,96.74174952,48.30223305,124.2309268,0.285974984,Metals
mp-505331,88.36506249,32.02300457,85.71482285,0.33833199,Metals
mp-505332,80.33689771,44.46432783,112.6162818,0.266366628,Metals
mp-5239,88.64496467,53.59393072,133.8141837,0.248408,Metals
mp-5541,156.4148883,94.03937351,235.0189494,0.249577388,Metals
mp-7916,134.8269074,95.37495468,231.5308138,0.213792523,Metals
mp-8654,85.52981879,52.54525999,130.8415941,0.24503708,Metals
mp-9934,35.49579724,25.51021516,61.74012556,0.210105936,Composites
mp-1025053,2520579.449,-74217.60611,-224859.7917,0.514868261,Unknown
mp-8320,69.48797683,44.83718699,110.7014804,0.234482891,Metals
mp-8842,67.46574357,34.60755376,88.66242584,0.280969271,Metals
mp-8982,65.21100344,36.12916397,91.49107867,0.266166562,Metals
mp-30312,100.7332125,41.87336428,110.3322444,0.317451395,Metals
mp-14208,-32.66666667,-1.59E+17,-294,-1,Unknown
mp-15657,177.9625041,6.22E+13,1601.662537,-1,Unknown
mp-7829,201.8526817,9.43E+13,1816.674135,-1,Unknown
mp-4478,82.6858965,23.34087162,64.00051637,0.370996709,Metals
mp-8843,68.75649072,24.29112996,65.19568187,0.341964782,Metals
mp-971914,78.26133985,28.20183114,75.53264849,0.3391444,Metals
mp-1018009,44.93378064,41.97843701,96.03049073,0.143807364,Composites
mp-13082,220.3389749,110.2727273,283.5204864,0.285542188,Metals
mp-961653,226.0392551,121.4633563,309.0360347,0.272136898,Metals
mp-999558,198.3791705,99.49102551,255.7230441,0.285156339,Metals
mp-999576,218.8384397,123.5890038,312.0277836,0.262360622,Metals
mp-754940,39.27790997,26.85326784,65.60825975,0.221606624,Composites
mp-1008224,222.2183319,107.1809764,277.0072829,0.292240901,Metals
mp-1018068,227.0750769,64.33323578,176.3460226,0.370567021,Metals
mp-10181,149.8377965,79.06382669,201.7127165,0.275632138,Metals
mp-20586,216.418022,102.4506591,265.4626402,0.295563359,Metals
mp-3464,232.7326931,118.5213604,303.9650418,0.282321772,Metals
mp-3657,206.7137801,100.4112211,259.2558235,0.290970375,Metals
mp-4492,218.6928367,116.7374736,297.3111945,0.273417975,Metals
mp-4595,243.6265416,64.58945015,178.0350032,0.378204976,Metals
mp-5436,200.0827082,96.90115785,250.2967717,0.291505578,Metals
mp-5529,237.1814261,94.03792442,249.1818222,0.324900691,Metals
mp-7473,105.395768,63.94135544,159.5573837,0.247685341,Metals
mp-861876,39.95333761,23.2506033,58.41951531,0.256301064,Composites
mp-862556,142.6101645,-12.16054556,-37.54891761,0.543882938,Unknown
mp-862669,219.3071276,132.1656516,330.1709981,0.249080204,Metals
mp-862698,56.49438076,17.25776075,46.98862658,0.361376695,Metals
mp-862733,64.6486694,30.61102235,79.31462546,0.295523955,Metals
mp-862790,246.9435517,114.2580996,296.9723398,0.299568,Metals
mp-862814,200.7157601,44.35579831,123.9378011,0.397086805,Metals
mp-863654,62.30569281,24.80817482,65.70408802,0.324242684,Metals
mp-863696,54.97836813,28.02685285,71.86823714,0.282131774,Metals
mp-863697,55.75534355,32.31171841,81.24131434,0.257149392,Metals
mp-863743,67.21139533,26.38094837,69.9861577,0.326452649,Metals
mp-864672,245.128655,87.34346912,234.2124592,0.340755419,Metals
mp-864966,247.4121264,125.7737676,322.6478384,0.28265156,Metals
mp-864970,252.1589757,111.0615855,290.5307108,0.307971202,Metals
mp-864997,139.6013247,55.86583747,147.8722736,0.323458846,Metals
mp-865015,208.5006857,50.0698055,139.0766908,0.388827951,Metals
mp-865026,242.883789,133.2002051,337.8418558,0.268173182,Metals
mp-865468,75.34223696,23.51951673,63.90846768,0.358626294,Metals
mp-865472,258.7652255,109.4388928,287.7507854,0.314664184,Metals
mp-865506,286.5466108,125.5355046,328.6176056,0.308863205,Metals
mp-865507,250.0459664,120.4171811,311.282399,0.29251655,Metals
mp-865545,74.42822957,22.91279275,62.34112266,0.360399916,Metals
mp-865547,68.26854908,27.97432223,73.837528,0.319737568,Metals
mp-865652,207.7788464,108.792702,277.8790787,0.27710349,Metals
mp-865669,228.9205408,87.16514056,232.0439461,0.331059324,Metals
mp-865680,283.8812788,135.9662468,351.7425086,0.293492013,Metals
mp-865681,244.9968571,131.2620973,334.1163868,0.272707025,Metals
mp-865791,253.029462,138.1837526,350.7085884,0.268993575,Metals
mp-865792,196.8009615,94.76132349,244.9662055,0.292543184,Metals
mp-865855,57.83011888,18.20420428,49.42634591,0.357553045,Metals
mp-865901,226.5233577,134.9500018,337.7742996,0.251479418,Metals
mp-865904,268.2800131,109.0246428,288.0537989,0.321049038,Metals
mp-865933,230.9662355,129.9231788,328.2251147,0.263150723,Metals
mp-865965,40.87508655,30.32136066,72.9306352,0.202628009,Composites
mp-866062,228.5173098,109.0710743,282.2994743,0.294107884,Metals
mp-866086,213.9928406,100.245999,260.1198551,0.297407665,Metals
mp-866087,179.2027772,76.32792079,200.5152456,0.313511776,Metals
mp-866204,66.6129175,22.39564722,60.41618499,0.348837665,Metals
mp-866289,48.8152678,24.26815537,62.45481392,0.286764754,Composites
mp-867107,286.2588435,149.6572434,382.3418005,0.277391564,Metals
mp-867293,171.8672308,117.9706553,288.013846,0.220701221,Metals
mp-867835,247.2214442,122.5204976,315.4501672,0.287336297,Metals
mp-867902,186.5129892,103.1782639,261.3434049,0.266465412,Metals
mp-972810,286.172686,100.3636665,269.5765844,0.342998885,Metals
mp-972970,179.1888315,-18.36957277,-57.05850571,0.553071114,Unknown
mp-977384,204.4898996,66.28573936,179.4658356,0.353728851,Metals
mp-983586,49.65500018,16.89291447,45.51702606,0.347222415,Composites
mp-999508,170.7368571,40.69985437,113.1117882,0.38958468,Metals
mp-11560,203.6897894,104.3718929,267.4369097,0.281173036,Metals
mp-8648,189.3268346,116.6869122,290.4003738,0.244357093,Metals
mp-16053,45.2301999,33.62068775,80.83355845,0.202140168,Composites
mp-27454,27.66177488,18.06244521,44.50126555,0.231872679,Composites
mp-10456,192.89965,102.1148414,260.3960977,0.275015923,Metals
mp-10457,169.5367542,95.09705134,240.3515833,0.263717328,Metals
mp-10469,215.374374,83.80704472,222.5541778,0.327777269,Metals
mp-10470,221.306954,116.7697789,297.9127257,0.275641388,Metals
mp-13472,189.8599792,100.4029532,256.0700068,0.275211529,Metals
mp-15642,44.149525,35.0428253,83.13332387,0.186167541,Composites
mp-16253,31.11588194,19.41484966,48.21631079,0.241737939,Composites
mp-19728,124.9730008,65.88206894,168.1060313,0.275810201,Metals
mp-19809,163.3042555,87.98101873,223.7592377,0.271633592,Metals
mp-19967,105.9192743,61.70321448,155.0094252,0.256088735,Metals
mp-20083,110.5729916,65.57952596,164.2641974,0.25240458,Metals
mp-20192,163.4610241,96.06115976,240.9782418,0.254295922,Metals
mp-20255,148.0501442,80.41491457,204.2623628,0.270052725,Metals
mp-20281,146.1793536,76.35497024,195.0962155,0.277560681,Metals
mp-20380,91.68637517,49.13687793,125.0682908,0.272651988,Metals
mp-20436,234.5138291,121.3828919,310.5662862,0.279283602,Metals
mp-20492,148.268348,75.56669725,193.7794394,0.282174863,Metals
mp-20557,105.5275168,64.89845592,161.5733288,0.244816433,Metals
mp-20733,151.4395437,81.07616753,206.3958048,0.272851265,Metals
mp-20949,165.258071,90.30859537,229.1792499,0.268867315,Metals
mp-21069,132.1853792,55.87559386,146.9247722,0.314749088,Metals
mp-21248,244.5588803,123.8332331,317.851327,0.283384594,Metals
mp-21306,185.9841065,102.4926681,259.761326,0.267219064,Metals
mp-21316,258.6037891,127.3541556,328.1883523,0.288487017,Metals
mp-21371,217.0235382,117.2305355,298.0290612,0.271123858,Metals
mp-21851,172.124472,79.0942706,205.7652142,0.300759288,Metals
mp-22206,115.8270555,68.59607179,171.8611896,0.25270431,Metals
mp-22227,146.3134327,89.79269767,223.6306442,0.245260751,Metals
mp-22258,188.9772992,108.8404818,273.9316201,0.258408707,Metals
mp-22426,134.7987377,73.21335603,185.9711729,0.270063162,Metals
mp-22440,158.5967864,86.5719979,219.7344192,0.269084834,Metals
mp-22489,153.1323392,88.57446309,222.7716895,0.257539034,Metals
mp-22522,145.3687129,86.84539206,217.2695156,0.250898352,Metals
mp-22565,159.6687906,72.91553886,189.8475511,0.301831915,Metals
mp-22701,129.6930988,64.55244613,166.099622,0.286547853,Metals
mp-22722,194.9857123,86.49196692,226.0518022,0.306779174,Metals
mp-22801,137.2426767,72.75440034,185.4867631,0.27474601,Metals
mp-28024,126.9030491,50.76666426,134.3806509,0.323512711,Metals
mp-505206,32.94017094,23.76091206,57.4654484,0.20924332,Composites
mp-505822,193.846625,79.71886725,210.3247812,0.319165641,Metals
mp-510409,176.8878819,106.8220272,266.7663076,0.248648405,Metals
mp-5473,50.63870352,41.18552964,97.20392019,0.180073694,Metals
mp-672645,188.5068718,90.95702911,235.0639455,0.292170313,Metals
mp-8983,102.5208418,41.8583301,110.5319289,0.320309824,Metals
mp-9225,152.037116,63.89508273,168.1321841,0.315689541,Metals
mp-13572,175.2549364,78.22221012,204.2750128,0.305735369,Metals
mp-18468,205.3875009,117.8485173,296.7823455,0.259168771,Metals
mp-1070857,167.8759986,63.9977021,170.3465923,0.330880537,Metals
mp-1070859,152.1128574,73.01330034,188.8278116,0.293105576,Metals
mp-15896,63.42621193,30.45040077,78.74896037,0.293069358,Metals
mp-675120,51.85115576,26.51408263,67.95869148,0.281558416,Metals
mp-604496,94.35906434,68.76585255,165.9777969,0.206832975,Metals
mp-9929,122.8020589,78.32680247,193.7807091,0.237001276,Metals
mp-998971,215.2317884,94.95197145,248.3370081,0.307698009,Metals
mp-1129406,84.22547939,56.2085812,137.9404944,0.22704124,Metals
mp-542170,141.2302034,68.39098245,176.6573929,0.29152548,Metals
mp-640551,74.09079435,35.41177117,91.63612084,0.293865258,Metals
mp-570102,187.6678438,79.00677917,207.8522491,0.315407686,Metals
mp-20738,188.0327726,125.1218976,307.2213368,0.227688129,Metals
mp-10162,58.38301266,28.53961181,73.62244619,0.289829145,Metals
mp-2105,144.8521009,99.06829468,242.0283026,0.221522503,Metals
mp-1620,220.0307486,190.3420811,443.2205796,0.164273757,Ceramics
mp-2592,206.2983137,181.6014418,421.2094496,0.15970844,Ceramics
mp-8937,190.1052885,174.5038933,400.8580777,0.148564855,Ceramics
mp-12769,85.66814296,23.92871997,65.67171265,0.372236224,Metals
mp-12770,88.18995532,23.28226246,64.19738938,0.378675923,Metals
mp-1727,54.07547726,36.27790337,88.94367187,0.225865659,Metals
mp-1898,90.1021809,49.43465612,125.3749379,0.268087489,Metals
mp-2062,79.78251179,38.46207693,99.41128289,0.292328585,Metals
mp-21192,79.59719691,27.26378362,73.40985622,0.346288858,Metals
mp-27760,80.88566954,30.35269423,80.93442,0.333232882,Metals
mp-2844,106.4689072,46.80246192,122.4629659,0.308296198,Metals
mp-862,62.33114061,32.33848656,82.71141628,0.278838701,Metals
mp-884,82.46723972,29.30504749,78.6043567,0.341140237,Metals
mp-10711,1.51E+12,-7.57E+12,3.37E+13,-3.224565489,Unknown
mp-496,58.2456215,32.83787165,82.92897539,0.262703263,Metals
mp-7275,52.12057344,35.12366115,86.04306041,0.224858935,Metals
mp-2291,141.6916009,37.14046136,102.4683227,0.379470246,Metals
mp-2379,173.6362975,57.91554846,156.3620439,0.349914211,Metals
mp-27930,32.65693756,30.17933572,69.21632359,0.146750284,Composites
mp-505071,163.4505135,41.39990076,114.5300428,0.383216393,Metals
mp-1069,134.1073384,97.30201558,235.0572065,0.207874293,Metals
mp-1515,127.9443326,98.88362359,235.8824784,0.192727723,Metals
mp-2582,143.8950884,116.7577626,275.7037823,0.180665748,Metals
mp-28665,126.0641982,66.52861452,169.7285546,0.275605661,Metals
mp-28795,120.0310405,63.36233059,161.6439649,0.275552551,Metals
mp-13583,121.8835406,70.29376119,176.877775,0.258132813,Metals
mp-31011,106.3288038,65.49574407,163.0160365,0.244478086,Metals
mp-31093,102.8583084,62.94397484,156.8393882,0.245864982,Metals
mp-3618,110.7488663,76.84255764,187.2257772,0.218242748,Metals
mp-4022,167.7102469,97.62766841,245.2873587,0.256238947,Metals
mp-9902,120.347487,78.58163995,193.6061418,0.231878986,Metals
mp-505296,69.08199688,56.10680726,132.4600795,0.180427884,Metals
mp-7350,69.15623888,48.96564883,118.8472571,0.213577885,Metals
mp-975044,164.2986735,71.7967765,188.0049415,0.309285393,Metals
mp-10152,165.8940557,23.19929259,66.49809087,0.433192211,Metals
mp-19953,129.5285251,92.60124442,224.3422286,0.211334848,Metals
mp-20401,140.9809933,92.31793208,227.3327185,0.231248975,Metals
mp-3896,179.9394831,63.63043937,170.7628554,0.341833068,Metals
mp-9906,238.5649707,13.98518601,41.15142992,0.471250718,Metals
mp-10453,161.0323819,77.39550079,200.1250815,0.292872838,Metals
mp-12097,167.8286406,105.742989,262.1679899,0.239647149,Metals
mp-12100,128.9504673,68.58947939,174.779674,0.274099728,Metals
mp-12101,179.7748926,84.50368991,219.1705012,0.296810242,Metals
mp-12137,70.1993992,17.89854008,49.4895505,0.382502436,Metals
mp-15968,118.7947929,94.19126303,223.5027262,0.186430243,Metals
mp-16250,128.9052937,54.35003185,142.9583641,0.315163572,Metals
mp-19753,37.87634605,-0.411687772,-1.239554328,0.505454391,Unknown
mp-20115,101.0546612,45.34115623,118.3265666,0.304847256,Metals
mp-20596,187.1713326,67.18880468,180.0252242,0.339696584,Metals
mp-20924,177.4111071,99.83874265,252.206237,0.263067975,Metals
mp-20950,140.1476082,55.4742844,147.0241207,0.325155631,Metals
mp-21240,142.7694999,88.71075512,220.4689869,0.242628284,Metals
mp-22374,188.1432803,62.32946378,168.3929176,0.350829186,Metals
mp-2877,115.7591809,76.0002559,187.0628382,0.230672423,Metals
mp-28838,136.8415404,83.48255702,208.1243752,0.246514138,Metals
mp-2893,153.4567633,90.36711565,226.6179933,0.25387422,Metals
mp-2917,119.4975466,76.60828784,189.3595642,0.235894767,Metals
mp-2924,132.0564945,73.15791383,185.2625679,0.266182687,Metals
mp-2965,123.7717136,80.90282694,199.2873794,0.231646575,Metals
mp-3018,119.3254183,78.70419301,193.5573191,0.229650617,Metals
mp-3035,144.2186076,79.53305733,201.5493211,0.267078922,Metals
mp-3097,152.1491555,90.95461373,227.5256407,0.250764702,Metals
mp-3108,158.9626756,85.8713659,218.3048037,0.271115239,Metals
mp-3148,150.0789893,48.13950063,130.468737,0.355111035,Metals
mp-3166,183.4106568,96.05985789,245.3467732,0.277051511,Metals
mp-3218,136.3893142,53.95457337,143.006317,0.325247408,Metals
mp-3239,133.9283795,96.53394437,233.5004149,0.209421289,Metals
mp-3292,113.8837873,96.78488357,226.258807,0.168874718,Metals
mp-3301,135.618578,54.56465768,144.3365589,0.322619485,Metals
mp-3388,380.8514385,97.70204418,270.0164962,0.381836473,Ceramics
mp-3390,118.7262013,77.08484394,190.1104668,0.233124808,Metals
mp-3412,85.95605125,62.47732882,150.8769217,0.207453364,Metals
mp-3437,137.7740826,92.37632155,226.5056173,0.225993921,Metals
mp-3441,151.491507,90.07741513,225.5316016,0.251876518,Metals
mp-3456,120.1525363,77.27413152,190.8980737,0.235200383,Metals
mp-3489,120.6580718,81.29646988,199.1597474,0.224897881,Metals
mp-3507,138.7612327,49.27292931,132.1741504,0.341245104,Metals
mp-3585,150.2257832,102.3311119,250.1859419,0.222433419,Metals
mp-3587,156.413376,63.41406622,167.593299,0.321420538,Metals
mp-3651,141.4929341,50.44995598,135.2725215,0.340660451,Metals
mp-3678,152.5308277,81.38489884,207.287648,0.273501909,Metals
mp-3826,126.816589,57.78446506,150.4954519,0.302213768,Metals
mp-3854,125.8195371,81.64217046,201.3710813,0.23325409,Metals
mp-3895,156.3872371,89.61030241,225.718478,0.259444907,Metals
mp-3958,175.5258059,87.28807068,224.6286575,0.286708801,Metals
mp-3999,149.0702027,49.41509698,133.4946339,0.350747465,Metals
mp-4007,148.7209924,72.76672,187.6891028,0.289663069,Metals
mp-4013,137.2199465,82.43872206,206.0522762,0.249729927,Metals
mp-4014,108.7068137,74.76075088,182.4556218,0.220263438,Metals
mp-4065,176.1213576,106.6031607,266.1174176,0.248168516,Metals
mp-4072,144.4205987,82.98991574,208.9466773,0.258867873,Metals
mp-4088,119.1364308,75.01284512,186.0008004,0.239792999,Metals
mp-4090,143.3823226,90.46504798,224.235697,0.239349904,Metals
mp-4105,114.1034827,77.19074081,188.9615413,0.223990982,Metals
mp-4131,155.1262255,92.36698442,231.2108976,0.251588428,Metals
mp-4148,135.3005504,54.42322867,143.9666593,0.3226582,Metals
mp-4177,155.9574305,80.80219886,206.7078601,0.279097989,Metals
mp-4228,122.144233,90.32360717,217.3863133,0.203374844,Metals
mp-4250,132.8715362,54.95592439,144.8919145,0.318255639,Metals
mp-4275,128.8816748,57.06674636,149.1817999,0.307081702,Metals
mp-4305,122.8048822,77.11383443,191.2999995,0.240374058,Metals
mp-4323,124.4326339,58.60885913,151.9672725,0.296453085,Metals
mp-4433,167.2356546,111.4846536,273.6467305,0.227284301,Metals
mp-4439,126.4922535,69.58014338,176.3966694,0.267579088,Metals
mp-4458,149.8858996,85.46376705,215.4432775,0.260436352,Metals
mp-4466,120.3635467,74.90556997,186.1096467,0.242295111,Metals
mp-4537,84.003669,9.862934419,28.47440285,0.443505637,Metals
mp-4611,164.3335376,60.41195241,161.4516805,0.336256106,Metals
mp-4653,174.208267,105.5220453,263.3863638,0.24801582,Metals
mp-4692,114.6830474,74.60397697,183.9286495,0.232700032,Metals
mp-4767,168.4047708,83.63345091,215.26523,0.286956521,Metals
mp-4768,94.90504074,60.47113131,149.632658,0.237223901,Metals
mp-4793,143.6824281,51.75210926,138.6141312,0.339212383,Metals
mp-4815,139.1027919,86.47308807,214.8904626,0.242527978,Metals
mp-4822,132.5829375,54.46826954,143.7231612,0.319329239,Metals
mp-4881,123.2941634,72.07132891,180.9550328,0.255388485,Metals
mp-4896,143.5596604,54.104375,144.1981256,0.332592102,Metals
mp-4903,116.8993966,76.28032762,187.9582114,0.232022838,Metals
mp-4904,133.7528724,81.40431417,203.0248052,0.247015022,Metals
mp-4939,148.5161569,83.94394468,211.907263,0.262195051,Metals
mp-4954,121.0617389,55.8221835,145.1558502,0.300162777,Metals
mp-4985,129.1414365,81.64333912,202.2988435,0.238918237,Metals
mp-5022,157.1674812,79.24167046,203.5208746,0.284178346,Metals
mp-5112,122.4488158,87.93125018,212.8452538,0.210293573,Metals
mp-5129,134.8253077,96.39861028,233.5370294,0.211309109,Metals
mp-5165,169.4589542,90.71528873,230.9371961,0.272868109,Metals
mp-5173,112.5675568,48.99244279,128.3559957,0.309957091,Metals
mp-5176,127.4420118,74.33054426,186.6950148,0.255843184,Metals
mp-5219,174.0106827,88.54845604,227.1205756,0.282464911,Metals
mp-5288,147.3291326,83.74300687,211.2110315,0.261066681,Metals
mp-5292,117.2137108,58.99479181,151.5575782,0.284499644,Metals
mp-5346,121.4644431,75.67528953,187.985938,0.242056285,Metals
mp-5386,157.3076013,89.82421257,226.3835482,0.260147691,Metals
mp-5399,146.0090011,84.33386384,212.1551133,0.257828728,Metals
mp-5400,134.7346718,48.71786118,130.4327929,0.338654754,Metals
mp-5423,115.9437339,77.32716358,189.7890464,0.227182258,Metals
mp-5429,170.2810003,89.81579151,229.1572306,0.275706792,Metals
mp-5452,113.094281,76.99538102,188.2626349,0.22255798,Metals
mp-5486,98.03617892,56.23965179,141.6353408,0.259212462,Metals
mp-5508,143.726772,66.03585621,171.7966728,0.300783261,Metals
mp-5526,119.1723651,83.54858098,203.1673349,0.215863468,Metals
mp-5556,163.3343104,84.93035482,217.1527923,0.278416844,Metals
mp-5605,90.23405709,51.81816676,130.4781925,0.259000469,Metals
mp-5627,117.2186073,79.76921195,195.0603622,0.222654439,Metals
mp-567203,138.1218621,82.65525907,206.728723,0.25054791,Metals
mp-567513,179.1016527,105.0302999,263.5693753,0.254730185,Metals
mp-567749,169.4401927,89.55473329,228.4214431,0.275317533,Metals
mp-567769,104.2730219,41.53669472,110.0036022,0.324173757,Metals
mp-568371,159.2154078,78.49448221,202.2469814,0.288287888,Metals
mp-568402,90.99238314,45.91529366,117.9127281,0.284024545,Metals
mp-568673,153.7582349,81.36714055,207.499315,0.27508054,Metals
mp-5688,134.0136632,81.42982044,203.1443775,0.247358624,Metals
mp-569247,186.8387114,91.10432671,235.1005597,0.290282076,Metals
mp-569344,154.970088,110.8456618,268.5163117,0.211217054,Metals
mp-569737,149.7124462,50.3267845,135.7673375,0.348857659,Metals
mp-570452,116.1009524,45.48304816,120.6889994,0.326747044,Metals
mp-571147,187.5824659,78.29721904,206.2019793,0.316789931,Metals
mp-571367,159.8418838,108.0817354,264.6050701,0.224097064,Metals
mp-571485,137.703146,52.40278757,139.5113915,0.331144754,Metals
mp-571586,152.4390304,90.08012677,225.7694058,0.253158793,Metals
mp-571665,151.123636,46.97346821,127.6904765,0.359176588,Metals
mp-5720,159.4835006,80.01693283,205.656441,0.285080755,Metals
mp-5752,176.2031543,106.3944414,265.7043909,0.248676093,Metals
mp-5786,-59.42289759,94.62668516,605.0419859,2.19699451,Unknown
mp-5835,137.8253221,96.77811065,235.2676321,0.215500233,Metals
mp-5852,147.0122077,89.25389468,222.6943627,0.247533027,Metals
mp-5948,133.0382401,77.11828267,193.8906478,0.257099102,Metals
mp-5976,122.1321358,96.89355833,229.8870317,0.186286455,Metals
mp-672294,105.6220741,81.82042893,195.0865183,0.192162647,Metals
mp-6969,125.0924003,67.0489058,170.6563911,0.27262622,Metals
mp-7364,94.07877304,38.7316533,102.1735519,0.318992906,Metals
mp-7365,86.6617147,42.45685586,109.4902671,0.289429762,Metals
mp-7600,148.3625809,90.46277227,225.546629,0.24662678,Metals
mp-7707,181.8656256,84.23041119,218.8973874,0.299396407,Metals
mp-7875,49.1630807,40.2077662,94.78381703,0.17867549,Composites
mp-7877,86.73640745,56.71081475,139.6883309,0.231584589,Metals
mp-7880,72.10269677,42.05109474,105.6203053,0.255856785,Metals
mp-8375,151.2482034,40.44634719,111.4082225,0.37723466,Metals
mp-8528,157.7054795,87.91666713,222.4190695,0.264942569,Metals
mp-1025017,51189522.87,-1.89E+13,460709455.4,-1.000012208,Unknown
mp-30043,-55490441.95,-4.62E+12,-499395987.4,-0.999945966,Unknown
mp-569482,170.2707012,1.35E+13,1532.43631,-1,Unknown
mp-571044,-132543229.5,-8.12E+13,-1192883221,-0.99999265,Unknown
mp-978500,264.3131781,101.1875295,269.2086923,0.330246393,Metals
mp-28945,108.6126194,58.90353272,149.6563775,0.270351459,Metals
mp-4276,111.0958957,47.92565481,125.701508,0.311421914,Metals
mp-21662,181.3343217,47152.10457,1613.394846,-0.982891592,Unknown
mp-504741,181.4274779,94.92896926,242.493345,0.277235742,Metals
mp-505554,172.6705783,113.0005136,278.2937679,0.231382757,Metals
mp-13916,49.88719998,37.68997102,90.32336376,0.198241353,Composites
mp-22307,140.4426264,86.43971947,215.1740114,0.244647789,Metals
mp-1025390,88.29369034,55.84059302,138.3546958,0.238836197,Metals
mp-1025393,117.8907499,66.71457647,168.3813065,0.2619529,Metals
mp-1025408,127.8524024,59.21479696,153.8868442,0.299395186,Metals
mp-1025413,132.7574035,78.02769662,195.7354772,0.254269226,Metals
mp-1025420,103.5434393,70.40578294,172.1897533,0.22283814,Metals
mp-1025453,123.9382033,44.86052707,120.0921142,0.338505386,Metals
mp-1025554,91.88811348,57.4537875,142.6337306,0.241290929,Metals
mp-12382,126.8825727,67.17783904,171.301687,0.274986584,Metals
mp-27388,66.38310904,44.67588843,109.4698893,0.225156266,Metals
mp-3128,125.5440666,60.62068157,156.6487149,0.292040199,Metals
mp-4171,113.3595408,68.70880005,171.4807706,0.247880697,Metals
mp-4196,114.6160818,82.3754867,199.3647779,0.210097724,Metals
mp-4283,117.5140071,62.27023154,158.7672964,0.274825004,Metals
mp-4969,128.8493719,62.89725927,162.2854639,0.290083747,Metals
mp-5150,130.258878,68.30304294,174.422227,0.276826182,Metals
mp-5170,120.2418173,63.66883384,162.3511647,0.274965748,Metals
mp-5493,107.1077021,69.85697472,172.1457293,0.232129863,Metals
mp-8742,129.8676159,62.31873167,161.1754545,0.293154163,Metals
mp-9527,107.0704077,76.80520697,185.9523322,0.210545089,Metals
mp-973633,130.057637,65.40907934,168.0543882,0.284641138,Metals
mp-1025309,166.1606405,108.4912768,267.2981622,0.231887807,Metals
mp-27861,182.0142414,110.7335252,276.1910277,0.247097603,Metals
mp-569496,112.5690019,35.26592446,95.79421552,0.358169635,Metals
mp-13475,195.8684035,105.8425261,269.0626124,0.271051543,Metals
mp-8535,172.7974359,94.60389884,240.0109474,0.268504525,Metals
mp-1025205,143.760561,75.2982801,192.3177267,0.277039306,Metals
mp-1025262,113.2153705,78.49573097,191.2803294,0.218412308,Metals
mp-1025285,115.3075583,64.32281074,162.7127137,0.26481346,Metals
mp-1025316,133.7002262,86.07440699,212.6001765,0.234979037,Metals
mp-1025339,125.682717,84.93658521,207.9626007,0.224222755,Metals
mp-1025354,133.6754786,87.04593569,214.5648271,0.232480445,Metals
mp-1025357,141.919921,87.46309006,217.673069,0.244371019,Metals
mp-11705,130.9042503,85.37778451,210.3928574,0.232128818,Metals
mp-6624,129.3490857,84.43378419,208.0356385,0.231945485,Metals
mp-9211,139.8244759,87.78061045,217.7703721,0.240424115,Metals
mp-1024999,129.3394037,66.89651108,171.1775633,0.27942071,Metals
mp-570771,-5.69E+14,-1.55E+15,-2.44E+15,-0.213178158,Unknown
mp-1105764,429241.1176,-133482.344,-446756.7784,0.673467685,Unknown
mp-1332,241.2543072,122.3509895,313.9758435,0.283094827,Metals
mp-13686,107004.9959,1.13E+14,963044.96,-0.999999996,Unknown
mp-1989,215.425425,132.5230757,329.9175313,0.244755034,Metals
mp-31219,267.9214899,123.0207225,320.0731516,0.300891204,Metals
mp-567735,58.32378576,29.81119299,76.4142974,0.281637696,Metals
mp-567996,193.426525,109.2049821,275.7251919,0.262420389,Metals
mp-568671,193.5561654,122.3010507,303.0701721,0.239033395,Metals
mp-570175,5.06E-08,22.40924631,4.56E-07,-0.99999999,Unknown
mp-570287,211.5637423,115.8110486,293.8202544,0.268532916,Metals
mp-7506,224.5219006,132.873158,332.9408082,0.252852018,Metals
mp-793,40.87926049,28.1212867,68.62735864,0.220203033,Composites
mp-1111,-33154278.18,-7363915.759,-20568891.2,0.396600116,Unknown
mp-206,-132976633.1,130569826.3,582294605.9,1.229820712,Unknown
mp-449,-902978901.2,-172281484.5,-485939911.1,0.410307998,Unknown
mp-567871,185.8194444,5.94E+12,1672.375,-1,Unknown
mp-570483,-160601813.2,1187575.427,3571529.547,0.503706402,Unknown
mp-2800,129.5730719,101.0293995,240.5646553,0.19056758,Metals
mp-862820,122.7434583,76.34217574,189.6980006,0.242419402,Metals
mp-21012,205.9588086,80.80696978,214.3834617,0.326515908,Metals
mp-510412,237.3998218,108.7519657,283.036568,0.301294032,Metals
mp-1069604,104.6933788,48.13718112,125.2198474,0.300656213,Metals
mp-2914,122.8682907,67.86394984,171.9365597,0.266773892,Metals
mp-972659,136.6651783,72.2248611,184.2220122,0.275336563,Metals
mp-15605,138.7115409,72.19105536,184.5563254,0.278249255,Metals
mp-978568,193.8116692,97.7070866,250.9503731,0.2841974,Metals
mp-10284,123.0772142,86.12467834,209.5059736,0.216294665,Metals
mp-775,79.49060028,45.84979501,115.3681255,0.258109502,Metals
mp-569849,29.69050536,22.64757774,54.16945346,0.19592157,Composites
mp-672287,32.36737043,28.55487412,66.19779765,0.159133067,Composites
mp-540791,178.8411763,90.80862633,232.9912356,0.282869508,Metals
mp-568446,79.49896667,42.75916382,108.7755536,0.271956043,Metals
mp-1196829,62.04037964,12.80653371,35.94623023,0.403433241,Metals
mp-355,65.47984468,34.05616381,87.07290868,0.278372238,Metals
mp-505527,-50103.9104,-30052.24897,-75134.82845,0.250069978,Unknown
mp-2932,156.0482292,99.16439691,245.4920265,0.237803255,Metals
mp-11176,131.9091238,53.63576458,141.7014777,0.320960732,Metals
mp-10244,148.2074732,87.13935801,218.5797128,0.254196254,Metals
mp-10245,155.2172177,86.90397983,219.7080952,0.264085348,Metals
mp-13967,180.2189882,101.3312959,256.0115546,0.263240306,Metals
mp-29661,182.7060695,73.01401383,193.2936773,0.323675191,Metals
mp-568792,182.0444172,92.39556553,237.0775881,0.282948953,Metals
mp-976,186.2893994,121.3403217,299.0843763,0.232419578,Metals
mp-16317,207.274539,-155.8849553,-624.1139961,1.001841663,Unknown
mp-20618,142.3881025,21.58912824,61.65148351,0.427836336,Metals
mp-1314,13.92935758,5.148109136,13.75034465,0.335475248,Composites
mp-568595,213.6809149,163.9873729,391.7477619,0.194444898,Ceramics
mp-18583,171.1741847,101.4859149,254.2175052,0.252476787,Metals
mp-22290,289458.104,43479.4949,124218.848,0.428476208,Unknown
mp-3640,218.3340255,105.846403,273.3643386,0.291325594,Metals
mp-5382,159.4047355,82.18121978,210.3883702,0.28002706,Metals
mp-568286,230.0763095,180.557825,429.3573608,0.18897467,Ceramics
mp-937760,231.6819062,181.2206871,431.2272906,0.189784946,Ceramics
mp-1334,-1.20E+14,-4.98E+14,-6.26E+14,-0.370480539,Unknown
mp-13154,5328.501568,2779.960995,7104.392763,0.27778641,Unknown
mp-974437,1.31E+14,3.80E+12,1.13E+13,0.485675884,Unknown
mp-1086,323.8938161,177.8618667,451.0271356,0.267914096,Ceramics
mp-1164,97.6030269,72.1128291,173.5874769,0.203582491,Metals
mp-1282,306.7045543,211.1622607,515.2410931,0.220012258,Ceramics
mp-21075,239.0712907,177.9265206,427.6805175,0.201845897,Ceramics
mp-2489,178.5184374,37.26156178,104.5131259,0.402425461,Metals
mp-2795,219.0508668,159.6320711,385.3009281,0.206840597,Metals
mp-567580,165.0882373,77.14832162,200.2514218,0.297833949,Metals
mp-631,251.4778313,172.8932232,421.9756727,0.220336069,Ceramics
mp-910,296.2378984,184.2803788,457.8939447,0.242383882,Ceramics
mp-10721,121.3036672,90.7678176,217.9433439,0.20055406,Metals
mp-1871,223.5151236,105.4911919,273.4534702,0.296096221,Metals
mp-33065,334.7445314,174.5720359,446.1577852,0.277861551,Ceramics
mp-1552,295.2792576,153.9447367,393.4574627,0.277917879,Metals
mp-2034,335.3906876,171.1199928,438.7428472,0.281974245,Ceramics
mp-20648,244.7261421,121.2700152,312.2356343,0.287357117,Metals
mp-510623,218.9649594,92.75710624,243.8398187,0.314399665,Metals
mp-569989,226.6447356,121.6013861,309.4595278,0.272434212,Metals
mp-23062,18.60990878,14.7635117,35.02783728,0.186297609,Composites
mp-643367,21.77694117,13.92381837,34.43285462,0.236473132,Composites
mp-19754,149.8207055,73.99209551,190.599157,0.28796972,Metals
mp-20350,171.1919121,76.40853729,199.5387295,0.305735829,Metals
mp-20906,152.1444007,67.20466083,175.7384676,0.3074872,Metals
mp-21422,145.0551438,65.69542548,171.2354506,0.303252466,Metals
mp-1199650,139.0409536,63.55194028,165.4484513,0.301678993,Metals
mp-10266,104.4330571,27.90681204,76.87304602,0.37731687,Metals
mp-10270,208.9286591,98.93212005,256.3361687,0.295515393,Metals
mp-10271,227.9604655,117.9521473,301.8030855,0.279345449,Metals
mp-10699,205.3429128,85.75419725,225.8264512,0.31670786,Metals
mp-10700,168.2895349,63.16484534,168.4229018,0.333201252,Metals
mp-10706,258.8196923,158.6494686,395.1995323,0.24551168,Metals
mp-10708,183.9446318,66.45602795,177.9392841,0.338774597,Metals
mp-10712,213.9932735,89.31071038,235.2102402,0.316808697,Metals
mp-2930,192.5238834,66.67349516,179.32019,0.344763684,Metals
mp-542103,196.9669991,77.70575663,206.0242833,0.325669372,Metals
mp-7130,236.1975441,141.2941568,353.4117711,0.250624156,Metals
mp-1192636,-17653623.96,-3449059.124,-9714522.343,0.408285853,Unknown
mp-624243,-287568.713,-168549.0691,-423003.8758,0.254838956,Unknown
mp-1221519,355.2105817,225.8191065,558.9992253,0.237714634,Ceramics
mp-27769,196.8086601,87.42262188,228.4429903,0.306543921,Metals
mp-20288,97.9991575,1882765.026,881.8547141,-0.999765809,Unknown
mp-1018130,190.969069,66.272756,178.2039882,0.344473951,Metals
mp-12764,110.9760064,59.77011565,152.0186457,0.271694425,Metals
mp-12765,86.40595861,60.02212095,146.2110655,0.217976499,Metals
mp-1423,123.0378066,67.65236305,171.5202706,0.267659124,Metals
mp-1579,126.1382668,70.00783657,177.2345951,0.265819684,Metals
mp-1995,101.1116946,54.89675567,139.4525289,0.270134521,Metals
mp-2119,119.2943777,64.14085989,163.1774421,0.272024123,Metals
mp-2297,105.8143873,56.72247462,144.3705135,0.272604153,Metals
mp-2367,95.62671112,49.121974,125.821697,0.280706849,Metals
mp-2486,178.2794378,99.97774565,252.6964847,0.263763666,Metals
mp-2839,98.71327059,56.11911027,141.5359701,0.261031843,Metals
mp-313,118.7784354,64.5231165,163.8926292,0.270030325,Metals
mp-541840,122.0779522,66.25280952,168.3105435,0.270214386,Metals
mp-22749,220.5317917,112.3334283,288.0857115,0.28227953,Metals
mp-2794,230.8485422,100.3293803,262.90149,0.310191935,Metals
mp-20937,320.0912236,175.7644559,445.7120988,0.26792444,Ceramics
mp-570112,309.7239366,148.7774292,384.7299709,0.292971565,Ceramics
mp-615314,202.4412668,112.6749704,285.1262837,0.265260078,Metals
mp-6940,186.0524388,56.4530688,153.8032588,0.362222303,Metals
mp-1221393,367.5880017,259.0960002,629.4077403,0.214622649,Unknown
mp-1018048,138.0013298,78.71495776,198.4192412,0.260365544,Metals
mp-13501,185.865135,101.9675762,258.6105659,0.268101958,Metals
mp-13502,182.3730015,103.4051695,260.9046781,0.261564965,Metals
mp-19741,137.3696574,76.71145002,194.0189611,0.264602357,Metals
mp-3061,154.4356477,98.29778292,243.2781093,0.237454712,Metals
mp-4037,182.1492207,103.1175527,260.2433643,0.261877136,Metals
mp-4248,173.0985256,97.71029146,246.710079,0.26245698,Metals
mp-5106,185.4499257,98.43083051,250.9022258,0.274510357,Metals
mp-5154,175.1320595,100.9413501,254.0205425,0.258258098,Metals
mp-5383,153.5733678,88.72130986,223.1849842,0.257786797,Metals
mp-8540,155.0508936,72.20635717,187.5113931,0.298441027,Metals
mp-8758,159.6987297,73.74953506,191.7340751,0.299900229,Metals
mp-9312,149.8172916,87.12813006,218.9416362,0.256434839,Metals
mp-999088,183.8276013,96.03447476,245.3742772,0.27753225,Metals
mp-999190,157.3610019,92.72623402,232.5093652,0.253741013,Metals
mp-999287,151.0018913,70.89252575,183.8986072,0.297023947,Metals
mp-21003,122.8502456,76.42793433,189.9028425,0.242365401,Metals
mp-3991,260.3500738,147.8179934,372.8837136,0.261293382,Metals
mp-4253,292.664526,127.5210738,334.0459047,0.309767456,Metals
mp-20753,173.7823259,79.76189086,207.5345561,0.300963116,Metals
mp-8761,163.0905759,83.56734917,214.1289393,0.281175851,Metals
mp-23733,48.12856032,23.26750902,60.11508283,0.291824638,Composites
mp-18257,-9990333.537,-4125839.342,-10879794.16,0.318494646,Unknown
mp-1184,96.39043759,23.09750679,64.16717849,0.389049889,Metals
mp-1695,119.5402756,55.5000312,144.1859304,0.298971616,Metals
mp-20181,115.8548459,71.81560859,178.5532221,0.243136594,Metals
mp-2625,184.4281444,101.0844383,256.4078852,0.26828565,Metals
mp-683,100.5526982,28.6140559,78.40499026,0.370043285,Metals
mp-1025181,166.8698416,78.59982767,203.8010378,0.296447103,Metals
mp-1025266,156.4653124,71.70630252,186.6115751,0.30122157,Metals
mp-1025323,160.4816333,73.80940858,191.9939897,0.300606477,Metals
mp-1025372,156.4572539,73.84090114,191.4103052,0.296099467,Metals
mp-13263,139.6670356,84.20666441,210.3466258,0.24899037,Metals
mp-8499,161.5162806,75.35182524,195.6327709,0.298128946,Metals
mp-973756,168.4625245,91.13705591,231.639399,0.270829942,Metals
mp-567462,180.346032,116.7278471,288.039596,0.233808397,Metals
mp-570074,193.3491964,123.5578535,305.5807873,0.2365899,Metals
mp-3155,175.5531973,122.970613,299.0793179,0.216060125,Metals
mp-5075,177.6365469,122.0287958,297.8767992,0.220518474,Metals
mp-8996,188.1818782,112.6503267,281.7334442,0.250477706,Metals
mp-2760,235.5432923,163.212871,397.765313,0.218547626,Ceramics
mp-28731,-139202.5143,-289749.9083,-513185.0117,-0.114434557,Unknown
mp-9459,101.5596583,35.81024525,96.13193165,0.342240621,Metals
mp-1001581,6.67E+12,-2.98E+14,6.43E+13,-1.107885628,Unknown
mp-723,-3891229.193,-2334769.042,-5836909.469,0.249997187,Unknown
mp-21013,24.5067177,0.659195325,1.960012144,0.486670239,Composites
mp-32679,227.3430134,136.0204805,340.2113762,0.25058879,Metals
mp-15178,130.3417256,78.86469888,196.8849581,0.248245165,Metals
mp-542730,249.0538709,179.8263202,434.8254772,0.209015111,Ceramics
mp-1232339,237.3809058,190.0781754,450.0986047,0.183982863,Ceramics
mp-29973,40.78734097,27.07635811,66.51138606,0.228218836,Composites
mp-1014265,175.065253,101.8104675,255.8368171,0.256436707,Metals
mp-8282,204.0713117,128.8035294,319.2447656,0.239270256,Metals
mp-864647,194.6056429,76.95477162,203.9774028,0.32530705,Metals
mp-555,185.5032181,91.11562978,234.8891969,0.288962154,Metals
mp-27953,351.2231607,61.83370917,175.2185727,0.416853161,Ceramics
mp-7790,181.6208832,107.9804048,270.3612564,0.251899624,Metals
mp-673635,218970.8726,-192085.4614,-814388.9283,1.119860927,Unknown
mp-248,6715307147,-7816832210,-38318472190,1.451023072,Unknown
mp-33090,6216616.406,-2156298.757,-7314613.088,0.696103813,Unknown
mp-1804,110300.9188,-122957.5159,-586985.9898,1.386946359,Unknown
mp-866056,87.6875,1.24E+16,789.1875,-1,Unknown
mp-1002181,266.2479271,-107.3657835,-372.1166372,0.732938676,Unknown
mp-1009130,260.0123808,48.88586682,138.0084451,0.41153726,Metals
mp-1009770,260.4631642,63.45583337,176.0691096,0.387335886,Metals
mp-1018157,215.4844865,83.37248611,221.5450097,0.328645816,Metals
mp-6988,272.863934,85.23874809,231.6000728,0.358537508,Metals
mp-535,193.0270067,59.69654267,162.352923,0.359818473,Metals
mp-1009545,221.9157972,97.04536635,254.0966685,0.309164353,Metals
mp-1102,178.4487819,146.1349622,344.3945583,0.178344159,Metals
mp-1352,247.4809819,153.7715665,382.1627967,0.242631539,Metals
mp-1410,163.580038,123.3952769,295.8061683,0.198612198,Metals
mp-1865,206.5303781,81.65158108,216.4326044,0.325342397,Metals
mp-1975,172.5417731,137.4918897,325.9078636,0.185189411,Metals
mp-19830,169.3155992,132.6089893,315.468127,0.189467353,Metals
mp-2114,159.0771456,120.8611986,289.3135279,0.196883414,Metals
mp-2117,157.9517665,120.5923314,288.3852791,0.195703225,Metals
mp-2132,-28.19378207,106.6382639,-1226.772667,-6.752028506,Unknown
mp-2493,143.0598418,76.93426102,195.7184956,0.271985284,Metals
mp-256,121.3297202,67.5990807,171.0333852,0.265057035,Metals
mp-2596,151.141032,89.29952596,223.8185727,0.25319015,Metals
mp-2828,270.3817527,171.0289648,423.7415233,0.238800468,Ceramics
mp-2857,200.4913269,156.189956,371.9757138,0.190779879,Metals
mp-343,133.1767171,87.52740447,215.3944851,0.230440263,Metals
mp-492,278.5112308,195.6270263,475.540724,0.215426961,Ceramics
mp-6933,137.7999132,132.2291081,300.5530907,0.136486115,Metals
mp-749,145.3004482,105.8415192,255.4890722,0.206941633,Metals
mp-834,176.8642172,88.23314861,226.9581856,0.286127658,Metals
mp-883,167.7699103,126.8174192,303.8836262,0.198114692,Metals
mp-21476,240.3082095,89.53184981,238.9235596,0.334293662,Metals
mp-9981,198.2646378,100.1773564,257.2115615,0.28378094,Metals
mp-27762,39.33956924,27.65740933,67.21949571,0.215216778,Composites
mp-3402,67.42431919,47.62972108,115.6554776,0.214110381,Metals
mp-9587,306.7074908,176.1694897,443.5793894,0.258956333,Ceramics
mp-1029347,84.57662141,47.69698319,120.448618,0.262643987,Metals
mp-28645,113.4318804,61.08894009,155.374429,0.271706701,Metals
mp-29754,54.05018482,29.77376842,75.46463604,0.267300715,Metals
mp-605860,16.15543806,7.227486839,18.8686878,0.305342245,Composites
mp-8045,1.22E+11,72508042.46,217481205.4,0.499704019,Unknown
mp-8868,-372228455.4,206177393.3,758593943.7,0.839663242,Unknown
mp-570568,6.341879984,3.165280052,8.141367542,0.286042216,Unknown
mp-4091,278.9759711,143.3844447,367.2373702,0.280603942,Metals
mp-542316,-23901.45109,-14387.8375,-35949.97086,0.249318073,Unknown
mp-1013549,35.8125257,25.70972027,62.23611237,0.210361523,Composites
mp-1013734,38.4224689,27.83723224,67.26669926,0.208214572,Composites
mp-1017553,91.41657891,22.98792788,63.63022509,0.383992186,Metals
mp-1017554,182.750666,69.82867093,185.8189891,0.330535055,Metals
mp-1017556,167.5712875,38.07122749,106.1730483,0.394400119,Metals
mp-10198,130.9422849,38.23838801,104.539157,0.366939905,Metals
mp-10373,1860.568447,94.68142961,279.3064652,0.474980185,Unknown
mp-510380,110.6814711,-13.88717482,-43.4799991,0.565473168,Unknown
mp-567703,203.9669852,89.78888662,234.8982509,0.308058601,Metals
mp-570008,43.27095849,36.36042559,85.21317268,0.171784589,Composites
mp-579496,206.7266886,99.57892169,257.4064233,0.292474446,Metals
mp-580234,180.8177692,83.2171843,216.4466958,0.300492786,Metals
mp-582028,142.0975891,44.16002241,120.0445522,0.359199403,Metals
mp-7070,179.5686302,75.48288548,198.618454,0.315652235,Metals
mp-7752,45.97725145,38.14726233,89.64814064,0.175027186,Composites
mp-22166,298.4784589,118.5281625,314.0181251,0.324656177,Metals
mp-510619,281.6595467,70.23156011,194.5263552,0.384892738,Metals
mp-722913,135.3950811,84.47587912,209.7956448,0.24174881,Metals
mp-542496,64.1718267,25.59621632,67.77721628,0.323969438,Metals
mp-27848,44.26052064,31.00487927,75.40690671,0.21604903,Composites
mp-1029251,107.249368,66.18353073,164.6766359,0.244090744,Metals
mp-1029420,45.17354889,20.80494663,54.10821916,0.300369093,Composites
mp-1029444,51.56293274,24.32125892,63.05052979,0.296202018,Metals
mp-1029466,63.16256637,22.59834816,60.57129713,0.340170899,Metals
mp-1029491,-13.64931479,10.24949661,41.0146943,1.000815059,Unknown
mp-21609,67.345113,34.96000905,89.40880913,0.278729777,Metals
mp-1014227,149.3202706,98.16432436,241.5587611,0.230379584,Metals
mp-1014252,150.025417,93.48751604,232.2258029,0.242015045,Metals
mp-1014257,147.0295413,95.51001042,235.5301134,0.233012709,Metals
mp-29175,59.72651255,29.93091067,76.94029798,0.285298313,Metals
mp-755920,185.6699608,78.3536116,206.072916,0.315018618,Metals
mp-1009657,87.43929743,47.92126389,121.5572376,0.268301665,Metals
mp-1014303,159.7730136,82.72301762,211.6427954,0.27922555,Metals
mp-10564,72.16556355,42.30850315,106.1762029,0.254785622,Metals
mp-12857,204.5558165,79.40825762,210.9304759,0.32813943,Metals
mp-1524551,133.4295207,57.31271739,150.403591,0.312131041,Metals
mp-9460,131.0637117,56.69049594,148.640435,0.310981961,Metals
mp-1400520,78.44592509,42.44775454,107.8842385,0.270788522,Metals
mp-1402707,112.902215,64.63061529,162.8226873,0.259640548,Metals
mp-28770,79.51535706,45.24749106,114.0999585,0.260842931,Metals
mp-1029395,88.82375401,49.01219184,124.1935872,0.266966264,Metals
mp-1029407,67.36628402,31.9839677,82.84148955,0.295047105,Metals
mp-1224257,269.1220078,174.1219518,429.6949673,0.233890853,Ceramics
mp-1029532,74.94078543,48.83781477,120.3664298,0.232307694,Metals
mp-27468,89.00359686,46.81723983,119.4989645,0.276228211,Metals
mp-5268,102.8241401,53.94710302,137.7508029,0.276721039,Metals
mp-5505,88.91405921,55.29935829,137.410889,0.242427519,Metals
mp-1029878,94.94635947,35.4748724,94.63805684,0.333874521,Metals
mp-1029457,116.677231,50.92751986,133.3770026,0.309478677,Metals
mp-35869,289.1900281,153.9982064,392.3503836,0.273879718,Metals
mp-36800,245.6487982,176.1611161,426.5257853,0.210612747,Ceramics
mp-1029834,159.1687059,89.09190315,225.2492626,0.26413992,Metals
mp-32994,225.1919318,105.2008039,273.0785612,0.297891989,Metals
mp-569167,282.1070347,155.6251059,394.3589291,0.267015777,Metals
mp-673174,210.6367764,93.81967451,245.0730482,0.306085581,Metals
mp-1188869,304.0987604,156.383291,400.4976754,0.280500215,Ceramics
mp-1208406,329.2275852,122.8048369,327.6728725,0.334120384,Ceramics
mp-5662,152.1849326,56.81867213,151.5904437,0.333984393,Metals
mp-1029610,75.67002042,7.01E+12,681.0301838,-1,Unknown
mp-1029659,-1539.111111,1.20E+16,-13852,-1,Unknown
mp-1029750,61.75892059,7.88E+12,555.8302853,-1,Unknown
mp-12906,50.34132979,7.96E+11,453.071968,-1,Unknown
mp-35644,59.39721926,34.89650449,87.54497556,0.254351644,Metals
mp-8306,35.43548245,-1.02E+13,318.919342,-1,Unknown
mp-9324,38.40657679,-6.07E+12,345.6591911,-1,Unknown
mp-9325,55.60996279,-6.52E+12,500.4896651,-1,Unknown
mp-989586,85.62204655,28.65337886,77.33358673,0.349467145,Metals
mp-989564,243.0433978,93.8692561,249.4882915,0.328913757,Metals
mp-1029257,133.913516,-78.78004096,-293.9907772,0.865896321,Unknown
mp-1029334,129.7846128,64.88112311,166.8412812,0.28574594,Metals
mp-1029378,115.1330291,59.02142805,151.223392,0.281088895,Metals
mp-1029458,154.6416528,60.0111941,159.4126914,0.328191296,Metals
mp-1029520,136.3954686,57.03282617,150.1679181,0.316504268,Metals
mp-1029338,148.8651685,83.74100694,211.5544929,0.263147535,Metals
mp-14763,88.18655975,51.57983319,129.4929319,0.255267068,Metals
mp-8670,85.75534368,52.19463722,130.1739627,0.247005148,Metals
mp-989554,136.4070322,53.93938206,142.9729053,0.32531093,Metals
mp-1029550,102.497851,39.37114435,104.706877,0.329741346,Metals
mp-1029771,29.2913064,-1.964772056,-6.029121228,0.534305521,Unknown
mp-1029923,161.7813294,120.9510244,290.466776,0.200761951,Metals
mp-10247,230.5702096,103.3183213,269.6746364,0.30506687,Metals
mp-3923,199.024044,102.8168973,263.1378754,0.279643144,Metals
mp-569383,66.92247361,34.41122311,88.12856978,0.28052074,Metals
mp-1029726,84.07777063,59.12340529,143.6894549,0.215165586,Metals
mp-1029739,76.91953168,69.26890326,159.8292978,0.153687227,Metals
mp-1029826,84.78391378,64.77612723,154.8838793,0.195532104,Metals
mp-1029737,89.36154717,47.5831292,121.23163,0.273892996,Metals
mp-1029448,70.39054084,40.02623577,100.9451897,0.260987796,Metals
mp-1029574,39.89726917,15.73071779,41.71029985,0.325759587,Composites
mp-569603,67.34921831,22.31518482,60.28713267,0.35080962,Metals
mp-7927,269.8961156,170.0743799,421.6548755,0.239619029,Ceramics
mp-8046,291.5465047,185.5304033,459.1873977,0.237499055,Ceramics
mp-1101156,224.2851809,124.592029,315.3778642,0.265642219,Metals
mp-1029782,111.2273192,53.02096727,137.2537342,0.294334499,Metals
mp-761034,240.863589,130.8751481,332.4181035,0.269981767,Metals
mp-1642,51939676.38,5942346.287,17172157.94,0.444897109,Unknown
mp-29964,166.1397548,87.33496478,222.9404078,0.276352537,Metals
mp-867221,173.2640425,86.81061142,223.1615661,0.285335758,Metals
