138.1964947,149.6859857,329.9358501,0.10209332,149.6859858
248.9404481,179.9600504,435.0475987,0.208733821,179.9600504
329.5525604,158.2113346,409.1579309,0.293074014,158.2113346
292.0417405,189.460867,467.3243557,0.233300478,189.460867
221.3789909,141.0188565,348.9604113,0.2372828,141.0188565
316.9493064,173.6497873,440.5021139,0.268363528,173.6497873
293.334007,147.8957996,379.8488525,0.284177284,147.8957996
241.8792896,100.2002052,264.1282799,0.31800269,100.2002051
305.0348939,232.5156565,556.2192271,0.196089836,232.5156565
311.1496999,206.1611503,506.5967251,0.228642555,206.1611504
341.8005224,200.2380579,502.5728955,0.254938498,200.2380579
144.8620398,98.60417466,241.1071963,0.222601361,98.60417469
173.5330701,51.23240394,139.9269385,0.365609728,51.23240395
241.2165423,99.99482308,263.5647569,0.317892011,99.99482307
219.9084597,85.87983758,227.9642382,0.32722793,85.87983758
283.9092745,151.1053522,385.0110942,0.273982319,151.1053522
310.1552624,152.6201397,393.3422498,0.288631535,152.6201397
207.8728853,192.3991911,441.1069882,0.146332752,192.3991911
254.9691838,163.4193197,403.9547133,0.235945401,163.4193197
339.6350976,193.1953581,487.2065024,0.260916689,193.1953581
286.2359797,214.8239607,515.5069187,0.199835709,214.8239608
264.2973874,107.9342563,285.0057151,0.320274604,107.9342563
365.3640306,137.5205916,366.5702411,0.332783101,137.5205916
264.0212623,199.5078061,478.0983326,0.198194552,199.5078061
295.7077108,224.1903523,536.8902214,0.197398139,224.1903523
269.3190965,234.7271532,545.6574589,0.162322832,234.7271532
308.7006835,194.4442901,482.1092603,0.23971051,194.4442901
78.59231172,62.66055842,148.5126508,0.185056872,62.66055844
51.19929601,30.58439281,76.51710231,0.250917466,30.58439281
143.4526802,43.51715068,118.5625838,0.362251227,43.51715066
154.3896759,42.20941794,116.0522094,0.374719376,42.20941794
62.19611139,8.996319038,25.74754443,0.43100441,8.996319037
129.0035638,73.57882422,185.4739893,0.260376143,73.57882421
59.39342965,6.199620408,17.97349005,0.449563753,6.199620407
138.4894006,88.4263443,218.726326,0.23677128,88.42634429
-7695237.264,-4616856.027,-11542259.37,0.25001292,-4616856.029
154.6179136,5.7E+12,1391.561222,-1,1.61E+12
-2.22E+12,-2.06E+15,-1.99E+13,-0.995167417,-2.06E+15
195037748.5,6.15E+13,1755323045,-0.999985737,6.15E+13
-1.01E+12,62401399260,1.91E+11,0.531629457,62401507365
140.2263491,136.4420351,309.0798777,0.132641702,136.4420351
242.8137425,127.3298922,325.1535634,0.276815513,127.3298923
79.04231094,66.31623285,155.4692938,0.172181283,66.31623285
83.17909472,69.43224255,162.9553778,0.17348491,69.43224257
76.57408605,54.90335365,132.9380266,0.210654885,54.90335367
223.4253665,104.2968469,270.7595872,0.298023839,104.2968469
142.8665206,29.29491938,82.26211578,0.404033831,29.29491938
173.829619,20.12597693,58.13433486,0.444261192,20.12597693
181.0214786,88.59775926,228.5127677,0.289608053,88.59775927
165.3012399,65.92805389,174.5752129,0.323982755,65.9280539
183.3876087,89.12215406,230.09314,0.290886326,89.12215406
174.7276333,77.25835829,202.0023223,0.307316948,77.2583583
184.1673105,90.51070957,233.3111606,0.288859416,90.51070956
188.7440697,93.95991179,241.7620269,0.286516889,93.95991181
175.916079,81.11587241,210.9276503,0.30016262,81.11587239
190.776865,60.21432873,163.4469014,0.357209362,60.21432874
169.8665496,75.45997379,197.1818324,0.306532606,75.45997381
186.3697654,92.82670729,238.8283882,0.286420661,92.82670728
195.3218364,100.994877,258.4407298,0.279474452,100.994877
225.5827811,111.281906,286.7016042,0.288177092,111.281906
198.4405084,70.98685453,190.2722694,0.340193693,70.98685453
236.2388686,80.27628277,216.3256557,0.347382117,80.27628278
299.8702523,181.6345736,453.3672746,0.248020313,181.6345736
352.3769286,152.0113635,398.7022341,0.311422466,152.0113634
326.1597972,199.1040951,496.319597,0.246382192,199.1040951
316.1835336,177.4231786,448.3981751,0.263640351,177.4231786
211.6877176,140.5794948,345.3015025,0.228136091,140.5794948
230.4488192,143.5836587,356.6743559,0.242043695,143.5836587
163.8935569,73.40346422,191.6054387,0.305152561,73.40346423
241.602469,171.0312687,415.1352261,0.21362377,171.0312687
258.0722161,200.1804085,477.1658654,0.191839573,200.1804085
1.47E+12,4.19E+13,1.19E+13,-0.857602795,4.19E+13
286.0439122,178.9154013,444.1446634,0.241214172,178.9154013
314.2052693,183.2501707,460.2710562,0.255854372,183.2501707
145.2024633,90.9090344,225.6376745,0.241007981,90.90903439
252.6318649,189.9692328,455.6879014,0.199372905,189.9692328
184.9945916,123.5486106,303.1578554,0.22687683,123.5486105
200.4960605,129.4838154,319.6414568,0.234291158,129.4838154
207.1661112,131.3500861,325.299984,0.23829376,131.3500861
209.1849344,132.0021332,327.1851079,0.239317502,132.0021332
298.3891309,192.2728768,474.829969,0.234781465,192.2728768
182.8856335,132.4611856,320.1019545,0.208285858,132.4611856
203.5870609,130.4584323,322.4912487,0.23599235,130.4584323
326.4011704,185.4508531,467.7631375,0.261151215,185.4508531
194.5531657,125.4770108,309.8240531,0.23458493,125.4770108
183.5011194,140.4120026,335.629876,0.195160919,140.4120026
188.8821839,113.0470087,282.7349032,0.250519171,113.0470087
112.4171532,76.988823,188.040087,0.221216793,76.98882299
129.3226869,81.18917036,201.4173686,0.240420167,81.18917038
127.3357628,82.53981989,203.6229193,0.233482939,82.53981989
219.8904259,109.9628366,282.7551049,0.285684845,109.9628366
129.0182842,86.18221329,211.4621588,0.226831795,86.18221328
120.9338926,84.94711563,206.4927245,0.215419281,84.94711566
159.0350118,110.3514187,268.8669969,0.218230812,110.3514187
159.2777491,100.6834664,249.482374,0.238944103,100.6834664
149.2462662,92.07678473,229.1135172,0.244143775,92.07678474
159.8485985,110.3427287,269.1070741,0.219414625,110.3427287
155.6342991,116.1414248,279.0187591,0.201202583,116.1414248
127.7228468,82.72530348,204.1091605,0.23365616,82.72530347
122.5490435,83.38451094,203.9063784,0.22268738,83.38451097
161.7198319,113.3343144,275.6179825,0.215951162,113.3343144
90.31057729,58.80342721,144.9500965,0.23249701,58.80342722
1151022.1,169973.6728,485998.2494,0.429628016,169973.6728
375.4289448,-1.24E+15,3378.860503,-1,1.90E+13
1321.347532,210.4318721,599.4725162,0.424386217,210.4318721
204.84269,-9.57E+15,1843.58421,-1,4.15E+18
-2522378.593,-8.65E+12,-22701387.48,-0.999998688,-8.65E+12
-1.36E+11,2.63E+13,-1.25E+12,-1.02372869,2.63E+13
3.08E+13,-7.7E+14,3.15E+14,-1.204265062,-7.70E+14
-1.5E+11,-2.65E+13,-1.33E+12,-0.974984166,-2.65E+13
280.3438512,221.5829024,526.131218,0.187210774,221.5829024
296.8343727,191.0351482,471.8762167,0.235050778,191.0351482
301.6105234,204.7775354,500.9579805,0.223176115,204.7775354
215.4180379,171.9764531,407.490852,0.18472862,171.9764531
223.9478063,193.2144883,450.1775476,0.164968403,193.2144883
230.8152855,106.3238219,276.5133376,0.30033577,106.3238219
226.2517406,134.5287557,336.8273491,0.251878631,134.5287557
157.8962602,92.6134431,232.4021367,0.254689,92.61344312
228.4929545,179.2938789,426.3622971,0.189004053,179.2938788
204.2342657,159.3898933,379.4569021,0.190341791,159.3898933
198.1486533,58.6602682,160.1746757,0.365273981,58.66026818
166.078294,72.22524052,189.2426803,0.310086882,72.22524054
151.7740475,58.37753389,155.2302933,0.329537948,58.37753391
335.3968046,211.0710515,523.4150788,0.239902571,211.0710514
310.1583705,182.427616,457.5719481,0.25411919,182.427616
171.6416407,74.38203955,194.9807235,0.310670726,74.38203954
243.51669,101.4290961,267.1907047,0.317130464,101.4290961
216.4560249,30.45383268,87.26879708,0.432804829,30.45383268
202.5191854,62.13298855,169.1051202,0.360832016,62.13298856
201.5786872,62.80619676,170.6910908,0.358871414,62.80619677
207.9574845,71.72602935,192.9901876,0.345328812,71.72602933
175.6734719,69.76455151,184.82709,0.324649023,69.76455153
204.2736382,61.35848517,167.3223611,0.363481845,61.35848515
174.7642365,74.00265719,194.5479899,0.314466245,74.0026572
170.6944032,76.76548669,200.2737735,0.304451923,76.76548669
185.3388243,70.57586381,187.8797772,0.331048371,70.57586382
175.1497955,73.74281766,194.0017812,0.315394417,73.74281766
158.9802882,69.1532947,181.1887104,0.310051178,69.15329469
156.4451099,78.02768697,200.7140549,0.286172016,78.02768698
185.9643228,65.77496371,176.5140768,0.34180292,65.77496372
204.5921632,60.16594217,164.3839549,0.366088097,60.16594215
315.2167059,202.4292,500.2107272,0.23552019,202.4292
290.9672007,197.0921582,482.3637307,0.223700971,197.0921582
299.8880048,171.0380744,431.1473815,0.260384224,171.0380744
280.7015717,241.9343356,563.8192959,0.165232075,241.9343356
179.3455684,-1.27E+12,1614.110117,-1.000000001,-6.20E+11
-171884987,-59604546.49,-160286164.9,0.344580022,-59604546.48
298.3939553,204.5922776,499.5952067,0.220953235,204.5922777
332.0160568,206.093221,512.2827742,0.24284237,206.0932209
153.0273663,94.22785697,234.5429821,0.244552246,94.22785699
224.763153,192.0859288,448.4944476,0.167431812,192.0859288
-782526.9571,120123.499,379804.7476,0.580892793,120123.499
181.3562442,143.8843389,341.3734445,0.186277281,143.8843389
182.2693467,136.730073,328.1387028,0.199950733,136.730073
177.7153226,144.9873734,341.9656378,0.179294547,144.9873734
170.0814766,155.5894929,357.695828,0.149485808,155.5894929
281.2270992,243.5107444,566.9066354,0.164027971,243.5107445
278.7054628,247.5068488,572.9238505,0.157389893,247.5068488
282.0879024,267.0391382,608.9597237,0.140206877,267.0391382
271.6231476,194.6093628,471.2765305,0.210826971,194.6093628
284.1168293,247.6677892,575.7170549,0.162276808,247.6677892
238.389082,172.0185248,415.9963517,0.209161491,172.0185248
294.264257,211.9956344,512.8339302,0.209538893,211.9956344
225.314401,219.891722,497.7512399,0.131809864,219.891722
274.8526247,198.1612212,479.2969919,0.209361218,198.1612212
291.5950337,264.6959305,609.6250396,0.151557257,264.6959305
279.9104633,235.7818743,552.2761483,0.171159043,235.7818743
301.7920435,207.139055,505.7155854,0.220715199,207.139055
137.999115,69.81128613,179.213548,0.283557129,69.81128614
229.1678041,103.8947775,270.7664043,0.303079956,103.8947775
295.4478336,220.1747662,529.093316,0.201530323,220.1747662
324.6685714,198.5443507,494.7763117,0.246009544,198.5443507
266.5913343,209.5563202,498.1452351,0.188571251,209.5563202
354.8593461,164.6633566,427.8174993,0.299067103,164.6633567
297.3244791,191.1434007,472.2339184,0.235287006,191.1434007
245.503244,240.7664862,544.3502776,0.13045276,240.7664862
249.6323725,183.3687759,441.9050896,0.204962752,183.3687759
185.0378486,163.0908282,378.1678219,0.159377955,163.0908282
226.910823,175.5041521,418.5923791,0.192542667,175.5041521
219.9731028,178.0086425,420.5779511,0.181341381,178.0086425
186.2391955,163.9644296,380.290951,0.159675156,163.9644296
277.1089997,216.8403405,515.9440369,0.189686467,216.8403404
185.4935712,161.8842342,376.2103974,0.161973553,161.8842342
158.4487899,84.36460223,214.9452632,0.273906695,84.36460221
148.4717957,81.26046739,206.1685317,0.268565997,81.26046738
312.6304105,184.8382536,463.2233666,0.253050593,184.8382536
166.3780243,139.7471956,327.5377932,0.171893975,139.7471956
168.1064012,142.2979561,332.9493695,0.16990215,142.2979561
160.8626715,133.2271489,313.2132615,0.175485868,133.2271489
323.8504113,174.707582,444.2383287,0.271376787,174.707582
269.6546499,225.4757589,528.9871192,0.173046543,225.4757589
164.4985127,136.8416879,321.4030187,0.174360765,136.8416879
206.7497713,118.4166975,298.2993974,0.259532666,118.4166975
218.1116163,124.2354681,313.2341208,0.260646922,124.2354681
173.840184,137.8921528,327.1710924,0.186329627,137.8921528
174.0960149,116.4851563,285.7296036,0.22646358,116.4851563
174.5353776,106.5542068,265.6106675,0.24636406,106.5542068
195.9504089,156.1874143,370.2023983,0.185122373,156.1874143
143.6831879,123.6836548,288.3212163,0.16555909,123.6836548
172.6298676,136.1622329,323.4468625,0.187726051,136.1622329
172.0005649,112.5353587,277.1599644,0.231435025,112.5353586
167.6571269,119.6252777,289.9216867,0.21179107,119.6252778
144.8362556,123.6386822,288.7521466,0.167725753,123.6386822
181.7497641,149.7677203,352.4837897,0.176768228,149.7677203
171.8645879,114.0360244,280.1468297,0.22832601,114.0360244
174.1570962,102.6701648,257.4243623,0.25364736,102.6701649
173.233239,110.3497456,273.0677587,0.237283137,110.3497456
174.8549212,129.8291892,312.2147645,0.202405893,129.8291892
146.8931781,108.9808655,262.1198675,0.202595824,108.9808655
141.1274892,133.8308948,305.0626114,0.139731644,133.8308948
278.0314696,235.0734768,550.1665604,0.170201266,235.0734769
294.3473331,193.7507554,476.6656917,0.230100215,193.7507554
213.557922,120.578676,304.4388045,0.262407312,120.578676
183877.4349,-19763.31925,-61493.06865,0.555737371,-19763.31925
227.2086023,196.3490928,457.3135594,0.164542074,196.3490928
210.3908533,204.5951449,463.5313398,0.132801416,204.5951448
194.7534909,140.063706,338.9381004,0.20994264,140.063706
202.924006,141.8234955,345.0787035,0.216578051,141.8234955
202.2647017,200.0849262,451.4072706,0.128039176,200.0849262
209.3146002,153.5404513,370.1217559,0.2052907,153.5404512
272.1935118,212.2885002,505.4598335,0.190502154,212.2885002
294.461708,231.4749537,550.2435726,0.188559634,231.4749537
233.3788425,224.133874,509.3454642,0.136252756,224.133874
213.6360969,202.188816,461.1016481,0.140274861,202.188816
218.1804503,198.0786996,456.1845556,0.151523502,198.0786996
195.5675332,191.5351498,433.1870449,0.130829107,191.5351498
129.6556722,102.4842294,243.3383899,0.187199198,102.4842294
303.372973,198.5063639,488.8876343,0.231415519,198.5063639
-9.56E+16,-4.54E+17,-5.27E+17,-0.419445908,-4.53E+17
189.7816497,157.8501272,370.758173,0.174399348,157.8501272
76.87078379,-18.47119066,-60.23844731,0.630605423,-18.47119066
109.1014757,40.23962888,107.5022855,0.335776304,40.23962889
113.1462236,69.45668041,172.9754315,0.245203705,69.45668039
55.77646768,35.198901,87.24426623,0.239303838,35.198901
113.5067837,74.42215493,183.2224317,0.230966988,74.42215492
128.9844845,91.39705137,221.8022411,0.213399326,91.39705138
218.7927259,80.31481612,214.676506,0.336468888,80.3148161
160.0298448,83.34121083,213.0407869,0.2781239,83.34121084
224.8416338,129.8970952,326.7644062,0.257781807,129.8970952
128.6720629,26.52277378,74.45274978,0.403562659,26.52277378
246.2786587,150.3775488,374.8402604,0.24633053,150.3775488
26.87972381,23.37277338,54.36186438,0.162931405,23.37277338
111.303568,56.6707853,145.3446899,0.282359942,56.6707853
97.93135357,46.47266693,120.3766847,0.295134244,46.47266693
146.91366,13826682200,1322.222898,-0.999999952,13875186083
71.67657121,-1.59E+15,645.0891409,-1,-1.39E+13
114.1056259,-1.24E+14,1026.950633,-1,3.52E+12
66.73963912,-7.94E+15,600.6567521,-1,-6.01E+12
53.83511896,3.4E+12,484.5160706,-1,1.96E+12
179.2585528,74.73929971,196.8587489,0.31696945,74.73929971
127.1181338,19.07786077,54.50679325,0.428535251,19.07786077
149.8497374,67.93328478,177.0457252,0.303085268,67.93328477
38.77323339,22.60143028,56.77303917,0.255961204,22.60143028
138.4467865,62.40796385,162.766952,0.304055941,62.40796384
145.7886455,38.11941022,105.1901915,0.379745789,38.11941024
100.3299559,59.0190615,148.0308243,0.254093343,59.01906151
157.3402685,81.640624,208.806706,0.278816205,81.64062402
224.022697,90.22898165,238.6471953,0.322453113,90.22898166
42.66463917,21.39274161,54.98765729,0.285194256,21.39274161
43.37633692,32.23335628,77.50246888,0.202209106,32.23335628
94.48083828,22.37782693,62.2211149,0.390240328,22.37782693
170.575325,105.9354972,263.2993057,0.242734082,105.9354972
178.7808465,125.3453627,304.8025357,0.215850866,125.3453627
49.8234948,33.0450812,81.18646117,0.228419756,33.04508119
78.48633099,59.13410502,141.7920879,0.198902798,59.134105
194.4077669,99.03264491,253.9727785,0.282267977,99.03264493
203.4825674,109.0777418,277.6257216,0.272604827,109.0777418
155.2205326,60.33456735,160.2416114,0.327941995,60.33456734
236.6891773,128.3660272,326.138716,0.270346691,128.3660272
44.90908942,2.278291369,6.721215694,0.475056216,2.27829137
64.25404566,44.26828136,108.0019422,0.21985696,44.26828135
161.8043794,8.020219547,23.66957895,0.475619141,8.020219547
224.4981869,122.4251756,310.7826812,0.269276027,122.4251757
159.4382455,-33.59666363,-108.4042698,0.613318973,-33.59666364
138.3517583,65.11125285,168.8462276,0.296597902,65.11125283
171.5408861,101.248771,253.8106618,0.253401198,101.248771
177.5620807,73.76465328,194.3772344,0.317549977,73.76465326
179.7953767,100.1087422,253.312119,0.265184805,100.1087422
48.22781908,38.35953011,90.96206603,0.185651464,38.35953011
205.1034485,86.47111715,227.4493235,0.315175118,86.47111716
64.61278277,42.91852461,105.4151774,0.228084823,42.91852459
131.6671615,48.9471281,130.6515285,0.33461894,48.94712813
55.20673428,31.5160379,79.43277051,0.260196011,31.5160379
204.2478105,61.56683068,167.8367061,0.363044875,61.56683068
158.4069677,54.17327876,145.8890672,0.346503946,54.17327876
121.6100343,32.12492331,88.57531688,0.378607445,32.12492331
160.2534796,55.7149773,149.7863059,0.344219393,55.71497728
63.77574937,42.87022353,105.0682807,0.22542259,42.87022355
109.385511,74.22873214,181.606874,0.223292308,74.22873212
52.95971901,35.25867939,86.5653398,0.227574902,35.25867939
72.40968846,40.9536267,103.3723599,0.262066002,40.95362672
57.11898439,17.06910213,46.56854908,0.364118297,17.06910213
117.7314359,74.98346244,185.5565652,0.237316597,74.98346245
94.55884282,34.49595588,92.2678122,0.337371437,34.49595588
71.82512914,49.95117705,121.6522835,0.217711881,49.95117703
218.9116662,79.33761493,212.3586212,0.338322442,79.33761494
197.6170332,68.55930982,184.3581306,0.344515654,68.55930982
194.3405176,87.35135992,227.9077415,0.304546041,87.35135992
101.4617319,75.47918016,181.4443245,0.201949492,75.47918017
76.53507123,50.98661706,125.1653664,0.227433527,50.98661704
111.8409837,65.82979487,165.0972164,0.253970308,65.82979489
41.58675225,21.06245555,54.06066012,0.283341821,21.06245555
39.94263545,18.29324064,47.61126244,0.301334831,18.29324064
22.12680034,16.08844596,38.84948803,0.207372301,16.08844596
185.4229156,22.76978506,65.62319658,0.441014845,22.76978506
1.59E+14,-4.42E+14,-1.82E+16,19.61812277,-4.42E+14
72.40152635,-2.08E+13,651.6137371,-1,2.83E+12
158.9335113,111.1025798,270.3188746,0.216528343,111.1025798
-9360468.578,-2158432.484,-6013109.386,0.392934324,-2158432.484
68.31373303,34.97756156,89.63463367,0.281316216,34.97756156
84.60282177,43.64219278,111.7169285,0.279918829,43.64219276
80.79240082,43.43175318,110.4954896,0.272058823,43.43175315
50.13518284,31.81581196,78.78233326,0.238100309,31.81581196
63.06853265,55.60910572,128.9328697,0.159278396,55.6091057
55.85252884,50.88469356,117.0943158,0.150584858,50.88469355
108.1881048,61.77648527,155.6949921,0.260147704,61.77648526
64.65940519,44.04045352,107.6750234,0.222455887,44.04045353
232.8316806,119.7344834,306.6399112,0.280499579,119.7344834
61.70245313,40.82677409,100.3478699,0.228946839,40.82677409
99.4627131,75.73791628,181.2166962,0.196340651,75.7379163
96.01971278,73.08561946,174.8853897,0.196441865,73.08561947
58.82874396,34.5319459,86.64295761,0.25453338,34.5319459
162.6487367,43.91785578,120.8742195,0.376139811,43.91785577
153.1585838,105.0652558,256.5355045,0.220838908,105.0652558
100.3580783,84.3930263,197.7488237,0.171594576,84.39302631
79.68404749,64.14981465,151.7320413,0.18263819,64.14981463
66.11677876,43.90495372,107.8436182,0.228148638,43.90495371
235.0767432,134.1363856,338.1014885,0.260289992,134.1363856
191.9641942,57.81372295,157.6179403,0.363153351,57.81372294
76.35492308,58.9941388,140.7366176,0.192801695,58.99413883
63.96491765,43.53190671,106.4477298,0.222640332,43.53190672
121.6030555,36.7703296,100.2104447,0.362653609,36.77032961
142.0574656,24.56263894,69.67232108,0.418258055,24.56263894
114.6286168,20.80256896,58.8478444,0.41443695,20.80256897
199.3033282,107.9241198,274.266609,0.270645569,107.9241197
187.7055779,111.5490873,279.3167628,0.251990355,111.5490873
134.1594438,60.76440379,158.3814747,0.303242234,60.7644038
145.342699,55.27901713,147.1780315,0.33122873,55.27901712
179.0731253,40.83992299,113.8637402,0.394024913,40.839923
185.1605643,97.72469899,249.3129977,0.275588466,97.72469898
185.3858977,100.2065527,254.7243191,0.270996318,100.2065527
129.6872168,59.23774699,154.2304255,0.301791791,59.23774697
167.3012203,74.15644204,193.8307629,0.306904414,74.15644205
230.4758369,116.917556,300.0204418,0.283042736,116.917556
71.27041648,40.06245203,101.2212318,0.263293017,40.06245205
138.4553211,39.11354203,107.2420244,0.370906581,39.11354204
106.6967619,54.92209277,140.6355847,0.28031888,54.92209279
156.9360018,9.328502294,27.44178054,0.470856718,9.328502293
129.9423667,43.40429745,117.1672102,0.349719003,43.40429745
93.14299512,38.89563556,102.4290984,0.31671712,38.89563553
204.2284192,138.2088792,338.3108429,0.22391139,138.2088793
203.1111378,106.1215569,271.142475,0.277508939,106.1215568
125.3809125,67.18448729,171.008832,0.272680933,67.18448729
188.1694878,114.1893672,284.9317972,0.24762841,114.1893672
127.3557177,51.59428716,136.3677785,0.321539515,51.59428716
162.7893634,79.40914304,204.9090167,0.290210478,79.40914302
151.4138676,8.223039492,24.23047924,0.473328644,8.223039491
134.4829872,70.41137829,179.8466451,0.277113511,70.4113783
181.8218056,58.52720047,158.5676524,0.354649216,58.52720046
158.5394156,77.73498259,200.44435,0.289280214,77.73498258
195.1767963,105.2270405,267.5916059,0.271496398,105.2270405
195.1570679,97.15759672,249.987878,0.28650711,97.15759671
172.0383778,90.50498417,231.0061468,0.276206769,90.50498417
179.9625123,100.8232769,254.8726951,0.263957604,100.8232769
148.8272581,-23.10739873,-73.1057403,0.581868672,-23.10739873
121.1180608,28.63071313,79.61854766,0.390439478,28.63071313
160.6449361,37.85635608,105.2978405,0.390755099,37.85635607
220.8993822,137.8188147,342.2748454,0.2417566,137.8188147
192.4089417,63.94714934,172.708242,0.350398288,63.94714933
230.2559829,74.28957639,201.22745,0.354345117,74.28957639
164.6444687,67.84542907,178.9554275,0.318846604,67.84542907
150.3369052,41.04074581,112.8529285,0.374888861,41.0407458
159.8152656,64.46517268,170.4739809,0.322217671,64.46517266
172.0003343,76.46263559,199.7833829,0.306411827,76.46263559
49.68254431,33.95578659,82.96614832,0.221679081,33.95578659
57.65003458,43.39260604,104.0676026,0.199139809,43.39260604
193.541725,66.52101371,179.0496919,0.345813014,66.52101372
199.2299466,103.1099998,263.8176943,0.279302176,103.1099998
238.3761616,80.90247328,218.0405016,0.34755152,80.90247327
151.9981951,-2.963681319,-8.949208246,0.509812845,-2.963681319
147.5850612,66.97867376,174.5331681,0.302901045,66.97867378
268.4516798,143.4909892,365.3738999,0.273159736,143.4909892
240.987944,132.5668837,336.0758198,0.267570793,132.5668837
123.1365284,54.62007259,142.7530692,0.306782126,54.62007259
109.0611896,46.65942953,122.5075666,0.312784659,46.65942953
110.7426345,41.71412184,111.1824372,0.332671434,41.71412185
76.17128207,55.78827054,134.5230112,0.205656761,55.78827056
50.30615316,35.36037624,85.9442806,0.21526253,35.36037624
146.3907013,94.12588976,232.5386493,0.235253392,94.12588977
29.04290057,22.36102414,53.38273488,0.193655857,22.36102414
270.5249578,140.6376825,359.5983124,0.278456478,140.6376825
220.9416619,109.0734563,280.9823476,0.288041826,109.0734563
97.73502819,43.90182333,114.553314,0.304653261,43.90182334
230.7591376,114.7473287,295.2957194,0.286721541,114.7473288
230.9307439,111.3202573,287.7276894,0.292342007,111.3202573
77.24749305,15.22860326,42.86875498,0.407507775,15.22860326
86.00456578,16.81690467,47.36363112,0.40821489,16.81690467
48.97377395,33.61687056,82.07185958,0.220694524,33.61687056
46.70046961,31.21839321,76.58906008,0.226665632,31.21839321
187.173886,19.02716068,55.21066861,0.450838344,19.02716068
65.57451537,45.64960524,111.1552848,0.217483527,45.64960524
123.457664,13.28222809,38.46718329,0.44806967,13.28222809
135.096051,24.27425955,68.7076164,0.415236091,24.27425956
195.9127675,81.31928358,214.3064753,0.317685461,81.31928356
228.5851435,111.6809436,288.1200911,0.289925039,111.6809436
218.9329456,133.8328595,333.5355774,0.246090006,133.8328595
193.9698308,104.6276228,266.0474089,0.271401384,104.6276228
255.7559574,129.1768298,331.687714,0.283851425,129.1768298
237.1820981,128.3260625,326.1564694,0.27081149,128.3260625
55.26160538,41.39818127,99.37866461,0.200278147,41.39818127
195.7958838,102.9030535,262.6892518,0.276391918,102.9030535
181.9844857,45.02425729,124.782111,0.385720926,45.02425729
178.5462972,27.73482204,79.10832,0.426155175,27.73482205
124.1707067,48.6810246,129.1635814,0.326631706,48.68102458
155.7449285,85.62343005,217.0877298,0.267688819,85.62343005
63.93316478,44.01144272,107.391615,0.220041976,44.0114427
260.7225879,129.3529997,332.9899346,0.287136501,129.3529996
58.55403664,45.32655547,108.0891414,0.192337917,45.32655545
158.1801259,32.223538,90.52363095,0.404619675,32.223538
244.2287135,114.9020436,297.9765519,0.29665471,114.9020436
82.71007356,24.4479876,66.7656222,0.365462534,24.4479876
159.0927954,84.2616728,214.8534618,0.27491809,84.26167278
62.95318786,44.75658582,108.5461252,0.212627407,44.75658583
54.78925056,41.99967881,100.3558473,0.194721604,41.99967884
80.35858868,32.01797134,84.7923908,0.324137465,32.01797134
188.6455306,106.8174777,269.5721453,0.261835381,106.8174777
237.931486,125.5525424,320.315825,0.275624606,125.5525424
68.39699612,14.00346661,39.32652159,0.404170934,14.00346662
236.1081813,125.5213858,319.8787995,0.274200398,125.5213858
184.8316896,93.36936705,239.7392915,0.283821981,93.36936706
194.2917769,46.75832061,129.8577587,0.388605889,46.75832061
209.626812,92.01718797,240.8156472,0.308536223,92.01718798
42.61093307,29.6862781,72.27467477,0.217307783,29.6862781
161.4093842,51.37856941,139.3500981,0.356111115,51.37856942
201.1228629,111.3293361,281.9623035,0.266343236,111.3293361
87.13264411,63.35416358,152.9842077,0.207372957,63.35416358
55.44259125,42.50159071,101.5546111,0.194715414,42.50159072
134.7205205,32.6625281,90.66078548,0.387840911,32.6625281
117.4536191,50.31625661,132.0870646,0.312568476,50.31625662
119.1038277,30.58151183,84.51138965,0.381739891,30.58151182
53.80433993,38.05135227,92.37715409,0.213848504,38.05135228
214.4737544,124.983502,313.9636024,0.256020184,124.983502
50.08747806,35.34396275,85.84084328,0.214363594,35.34396275
214.1136609,95.0460944,248.3851572,0.306656306,95.04609442
163.076636,82.83906184,212.5303874,0.282790888,82.83906182
92.52849545,24.25861886,66.9270037,0.379447941,24.25861886
56.30887536,34.2068665,85.33970158,0.247406008,34.20686649
117.5397792,54.76291785,142.2040128,0.298360445,54.76291787
81.23068036,44.68713368,113.2872943,0.267560537,44.68713367
78.73542579,41.27164961,105.3988995,0.276892256,41.2716496
72.98411371,47.33450391,116.7613118,0.233363637,47.33450391
54.5904237,38.38023149,93.28022619,0.215211876,38.38023148
157.1560436,21.32880087,61.21699974,0.435078327,21.32880087
67.89007515,47.22080976,114.9998002,0.217681365,47.22080978
51.61565055,36.00999592,87.64739509,0.216987018,36.00999591
36.57151798,24.71182551,60.50702825,0.224252499,24.71182551
112.1241986,29.71283605,81.90369997,0.3782545,29.71283605
179.0695369,17.21420212,50.03916176,0.453426694,17.21420212
188.5167203,76.08740033,201.1941512,0.322125282,76.08740034
64.5204523,52.34466023,123.6070216,0.180703257,52.34466021
56.28671995,32.41791986,81.59003411,0.258409461,32.41791986
214.6179474,-25.64942537,-80.14087552,0.562235301,-25.64942537
172.2867517,93.07102462,236.6072136,0.271111039,93.07102462
-3160.903952,-1944.904341,-4841.683638,0.244709967,-1944.904341
63.38311275,30.84611429,79.62202144,0.290632925,30.84611429
38.02512018,23.25320602,57.94754712,0.246011992,23.25320602
67.86058978,39.67016982,99.6019607,0.255376031,39.67016982
66.48864962,31.52746067,81.67317245,0.295270388,31.52746067
84.5472277,59.99616639,145.5582799,0.213063172,59.99616641
81.14134788,58.27533499,141.0571452,0.210264559,58.27533498
88.00699992,64.59188816,155.6872738,0.205161192,64.59188815
93.46286477,67.43641371,163.0854666,0.209179564,67.4364137
92.40056393,67.38923745,162.6311871,0.206655493,67.38923745
87.06664188,57.04716026,140.4636336,0.231118542,57.04716028
134.5065407,86.25291403,213.1892299,0.23583784,86.25291401
88.89258182,65.65865298,158.0600406,0.203649736,65.65865296
89.17106008,65.88997222,158.6047032,0.203557217,65.88997222
92.62269581,60.66966648,149.390997,0.231183602,60.66966649
-8.15E+13,-4.19E+16,-7.29E+14,-0.991302849,-4.19E+16
124.1284404,7.6E+13,1117.155964,-1,-1.04E+12
126.6675611,85.55417459,209.4963184,0.224348896,85.55417459
119.7595468,86.0469534,208.2622211,0.210166153,86.04695339
101.1376381,58.26700718,146.6403973,0.258348458,58.2670072
97.18235851,62.91111491,155.2359522,0.233772064,62.91111491
112.8547495,73.66351488,181.5003848,0.231955773,73.66351489
112.5964205,41.01577218,109.7241549,0.337584898,41.01577219
107.8084703,70.32755157,173.2993991,0.232087533,70.32755157
110.7902076,70.67952841,174.8551549,0.236957567,70.6795284
105.8306431,60.54176561,152.5381644,0.259776312,60.54176561
112.1343357,65.83588317,165.1808635,0.254489615,65.83588318
183.6039284,101.4667769,257.0485976,0.266663855,101.4667769
142.9422491,107.3160367,257.5059573,0.199755252,107.3160367
81.19891724,60.82290221,146.0115457,0.200300713,60.82290219
-212.4060313,38.72460951,123.6906792,0.597055216,38.72460951
28.99560877,-4.265052826,-13.45486419,0.577338516,-4.265052825
104.6324793,61.1684964,153.5780716,0.255369027,61.16849642
116.6131433,79.86447515,195.0627546,0.221211022,79.86447517
157.7185926,100.5564014,248.7946607,0.237090117,100.5564014
119.1718678,88.32168426,212.4746928,0.202845567,88.32168427
128.9993347,87.27745305,213.6492599,0.223965941,87.27745306
124.0618522,86.22605393,210.0214598,0.217853828,86.22605394
125.0298842,78.24409773,194.2181764,0.241104327,78.24409771
108.6296161,73.09698786,179.1153296,0.225189538,73.09698784
108.2595682,77.04980491,186.8269814,0.21237803,77.04980489
123.5817735,87.81835579,213.0014618,0.21273884,87.81835578
92.96822883,58.36758893,144.7998719,0.24041334,58.36758893
98.03097047,77.45201233,183.9192491,0.187310979,77.4520123
96.93506809,75.40157578,179.6294212,0.191151639,75.40157578
91.87526066,58.8811484,145.550012,0.235964446,58.88114842
49.76800155,21.17846939,55.64261622,0.313660001,21.17846939
122.8228516,76.46463797,189.9710907,0.242215328,76.46463795
147.9823545,81.71222117,207.0308755,0.266829322,81.71222117
112.2791003,69.1967735,172.2125498,0.24436835,69.19677351
48.99948566,1.690626242,5.014210396,0.482944684,1.690626242
128.389917,90.06668569,218.9918127,0.215720391,90.06668572
131.5443926,54.2398698,143.0572784,0.318746514,54.23986979
79.39389819,51.73572326,127.5104717,0.232325207,51.73572325
-2256240.403,63036.76156,190888.0152,0.514100744,63036.76156
133.2523565,63.25170532,163.8326382,0.295084752,63.25170533
125538616.9,-521054569.3,4075861614,-4.911165792,-521054569.6
90.41518318,58.08012997,143.5112208,0.235458847,58.08012996
83.72844846,32.24335631,85.7258832,0.329357316,32.24335632
70.54818587,36.25221653,92.85216828,0.280641257,36.25221653
204.0525365,91.013236,237.6994667,0.305851089,91.01323602
189.5471132,126.0612109,309.558166,0.227808951,126.0612109
23.76537051,14.54457542,36.24056522,0.245844728,14.54457542
59.53521027,34.92985675,87.64822892,0.254631955,34.92985675
116.6288658,70.28683636,175.5876505,0.249079199,70.28683635
168.3341265,127.1449737,304.7162056,0.198302208,127.1449738
190.0123791,146.6763267,349.9764867,0.193023082,146.6763267
110.8847077,49.80049466,129.9474953,0.304680769,49.80049466
109.693477,82.21460947,197.3416875,0.200161922,82.21460946
89.16697862,9.52E+13,802.5028076,-1,-1.07E+13
129.6751348,38.85673766,105.9842648,0.363782335,38.85673766
109.960158,31.3529984,85.89521262,0.369808583,31.3529984
104.2817798,40.54562947,107.6811152,0.3279004,40.54562946
96.230736,60.0172939,149.0626868,0.241831122,60.01729388
73.60466239,45.51437026,113.2084807,0.243656455,45.51437026
82.06433266,60.20331664,145.1221928,0.205267424,60.20331665
378976.6794,227395.9069,568485.6423,0.24999093,227395.9068
47.88648443,32.49892635,79.50989333,0.223269539,32.49892635
80.850323,51.49793301,127.4366964,0.23729914,51.497933
-1273583.283,-764143.956,-1910362.396,0.25000164,-764143.9561
74.27513291,50.51416218,123.5368743,0.22279445,50.51416216
79.8913183,61.3738155,146.5850925,0.194198953,61.37381551
40286919.99,6043076.757,17265928.32,0.428570992,6043076.758
55.93265519,35.61362385,88.13500222,0.23737762,35.61362385
64.41635623,45.65630095,110.7932943,0.213340677,45.65630098
72.10983036,47.81244846,117.4736885,0.228484341,47.81244846
82.95804756,-9.996811259,-31.24550769,0.562773712,-9.99681126
42.63120848,31.80249731,76.4076787,0.201284257,31.80249731
79.49781105,56.83680653,137.6953996,0.211322451,56.83680655
-16362213.72,-2454282.2,-7012241.641,0.428572811,-2454282.2
91.01850897,31.48136606,84.68098146,0.344938166,31.48136605
83.14372288,61.24000108,147.5048205,0.204317585,61.2400011
109.3321673,83.38089869,199.4419946,0.195969327,83.38089872
167.3649897,105.8671095,262.2960128,0.238798406,105.8671094
44.98175463,34.28069157,82.00899722,0.196139772,34.28069157
197.2842992,88.24607307,230.3871773,0.305367872,88.24607307
46.33937921,33.52193096,81.02737729,0.208572641,33.52193096
46.92817279,23.06277343,59.44952914,0.2888634,23.06277343
62.30850876,40.75459861,100.3786536,0.231500947,40.75459863
44.74627035,21.77165639,56.20009958,0.290671196,21.77165639
72.03531043,53.02352441,127.7307022,0.204472012,53.02352439
59.20060407,16.17827881,44.48276837,0.374768259,16.17827881
-9.83E+14,2.32E+15,3.29E+16,6.08553105,2.32E+15
105.4569151,4.47E+12,949.1122356,-1,1.00E+12
50487.65591,-3.99E+12,454388.9204,-1.000000057,-4.00E+12
225.3798809,87.18138741,231.6723494,0.328680102,87.18138741
135.91622,65.92884564,170.2576002,0.291222367,65.92884562
104.8193991,68.47267398,168.6867937,0.231781847,68.472674
124.3781802,73.26295882,183.717027,0.253819324,73.26295883
119.3424793,66.81558546,168.9222482,0.264093153,66.81558548
103.8462534,77.09481893,185.4036213,0.202438918,77.09481894
179.5092349,121.1295566,296.6614297,0.224562518,121.1295566
211.6494522,100.5000834,260.2998088,0.29502285,100.5000834
185.3448621,113.1642244,282.0830897,0.246343936,113.1642244
180.5324735,83.90060335,217.9400188,0.298798877,83.90060336
218.5348393,127.1857373,319.5627825,0.256283877,127.1857374
203.2287525,112.0114469,283.8799657,0.267191763,112.0114469
233.3108035,131.0406086,331.1283288,0.263456925,131.0406086
201.0680118,98.73430572,254.5391589,0.289010729,98.73430573
199.8476955,101.4229257,260.2440611,0.282964672,101.4229257
200.1278224,119.9400248,299.9069532,0.250237165,119.9400248
163.4959635,99.64781566,248.4651228,0.246716354,99.64781567
180.4861331,89.28255825,229.9333371,0.287672204,89.28255824
65.04604781,46.00821905,111.6909874,0.213815594,46.00821903
65.87227381,46.01696928,111.9761816,0.216683578,46.01696926
67.46173136,47.02730402,114.4805909,0.217171527,47.02730403
61.45845299,43.74208065,106.063287,0.212371307,43.74208066
65.61613645,46.12818032,112.1127628,0.215230712,46.12818031
66.27174931,45.45192267,110.9834193,0.220888059,45.45192265
115.8499225,72.8766036,180.7325732,0.239990369,72.87660357
135.9997368,79.36858344,199.3298682,0.255722728,79.36858343
60.62238261,42.97643751,104.2858586,0.213291103,42.97643752
203.0034401,112.4116933,284.6872428,0.266270592,112.4116932
188.4454782,44.16339224,122.8901483,0.391312375,44.16339223
39.38183662,23.1698374,58.1128442,0.254062409,23.1698374
95.7296114,68.72749877,166.3686245,0.210349769,68.72749878
94.81231969,60.35039077,149.3605984,0.237445164,60.35039078
96.17198643,48.46997327,124.4950559,0.284249273,48.46997328
98.64760992,59.91523392,149.4822151,0.24744748,59.91523393
91.9576634,57.63819827,143.0310825,0.240766426,57.63819826
101.5627517,62.52480851,155.6364141,0.244597287,62.52480853
174.4599496,106.8327324,266.1678027,0.245722153,106.8327324
76.4619421,50.85415019,124.8774862,0.227800344,50.85415021
94.55150913,60.50005271,149.5936552,0.236310123,60.50005273
93.69686529,58.64586085,145.5669503,0.241067555,58.64586084
33.24528347,22.18610716,54.44672089,0.227045387,22.18610716
46.9042931,34.87656849,83.84756203,0.202061523,34.87656849
40.79635639,30.394565,73.04373676,0.201592073,30.394565
43.69284686,32.26172776,77.66890983,0.203731406,32.26172776
36.82292696,25.72505875,62.59789472,0.21667156,25.72505875
31.66612814,21.07718538,51.74987025,0.22762763,21.07718537
51.22875464,36.32997733,88.151704,0.213208904,36.32997733
35.19073556,23.18399589,57.02837356,0.229908205,23.18399589
42.03493795,24.76623252,62.10219688,0.253767541,24.76623252
136.235166,101.1778409,243.3023597,0.202350029,101.1778409
64.10466752,24.11909435,64.29385763,0.332841455,24.11909435
65.23564543,27.58775659,72.53797998,0.314677034,27.58775659
202.498957,117.6663307,295.7207186,0.256607208,117.6663307
126.2354379,105.4641034,247.4743629,0.173263484,105.4641034
122.0563074,101.1741094,237.8134182,0.175268157,101.1741094
106.5776146,87.07940978,205.3193857,0.178920403,87.07940981
102.817969,85.30757889,200.4776263,0.175028227,85.30757889
106.2688612,89.70999151,210.0291958,0.170600912,89.70999153
106.1806881,83.91532057,199.2550798,0.187238983,83.91532059
143.2250756,42.93219849,117.0965656,0.363738286,42.9321985
106.002111,89.42256476,209.3882545,0.170779741,89.42256478
132.4389361,105.0915485,249.3268955,0.186236663,105.0915485
62.53495359,40.66632688,100.2649612,0.232776217,40.66632687
82.76699194,68.99197327,161.9712099,0.173840972,68.99197326
101.8287566,48.77522398,126.1793463,0.293477876,48.77522399
69.36160814,-4.71E+13,624.2544733,-1,-3.25E+12
59.02114492,-9.75E+11,531.1903044,-1,-7.84E+11
103.9757055,59.39189299,149.6767587,0.260077353,59.39189301
88.37589973,65.15252757,156.9007618,0.204103415,65.15252756
76.78623688,59.48726838,141.8347478,0.192143728,59.48726839
86.50006824,67.09861553,159.9403003,0.191830108,67.09861551
76.71500354,59.68917796,142.1899179,0.191086247,59.68917795
95.50414963,56.11691339,140.777727,0.254325287,56.11691337
80.49046593,23.29053609,63.72515364,0.368048236,23.29053609
75.98019222,59.2283991,141.0377504,0.190626056,59.22839908
102.5922643,59.81803083,150.2518575,0.255907754,59.81803085
67.03288873,50.7912523,121.6490102,0.197538993,50.79125228
77.93782729,59.65446173,142.5847461,0.195088699,59.65446174
93.65428894,66.77894845,161.8649582,0.211945995,66.77894844
78.65462294,33.52663481,88.06701185,0.313388778,33.52663481
61.75068213,-6.504863842,-20.22475523,0.55458713,-6.504863843
102.7485116,66.47248619,164.0421269,0.23390997,66.47248617
107.6932007,70.79813566,174.2172606,0.230380285,70.79813565
114.2381721,70.59271992,175.60653,0.243800566,70.59271991
200.3129094,65.92703593,178.2282639,0.351708456,65.92703594
157.3394122,51.30207513,138.8185084,0.352952177,51.30207511
113.0618404,63.44651445,160.3459524,0.263630901,63.44651446
172.8504153,84.3379332,217.6197974,0.290165582,84.3379332
89.74291805,67.72023467,162.3293289,0.19852899,67.72023466
90.47434387,67.72840034,162.6092006,0.200450622,67.72840033
87.02354771,66.76223542,159.4988869,0.194529257,66.76223543
87.79222192,67.15956313,160.5415104,0.195224499,67.15956312
86.32250473,66.65112019,159.0247586,0.192963886,66.65112017
-58597088.56,2.74E+12,-527407583.5,-1.000096098,2.74E+12
-272,3.46E+16,-2448,-1,#DIV/0!
2511997498,-7.87E+12,22629655645,-1.001438309,-7.87E+12
96.57083625,61.37167095,151.9305778,0.237790787,61.37167096
24.09717632,28.68828972,61.61390527,0.07385114,28.68828973
112.6940501,38.57350481,103.8695154,0.346384207,38.57350483
31.64141114,29.61664757,67.720837,0.143290051,29.61664757
57.28542732,13.44051305,37.39681413,0.391197419,13.44051305
71.46851275,23.77934435,64.21595363,0.350246514,23.77934435
72.37043158,21.24176957,58.04617751,0.366321608,21.24176957
51.06012622,29.9578371,75.17195925,0.254629281,29.9578371
71.01122729,27.27979663,72.54918308,0.329723679,27.27979663
54.39129759,22.10205951,58.39633872,0.321061024,22.10205951
129.4234326,28.45454788,79.53489617,0.397577929,28.45454788
112.2319451,76.03435732,186.0812602,0.223665634,76.03435734
117.1617287,78.67967639,192.8661063,0.225641202,78.67967639
43.69779447,24.75152946,62.46136011,0.261767686,24.75152946
49.51402938,15.98840987,43.30416215,0.354236053,15.98840987
50.19385133,30.62154181,76.34040684,0.246514746,30.62154181
116.3440507,84.33826578,203.7755592,0.208084831,84.3382658
116.4998915,68.19099235,171.1749736,0.255114259,68.19099233
40.65778201,19.87400734,51.26847522,0.289837383,19.87400733
119.1826044,65.45059534,165.9702502,0.267904817,65.45059533
72.51964512,33.11463495,86.22031491,0.301846073,33.11463495
107.0764078,57.43270312,146.1651779,0.272490846,57.43270311
113.8502867,79.66535121,193.7943163,0.216302403,79.66535122
-1.02E+16,3.64E+16,-5.82E+17,-8.990554966,3.63E+16
1.1E+11,-8.84E+15,9.9E+11,-1.000055972,-7.96E+15
83.8791344,3.15E+11,754.912209,-0.999999999,3.17E+11
1.37E+11,9.45E+15,1.24E+12,-0.999934595,9.99E+15
167.1584108,52.02952296,141.416222,0.358999794,52.02952297
133.4781176,19.90405761,56.88465458,0.428971311,19.90405761
36.14097049,21.2894132,53.3856787,0.25380813,21.2894132
44.79339427,30.0373707,73.64956988,0.225965658,30.0373707
60.74199921,42.33886767,103.0692275,0.217193955,42.33886765
215.7021779,43.43706606,122.1142703,0.40564593,43.43706608
215.3956599,79.59443073,212.596592,0.335499168,79.59443074
65.38646857,7.734974664,22.32461773,0.443095724,7.734974663
204.3431527,91.68979415,239.2805843,0.304837613,91.68979414
179.772852,59.07449403,159.7276446,0.351917162,59.07449401
94.41199277,18.81549579,52.93030308,0.406561477,18.81549579
41.63159042,12.79059617,34.80715372,0.36065408,12.79059617
168.6675475,53.41139664,144.9354465,0.356783904,53.41139666
166.1286999,-11.15260676,-34.22365824,0.534334483,-11.15260675
169.9315193,80.03974169,207.5353608,0.296451965,80.03974168
184.6231123,86.91014813,225.3670751,0.296552129,86.91014812
42.17232813,25.94353308,64.58650983,0.244751623,25.94353308
152.1262242,47.51864699,129.1125961,0.358546637,47.51864698
46.26091627,23.92294719,61.21652381,0.27945197,23.92294719
77.06670914,49.1986627,121.6988534,0.236810583,49.19866269
45.02251692,20.43101405,53.23972663,0.302914444,20.43101405
33.36634717,32.61037907,73.79131807,0.131408468,32.61037907
68.56928968,44.48182762,109.7198897,0.233311394,44.48182764
37.9366645,28.99082639,69.31568949,0.195476261,28.9908264
67.73193373,19.02903997,52.19876863,0.371555494,19.02903997
93.33864863,64.09046554,156.4604878,0.220622182,64.09046553
89.26889609,49.73374298,125.833069,0.265067352,49.73374296
98.26617806,31.0885436,84.36839974,0.356904988,31.0885436
46.02881731,26.54671029,66.79834703,0.258128527,26.54671029
55.60310053,30.73422411,77.85759276,0.266626945,30.73422411
40.23337149,18.12379066,47.27306017,0.304171436,18.12379065
49.46424113,20.14490617,53.21109885,0.320708531,20.14490617
214.2699315,72.72706024,196.0052777,0.347540222,72.72706023
163.2861235,64.43341638,170.8301427,0.325633129,64.43341637
152.0938804,60.47169435,160.1854621,0.324466462,60.47169436
153.9631653,33.08410033,92.61826413,0.399739803,33.08410033
189.0986367,73.06333079,194.180982,0.328853885,73.0633308
80.46568993,54.32186236,133.0297486,0.224458651,54.32186236
180.4235753,73.15543429,193.335982,0.32140547,73.15543428
158.3811203,73.42878454,190.8000603,0.29921843,73.42878455
22.44416811,13.82043918,34.40040769,0.244548283,13.82043918
1.35E+16,-5.91E+16,3.91E+17,-4.306109544,-5.88E+16
350.2222222,-6.27E+16,3152,-1,-1.66E+13
58.68835068,47.19336019,111.6522509,0.182923301,47.1933602
89.18779121,-9.81752633,-30.57442624,0.557134924,-9.81752633
81.5625511,42.31407002,108.2264982,0.278847652,42.31407003
59.89128173,33.41710065,84.52980878,0.264768743,33.41710065
95.63482996,49.46838114,126.5800712,0.279403816,49.46838113
67.60424711,34.87298439,89.26937713,0.279921674,34.87298439
82.35064618,37.80943848,98.37305957,0.300906117,37.80943847
-1236032.444,-741636.6929,-1854084.554,0.249995161,-741636.6927
38.55176803,26.53966641,64.75868686,0.220035811,26.53966641
78.79830809,64.81758856,152.6086894,0.177216654,64.81758855
67.54120557,48.89177153,118.1632779,0.208416818,48.89177151
295.5629649,116.700017,309.381361,0.3255412,116.7000169
41.38492844,27.64689839,67.83511191,0.226812335,27.64689839
227.9863626,135.2397638,338.7399725,0.252368249,135.2397638
198.722241,89.70382985,233.9148607,0.30381758,89.70382984
167.7499502,63.56802804,169.316822,0.33177658,63.56802806
107.9054004,51.21312727,132.6531516,0.295108878,51.21312729
128.4728009,53.31122284,140.4996961,0.317730945,53.31122284
182.71801,91.94279786,236.2087093,0.284541665,91.94279786
157.3384586,67.25516991,176.6023078,0.312927378,67.25516991
186.1806423,101.7063145,258.1176472,0.268936194,101.7063145
192.9989862,56.91737003,155.4689806,0.365742835,56.91737003
187.2356009,89.77807066,232.2185292,0.293292045,89.77807067
222.8509775,123.2743396,312.2477243,0.266474942,123.2743396
152.1613928,-0.735598273,-2.210356682,0.502421066,-0.735598273
199.273757,96.19329873,248.5815253,0.292093777,96.19329873
190.3035221,99.36724217,253.9087873,0.277628229,99.36724217
195.8742309,96.38743492,248.4149361,0.288627176,96.38743492
204.5976432,106.0562674,271.2926013,0.279003155,106.0562674
38.32074551,31.10883365,73.45070632,0.180544201,31.10883365
166.3681399,59.24025337,158.8646245,0.340850313,59.24025336
167.9690053,66.37437769,175.9474269,0.325416772,66.37437771
127.5312926,38.85954845,105.8296676,0.36169451,38.85954847
128.2416496,23.33515695,66.00216686,0.414221619,23.33515695
186.5632895,52.81101287,144.772635,0.370667093,52.81101286
172.8361945,79.30737912,206.3589434,0.301007206,79.3073791
193.7627784,88.08793994,229.487482,0.302604432,88.08793995
199.8357186,96.6522397,249.7001823,0.291745453,96.6522397
35.29991903,32.39015268,74.41127065,0.148671193,32.39015269
190.3071811,105.2952443,266.6984514,0.26643161,105.2952443
85.1182942,32.71013271,86.98757211,0.329673176,32.71013271
86.8147487,51.05324873,128.0574492,0.254155734,51.05324872
160.2804677,52.97166309,143.1454403,0.351151087,52.97166308
41.03760866,27.61739998,67.67168568,0.22516395,27.61739998
200.600572,91.75495292,238.8483476,0.301555611,91.75495291
81.20961864,43.29401605,110.2840446,0.273663829,43.29401607
85.08926552,48.23859049,121.7149875,0.261593532,48.23859048
33.10350633,21.19281664,52.39696332,0.236196307,21.19281664
141.6698267,47.90585751,129.1591241,0.348051479,47.90585751
148.8726185,60.72942833,160.3803622,0.320450123,60.72942833
185.7967472,20.67314365,59.80144475,0.446355856,20.67314365
100.2997446,11.69287661,33.76647229,0.443890731,11.6928766
66.06680182,12.16174729,34.37590667,0.413279928,12.16174729
80.39447456,-2.234275051,-6.765499387,0.514025631,-2.234275051
48.40336976,30.26185218,75.12870133,0.241310362,30.26185217
145.1221829,52.81054926,141.2926579,0.33773138,52.81054926
173.1794039,33.61284648,94.71097211,0.408850812,33.61284648
188.3511408,89.77702246,232.4058733,0.29435053,89.77702247
197.2024904,79.22795379,209.6125859,0.322844879,79.22795377
183.3930057,3.140808047,9.368939657,0.491485553,3.140808047
116.9818397,57.55844537,148.3452812,0.288649131,57.55844539
120.3031422,42.69610589,114.5382745,0.341319918,42.69610588
155.2842235,81.19794625,207.4375512,0.27735713,81.19794627
65.86172441,42.23765066,104.3962379,0.235819657,42.23765068
193.2864056,50.32205679,138.9110229,0.380220044,50.3220568
68.64987721,22.85251764,61.71009675,0.35018158,22.85251764
187.2563377,96.60931023,247.2990754,0.279892563,96.60931025
147.2937984,56.06582143,149.259455,0.331109143,56.06582142
191.6200427,-49.48988453,-162.4554971,0.641300022,-49.48988453
212.6743583,88.71798125,233.6628104,0.316885298,88.71798126
229.7784967,86.90837154,231.5342942,0.33205979,86.90837152
43.60797821,26.68082664,66.48352771,0.245904571,26.68082664
236.903836,112.1216482,290.5308752,0.295605621,112.1216482
115.5575798,18.84596351,53.62282486,0.422660742,18.84596351
149.693688,60.47014591,159.8818545,0.321989984,60.47014592
228.8281342,92.07640364,243.5609952,0.322602674,92.07640361
143.6340935,49.84887068,134.0401911,0.344465675,49.84887069
160.2065435,79.12331188,203.8161487,0.287965227,79.1233119
94.23365479,31.56167939,85.1757348,0.349353654,31.56167939
203.8056174,76.97138147,205.0947306,0.332279132,76.97138149
66.91557607,32.27078702,83.40473768,0.292263768,32.27078702
212.9252976,-19.27611392,-59.62770593,0.546673416,-19.27611392
173.6418049,81.66925779,211.8020317,0.296705991,81.66925777
155.6291566,29.71477048,83.81025828,0.410245762,29.71477048
227.6362492,-32.77328214,-103.2761428,0.575614892,-32.77328213
138.3058714,45.07469666,121.9734667,0.353014837,45.07469667
193.3962469,38.21172298,107.5517213,0.407313161,38.21172299
238.1423661,108.7492608,283.1474129,0.301836035,108.7492608
54.04582271,36.26848267,88.91588075,0.225800946,36.26848268
167.5936367,63.34237134,168.7653705,0.33216808,63.34237135
151.6405378,8.220158471,24.22278435,0.473376969,8.220158472
117.7282245,45.11751214,120.0205349,0.330088132,45.11751213
117.4773211,30.34889193,83.82801351,0.381072062,30.34889193
78.56859374,53.87300159,131.5515364,0.220941218,53.8730016
222.5603652,126.9098177,319.9204195,0.260424234,126.9098177
268.8797817,122.4908201,319.0271459,0.302249204,122.4908201
28.54814539,22.43461405,53.3331816,0.18863604,22.43461405
149.3316796,87.91964841,220.4878906,0.25391704,87.91964843
192.6273791,95.50193345,245.8724396,0.287264198,95.50193346
151.3493067,15.64521581,45.37224726,0.450035838,15.64521581
163.0214097,75.92111973,197.1571686,0.298434278,75.92111973
146.2264094,-20.14424885,-63.34139779,0.572195575,-20.14424885
68.8358266,44.90062145,110.6445751,0.232105164,44.90062147
82.05388585,-1.971073487,-5.960951179,0.512107798,-1.971073487
107.132803,40.17738324,107.1389235,0.333323812,40.17738323
90.14441611,38.76785307,101.7213366,0.311928938,38.76785307
118.5551732,49.02432962,129.2564938,0.318289254,49.0243296
68.94044309,44.54619058,109.9557614,0.23417693,44.54619056
47.14477852,27.1241164,68.27806028,0.258622756,27.1241164
75.21585135,-5.161161864,-15.84592417,0.535112112,-5.161161863
54.93551708,27.33902075,70.34744039,0.286575716,27.33902075
56.06804145,39.49022639,95.9451077,0.214795615,39.49022639
54.25414758,37.61644293,91.66451022,0.21841013,37.61644292
216.9008265,94.42323622,247.3734269,0.309918177,94.42323621
177.6340813,84.35993321,218.4919117,0.294998131,84.3599332
233.2211875,106.4802455,277.2471135,0.301871122,106.4802456
132.5529721,44.34028504,119.6765264,0.349523648,44.34028504
56.62812976,30.10825425,76.72665798,0.274179787,30.10825425
58.62802206,32.58822353,82.48217456,0.265521186,32.58822353
85.92505029,-4.822814466,-14.74430018,0.52859915,-4.822814465
189.3560964,101.5178977,258.3794272,0.272580663,101.5178977
21.97507317,14.47268402,35.60222949,0.229980198,14.47268402
82.41417907,26.00538844,70.59125741,0.357242896,26.00538844
54.53779754,27.44136125,70.49980367,0.284553689,27.44136125
192.5949836,113.4609172,284.5124151,0.25379039,113.4609172
72.40956638,33.54169368,87.16601353,0.299368099,33.54169368
168.0264469,101.6715547,253.8198324,0.248234244,101.6715547
74.31975678,27.09334446,72.47329507,0.337474138,27.09334446
111.2236241,69.32779805,172.2040435,0.241955235,69.32779806
105.6651654,67.9977136,167.9637595,0.235069171,67.99771361
59.43674045,-2.86E+16,534.9306641,-1,-1.91E+12
-1.09E+12,-1.73E+16,-9.8E+12,-0.999716743,-1.69E+16
101.8975862,21.24524033,59.5940161,0.402526288,21.24524033
65.97462222,11.99780925,33.93626869,0.414269387,11.99780926
75.05525526,52.20926456,127.1463299,0.21766061,52.20926457
99.8184943,63.81030776,157.8046737,0.236513968,63.81030774
80.76238742,50.49542597,125.3598468,0.241299032,50.49542599
76.46688806,51.72449107,126.6229548,0.224013539,51.72449109
49.65108579,33.1854919,81.4173887,0.22670155,33.1854919
69.4944696,51.67855787,124.2393965,0.202040088,51.67855789
43.81847236,28.35773334,69.97755168,0.23383542,28.35773335
109.9578154,1.65E+13,989.6203384,-1,1.63E+12
-238907.8119,-1.67E+13,-2150170.214,-0.999999936,-1.66E+13
103.6878291,45.05213596,118.0577903,0.310235217,45.05213597
115.2459195,59.45758568,152.1986816,0.279892884,59.45758566
103.8959838,47.92645984,124.6176428,0.3000923,47.92645983
83.37087405,35.37235169,92.96886818,0.314145989,35.37235169
121.949075,55.60349425,144.8025817,0.302099658,55.60349424
198.4154358,50.19516792,138.8746594,0.383346895,50.19516791
188.3255643,88.72850923,230.0557172,0.296402471,88.72850922
90.5202547,52.96760828,132.9676423,0.25517884,52.96760829
199.112004,92.78822449,240.9381313,0.298322781,92.78822447
128.7671352,50.79161175,134.6683903,0.325695185,50.79161177
100.7544111,59.39640253,148.9246814,0.253650684,59.39640255
104.2435159,60.83670333,152.7877149,0.255719874,60.83670332
101.0558781,52.6226587,134.518737,0.278144627,52.62265871
102.1027335,64.38010497,159.5962469,0.239484208,64.38010499
93.58547655,54.84879895,137.6541691,0.254851262,54.84879895
98.45754325,51.4117259,131.3693922,0.277620912,51.41172589
95.93862792,41.48208156,108.7695937,0.311043101,41.48208156
23.2803341,14.53187124,36.08697002,0.241649111,14.53187124
93.4855563,3.18E+12,841.3700066,-1,2.36E+12
151.5573027,51.23808322,138.1462165,0.348081425,51.23808322
103.7313656,68.72405052,168.8773146,0.228662407,68.72405052
100.7693282,73.57755482,177.5254431,0.206383139,73.57755484
125.9699144,79.56475601,197.1801482,0.239117406,79.56475603
123.1951962,88.21641942,213.6525183,0.210956643,88.21641943
97.95115019,75.01809244,179.28457,0.194942207,75.01809247
97.67072415,75.62534621,180.3328136,0.192277607,75.62534619
164.9506747,73.83651832,192.7495341,0.305245281,73.8365183
175.0780478,-1.85E+13,1575.70243,-1,4.14E+12
72.03338394,43.5602253,108.7578868,0.248362308,43.5602253
76.09773851,44.08169362,110.8422756,0.257237035,44.08169362
97.89779185,-9.548562197,-29.60831236,0.550406844,-9.548562196
69.3796458,43.86454158,108.6880123,0.238905143,43.86454158
73.64578582,44.74114189,111.6197549,0.247395017,44.7411419
68.97821808,43.85552563,108.5596099,0.237695916,43.85552562
39.26893435,20.38653039,52.1372177,0.278717288,20.38653039
73.06508148,45.64781629,113.340152,0.241463022,45.64781631
49.12174429,-13.33201906,-43.974386,0.649202038,-13.33201906
69.46135433,42.75005479,106.4183973,0.244658023,42.75005477
43.0850378,3.971165366,11.5583825,0.45528849,3.971165366
116.7142945,65.7733858,166.1157641,0.262788604,65.77338579
110.887566,67.92449515,169.2211798,0.245656515,67.92449513
145.5502987,40.17842014,110.3787617,0.37360754,40.17842014
107.8097084,72.51079945,177.694415,0.225296207,72.51079943
130.3088666,67.30331061,172.2540614,0.279684906,67.30331062
93.75689407,40.55673409,106.3373071,0.310969799,40.55673409
48.22291582,25.20141855,64.3878394,0.277464585,25.20141855
51.33578873,5.804337789,16.78057526,0.445520219,5.804337789
47.99289943,30.54846519,75.60418961,0.237446614,30.54846519
39.26084127,24.07050517,59.95821595,0.245470661,24.07050517
135.1447827,67.63980283,173.906137,0.285531076,67.63980283
131.9981001,90.9129649,221.81441,0.219927269,90.91296488
133.6711509,89.03691389,218.5795748,0.227466032,89.03691388
97.09079182,62.8257761,155.0367854,0.233862875,62.8257761
97.21116134,69.13287662,167.6552794,0.212558248,69.1328766
97.19308428,64.69867242,158.8489426,0.227605889,64.69867243
113.524398,72.90117972,180.1431179,0.235529512,72.9011797
98.70541167,65.3146192,160.5345994,0.228933134,65.31461921
95.46628964,61.99628675,152.8924795,0.233077718,61.99628673
118.5888767,83.75821864,203.3904063,0.214151934,83.75821864
98.50229429,63.63056131,157.0702454,0.234235894,63.63056132
115.1143288,78.65374078,192.189109,0.221741694,78.6537408
94.68835889,62.34134889,153.3660932,0.230051129,62.34134888
70.01215776,36.3039147,92.86109686,0.278940544,36.3039147
113.5637332,79.05322866,192.4938426,0.217495135,79.05322865
51.11678776,26.01101448,66.71667953,0.28246977,26.01101448
87.49547199,50.32865237,126.6939056,0.258665786,50.32865236
91.93841137,33.87059724,90.49842545,0.335943751,33.87059724
84.75449893,44.63608871,113.9111115,0.275997906,44.63608873
104.0960975,52.8988578,135.7087233,0.282718843,52.8988578
86.19917214,53.21963941,132.4090062,0.243986315,53.2196394
109.0960132,52.41421449,135.5368212,0.292939544,52.41421449
90.40494803,55.97871872,139.2043841,0.243368796,55.97871869
93.09254583,51.43742321,130.3114712,0.266699059,51.43742322
97.47168396,52.3301118,133.1602062,0.27230959,52.33011182
92.19995434,54.70244941,137.0110269,0.252329908,54.70244941
101.9520213,35.1524763,94.58647015,0.345374211,35.1524763
100.2533067,72.55345908,175.3580807,0.208474985,72.55345909
85.96160279,53.55472087,133.0365702,0.242062026,53.55472088
90.97902392,54.01496734,135.2738499,0.252188574,54.01496736
66.23799749,52.65742259,124.88015,0.185779173,52.65742257
105.6441603,75.40893936,182.7454941,0.211696489,75.40893936
86.14548986,53.87454395,133.7430926,0.241245706,53.87454393
61.62479914,47.36124967,113.1077326,0.194095737,47.36124965
60.7001999,47.06358933,112.1943338,0.191944085,47.06358932
273172360.1,40749313.8,116457270.3,0.428947625,40749313.79
92.10637097,58.59893657,145.0385209,0.2375525,58.59893658
50.8420896,29.40332401,73.95354266,0.257571128,29.40332401
39.00548627,14.24431332,38.09559572,0.337221208,14.24431332
33.71689795,15.97164768,41.38091564,0.295449176,15.97164768
143.5485087,52.40875476,140.1680722,0.337258181,52.40875478
13.55952242,6.976810695,17.866189,0.280398006,6.976810696
24.67169076,20.7466673,48.61348323,0.171597408,20.74666729
38.85572157,20.94681904,53.26828382,0.271512484,20.94681904
15.55629156,12.71582988,29.97910702,0.178810479,12.71582988
49.21171061,2.93E+14,442.9053955,-1,-6.54E+12
35.08755279,15.32140838,40.1240119,0.309410039,15.32140838
36.73719585,21.22169176,53.38548239,0.257804585,21.22169176
48.54311988,27.46157055,69.31404661,0.262018982,27.46157055
121.5000049,58.33364684,150.8580115,0.293061721,58.33364682
36.70483147,16.12357685,42.19264827,0.308414648,16.12357685
96.57805566,54.7545853,138.1549388,0.261583281,54.75458531
116.1010213,43.64816119,116.3623479,0.332958191,43.64816117
111.2812289,25.96978418,72.28619156,0.391736471,25.96978418
44.61411264,24.25304943,61.59733486,0.269888453,24.25304944
110.789881,31.54194449,86.42416337,0.369987881,31.54194449
41.85502573,19.51821745,50.67722966,0.298203327,19.51821745
56.04734666,28.98352616,74.16616692,0.279453827,28.98352616
78.87161492,15.23791387,42.94791104,0.409245104,15.23791387
77.9889239,24.85976152,67.41609613,0.355928054,24.85976152
143.0356055,44.83905938,121.7907804,0.358088038,44.83905939
39.20440609,9.356747082,26.00167214,0.389461097,9.356747082
50.02753592,30.46901662,75.98163938,0.246867274,30.46901663
149.8281266,35.25148487,98.06366498,0.390915381,35.25148487
24.38628845,15.64534719,38.66694437,0.235733023,15.64534719
39.52891096,13.97563749,37.50668878,0.341859676,13.97563749
24.55496034,20.37269475,47.87720619,0.17503371,20.37269475
32.74264626,15.14567545,39.36705619,0.299613752,15.14567545
110.5501543,17.00546406,48.52810113,0.426838484,17.00546406
129.8057476,39.92666318,108.6410978,0.360508106,39.92666319
28.47059233,27.39794529,62.23152967,0.135697021,27.39794529
42.95269049,16.1270417,42.99957656,0.333151404,16.12704169
36.20538092,14.83666284,39.16074036,0.319728728,14.83666284
66.15747556,28.22436175,74.13105771,0.313245953,28.22436175
49.81983678,23.42799962,60.75980883,0.296734886,23.42799962
154.6684271,58.83241357,156.6368543,0.331212208,58.83241358
189.2258792,61.43141675,166.2982338,0.353527581,61.43141675
203.407397,64.10808971,174.0401406,0.35739609,64.10808969
144.793164,55.52188091,147.6882966,0.330000841,55.5218809
199.2051881,70.3174312,188.7440429,0.342085737,70.31743119
168.5701443,63.43755858,169.1003168,0.332809147,63.4375586
128.4407243,59.59886283,154.8461063,0.299069302,59.59886284
63.6840405,41.9117544,103.1146511,0.23014,41.9117544
153.5987533,54.85054937,147.0479069,0.340441514,54.85054936
38.69118754,67714896888,348.2206873,-0.999999997,72177166236
76.73292197,1.57E+13,690.5962977,-1,5.30E+12
109.7487784,56.25479583,144.1372064,0.281110386,56.25479583
-17735951.32,-2660313.011,-7600905.158,0.428573466,-2660313.011
161.4560809,60.18910556,160.6094825,0.334207254,60.18910558
163.7952533,60.95399636,162.6820747,0.334466027,60.95399638
165.8695831,62.71156895,167.0784962,0.332118611,62.71156894
114.1326638,61.1835252,155.7240503,0.272597892,61.18352518
37.37661882,33.63432609,77.62014146,0.153882811,33.63432609
71.9688868,25.86137961,69.28513924,0.339548398,25.86137961
59.66298278,24.25356304,64.07792906,0.32100032,24.25356304
103.6720395,50.68327528,130.7437819,0.289811887,50.68327528
43.02286367,21.13864412,54.49141667,0.288905201,21.13864412
53.67332082,22.4381076,59.08134608,0.316540306,22.4381076
100.1532288,31.54930317,85.65394945,0.357461827,31.54930317
70.8821136,30.98838447,81.14073095,0.309212022,30.98838447
82.52257089,35.55763037,93.27587342,0.311615432,35.55763038
34.60927094,21.10223765,52.61342261,0.246631364,21.10223765
83.9464465,40.27163397,104.1588569,0.29320376,40.27163395
1162650.329,697563.2685,1743919.391,0.250008042,697563.2684
96.7106448,74.37314364,177.5944314,0.193941944,74.37314361
56.89438772,24.35657236,63.944767,0.312679922,24.35657236
29.85625232,26.77897268,61.84631112,0.154755111,26.77897267
106.5367369,53.99899538,138.5830168,0.283199954,53.99899539
84.23033781,40.16677881,103.973167,0.294268174,40.16677882
35.52457596,1.466533223,4.339879718,0.479639073,1.466533223
70.52284357,27.23143156,72.37832757,0.328948267,27.23143156
141.9418011,43.48027049,118.3557205,0.361027877,43.48027049
140.6269662,55.15392778,146.3313829,0.326572638,55.15392778
64.01090605,23.20752727,62.11577023,0.338267742,23.20752727
94.72731215,53.1323736,134.2895368,0.263726121,53.1323736
128.1981273,63.46853234,163.4344655,0.287523592,63.46853234
153.6348521,55.82024259,149.3704436,0.337959463,55.82024259
89.5982079,24.80313481,68.12329891,0.37328002,24.80313481
103.8155801,43.37848606,114.2259942,0.316620341,43.37848606
90.14085823,44.09468414,113.7380956,0.289703031,44.09468415
118.5642771,56.99550471,147.3719318,0.292838204,56.99550469
235.9708285,107.6415434,280.3031675,0.302021314,107.6415434
77.66504638,31.67663042,83.65645785,0.320475959,31.67663042
77.05395674,31.23507033,82.5507789,0.321443781,31.23507033
83.80923952,38.4803492,100.1182183,0.300900595,38.48034918
90.93630819,25.97797364,71.15797004,0.369582767,25.97797364
101.826635,33.89995667,91.54127909,0.350168084,33.89995668
86.98143247,42.99434384,110.7374383,0.287814029,42.99434383
70.02663647,15.52428436,43.36808013,0.396781943,15.52428436
118.9851697,45.82654969,121.8378949,0.329337422,45.82654971
88.49096726,44.20385219,113.6823293,0.285887131,44.20385217
89.58356815,44.62031391,114.8007323,0.286417802,44.62031391
89.85851174,25.35740795,69.53177303,0.371034712,25.35740796
60.47426381,24.22395294,64.11154975,0.323308998,24.22395293
81.43075958,20.18896239,55.94356265,0.385498709,20.18896239
85.39411832,23.26498817,63.98428474,0.375119649,23.26498817
72.2724129,27.41870533,73.02178229,0.33160522,27.41870533
102.4920536,31.17299184,84.91046067,0.361923506,31.17299184
63.88929593,18.03194947,49.4441824,0.371015998,18.03194947
78.37097318,18.3355349,51.02719388,0.391483645,18.3355349
67.82485658,22.65352262,61.15227507,0.349729931,22.65352262
160.7279897,33.22626141,93.25292547,0.403301508,33.22626141
128.3303066,36.85191084,100.8976568,0.368960992,36.85191084
122.3469865,35.6616331,97.51077052,0.367166364,35.6616331
120.2112637,57.51041145,148.8017596,0.293694097,57.51041143
113.2569765,31.66734602,86.90254318,0.372115982,31.66734602
99.6961433,22.32479092,62.3224519,0.395812667,22.32479092
115.986062,55.73180914,144.1131025,0.292916063,55.73180916
145.4054882,60.69166155,159.8366014,0.316792104,60.69166155
60.92766087,36.07585138,90.38773892,0.252745749,36.07585138
115.6426569,33.40975013,91.42487988,0.368236511,33.40975013
26.35969371,18.0654104,44.11766532,0.221053503,18.06541041
128.4993151,9.652435716,28.24995987,0.46335913,9.652435715
125.1171184,37.47532008,102.2202272,0.363833944,37.47532009
61.63487034,36.39231867,91.22278655,0.253324738,36.39231867
118.042584,-14.00660528,-43.75024332,0.561771837,-14.00660528
66.84298225,0.759894489,2.271077331,0.494337283,0.759894489
71.51626604,25.55375018,68.50230988,0.340357274,25.55375018
38.08404875,31.04733371,73.23958447,0.179482675,31.04733371
60.36022666,34.61672663,87.18352941,0.259268826,34.61672664
52.40245569,27.13860892,69.43014457,0.279176556,27.13860892
59.55304403,34.76843428,87.31343939,0.255642383,34.76843429
54.50977443,37.24378257,91.004976,0.221747225,37.24378257
135.6412024,36.90890129,101.5187236,0.37526071,36.90890129
46.38615963,27.87507662,69.66959273,0.249675358,27.87507662
206.086094,109.8211716,279.7682941,0.273744807,109.8211716
141.6933936,42.91481564,116.9386707,0.362451043,42.91481564
67.85932703,29.50950878,77.32057466,0.310095929,29.50950878
210.7937851,96.73043748,251.691959,0.300996695,96.73043748
155.8818397,71.57069669,186.213144,0.30090353,71.57069671
52.77469981,35.70348009,87.40079136,0.223981404,35.70348009
109.2102849,37.34036543,100.5601689,0.346534343,37.34036545
165.0849414,83.22071568,213.7452221,0.284206825,83.22071569
172.1806477,18.248886,52.87851542,0.448814887,18.248886
25.72659367,10.44212344,27.59312772,0.321241215,10.44212344
134.8464808,47.44925311,127.4042554,0.342531726,47.44925312
55.39972326,40.09650669,96.90953641,0.208453609,40.09650669
65.28363301,30.18545612,78.46324607,0.299686275,30.18545612
69.50875203,33.62767178,86.87349273,0.291696513,33.62767178
59.59613071,36.77714238,91.50803491,0.244088434,36.77714237
35.35962725,19.31015064,49.00905161,0.268997133,19.31015064
138.0754188,51.10994778,136.4889437,0.335248319,51.10994776
35.03001944,19.48003737,49.30135724,0.26543282,19.48003737
65.73627361,31.48026803,81.44052568,0.293517031,31.48026803
50.85814828,24.90019469,64.21988051,0.289545751,24.90019469
127.6823429,43.0981779,116.2183364,0.348297562,43.09817791
125.7164701,32.70975327,90.29782852,0.38028905,32.70975327
174.5226855,19.84617698,57.36410829,0.445218098,19.84617698
40.66301998,30.03276222,72.29886562,0.203666601,30.03276222
37.74728493,26.27665031,63.98326766,0.217492848,26.27665031
38.3330297,28.04183514,67.63348702,0.205939032,28.04183514
59.8633244,31.36851957,80.11251192,0.276957169,31.36851957
175.7840497,84.02662114,217.4345335,0.293843133,84.02662113
27.50460236,21.37046739,50.92277823,0.191428744,21.37046739
76.04755026,24.44658401,66.2416411,0.354824074,24.44658401
148.6223444,36.74250049,101.8355536,0.385800535,36.74250047
30.38684053,24.54439804,58.01343973,0.181806122,24.54439804
149.1454007,71.66290593,185.3089976,0.292921318,71.66290591
100.630685,25.46894585,70.46232492,0.383298809,25.46894585
121.8742323,40.51826687,109.4280016,0.350353927,40.51826688
52.0245622,12.91859304,35.79309858,0.385332693,12.91859304
68.28443044,25.98279471,69.17455289,0.331160748,25.98279471
65.86297529,29.644671,77.33176935,0.304311479,29.644671
24.70375403,17.72866609,42.91903897,0.210441856,17.72866609
144.3824895,64.20798457,167.7564354,0.306351823,64.20798458
53.46882336,36.67200428,89.54443314,0.220882727,36.67200428
136.9678855,70.89061386,181.3795695,0.279291853,70.89061387
51.21235047,18.28600529,49.02323148,0.340457653,18.28600529
55.43410403,28.97143792,74.01942828,0.277455204,28.97143792
55.36506924,23.08493001,60.80389238,0.316960726,23.08493001
62.47801457,27.5936476,72.15799397,0.307510971,27.5936476
73.69507026,29.65821721,78.45062886,0.322578298,29.65821721
61.44631446,24.26878985,64.33629774,0.325494558,24.26878985
45.25266928,31.23781625,76.18364819,0.219413796,31.23781625
77.41586342,42.08889366,106.8947592,0.269868959,42.08889366
42.96941092,16.01985902,42.74723464,0.334195095,16.01985902
81.53259481,45.4917199,115.0731798,0.264770601,45.4917199
53.28990682,13.98710045,38.5854376,0.379322246,13.98710044
91.45774143,27.35400346,74.62242818,0.364012918,27.35400346
0,20.18935929,0,-1,#DIV/0!
125.0290804,7.636992976,22.45380645,0.470068555,7.636992975
51.38767454,27.27568103,69.52598344,0.274504995,27.27568103
90.32592036,44.4245758,114.5020567,0.288724255,44.4245758
81.01762871,37.04139208,96.42843091,0.301630763,37.04139208
67.71926744,27.94967154,73.70848399,0.318593027,27.94967154
103.9865869,49.0233839,127.0972621,0.296292218,49.02338392
95.13219663,49.56206548,126.6858842,0.278052912,49.56206548
38.57717427,19.2585117,49.53292057,0.28600074,19.2585117
43.83008852,21.8712177,56.25634604,0.286081708,21.8712177
57.34975636,26.1630734,68.12902163,0.302007233,26.1630734
55.67520182,28.40401196,72.82720026,0.281987917,28.40401196
55.10410727,28.38334858,72.6725163,0.280196311,28.38334858
55.32452689,28.49383797,72.95655511,0.280216361,28.49383797
54.56230473,27.80017851,71.29240991,0.282229355,27.80017852
55.81443912,28.74968329,73.61030711,0.280193357,28.74968329
56.06519702,28.31853743,72.71314044,0.2838435,28.31853743
56.39435582,29.29373615,74.91057971,0.278610883,29.29373615
56.10619107,29.84027255,76.04008916,0.274118543,29.84027255
55.99017608,30.1879574,76.76714627,0.271486263,30.1879574
57.03540221,29.61177565,75.72951678,0.278706108,29.61177565
55.93631186,29.45687909,75.1746196,0.276011273,29.45687909
57.57154257,30.64634041,78.08388192,0.273951162,30.64634041
37.83176584,19.85687123,50.70022172,0.276641752,19.85687122
35.98040724,20.37731387,51.42403187,0.261796138,20.37731387
45.54693688,33.00673814,79.75477669,0.208159018,33.00673814
60.19047051,31.6452568,80.77916877,0.276323483,31.6452568
57.06127212,28.04311349,72.2873237,0.288860521,28.04311349
49.64247018,24.52573273,63.17361217,0.287904685,24.52573273
67.21481559,29.2257851,76.57830834,0.310115504,29.2257851
85.92066611,44.454881,113.7472432,0.279356065,44.45488098
59.55087801,26.97929758,70.31868844,0.303197169,26.97929758
132.2012311,43.8458197,118.4431826,0.350678165,43.84581971
21.88068364,8.119611598,21.67743811,0.334881469,8.119611599
31.84119797,17.24041835,43.81362516,0.270665951,17.24041835
40.46809545,23.12439422,58.27356687,0.26000202,23.12439422
76.05311555,50.60565564,124.2568461,0.227697226,50.60565565
55.35790592,29.78300508,75.76213328,0.271902098,29.78300508
49.71846347,29.94442232,74.8136796,0.249208931,29.94442232
52.61990586,30.54324849,76.77504258,0.256825098,30.54324849
55.26086895,31.33007976,79.05095889,0.261582471,31.33007976
61.68494707,41.91601736,102.5254341,0.22298635,41.91601734
53.47092172,31.02289596,77.9865438,0.256919146,31.02289596
55.31394912,30.41792529,77.1177311,0.267636276,30.41792529
54.55669791,25.76481691,66.78172442,0.295986784,25.76481691
22.54439932,19.71113482,45.78867481,0.161492609,19.71113482
35.5868675,22.69701781,56.15306285,0.237014116,22.69701781
60.74752367,29.62481588,76.44738565,0.290259254,29.62481587
22.957442,12.80957716,32.4022338,0.26476594,12.80957717
33.56424166,17.43384393,44.58255077,0.278620795,17.43384393
47.99984309,26.17054468,66.43728877,0.269314215,26.17054468
47.83357041,28.97233414,72.31652714,0.248027287,28.97233414
52.72026911,28.13696718,71.66213537,0.273451664,28.13696718
73.69643696,47.13669559,116.559386,0.236397509,47.13669557
37.55586731,9.841956326,27.15387191,0.379495652,9.841956326
84.73467708,53.39521635,132.3795102,0.239619569,53.39521635
64.44023963,36.59576542,92.31247209,0.26124527,36.59576543
26.89056783,2.425773353,7.06488125,0.456212148,2.425773353
27.94137852,-0.197447279,-0.59374039,0.503541584,-0.197447279
105.1770297,51.18093982,132.1132912,0.290649328,51.18093984
133.9937925,46.08675442,124.0392858,0.345715134,46.08675441
108.9867739,63.66132156,159.8584708,0.255538424,63.66132159
104.5469011,58.13354198,147.1299738,0.265448215,58.13354197
12.0602482,6.05560273,15.5621565,0.284938692,6.055602728
86.32853624,9.638356426,27.87758275,0.446179282,9.638356424
20.91292454,10.37092832,26.69930147,0.287218494,10.37092832
53.01192579,20.41203104,54.27054116,0.329376314,20.41203104
46.82624656,19.21756958,50.71488441,0.31949267,19.21756959
33.763773,5.853713676,16.60171352,0.418049673,5.853713675
52.78003036,22.17213457,58.34626094,0.315756513,22.17213457
41.60555257,16.83472212,44.50194027,0.321730765,16.83472212
55.06513504,22.81254341,60.13353232,0.317992721,22.81254341
57.28392827,24.15178002,63.52731145,0.315168311,24.15178002
25.12639737,18.73534429,45.01711968,0.201395581,18.73534429
52.63594593,20.63866077,54.75895058,0.326611043,20.63866077
132.4340289,32.14951915,89.22824507,0.387707304,32.14951915
51.43490412,21.24396059,56.01939064,0.31847803,21.24396059
40.88420833,15.42703103,41.11031067,0.332411615,15.42703103
26.90292926,11.12215572,29.32526895,0.318326667,11.12215572
5.574393434,3.110051937,7.867092767,0.264784789,3.110051937
96.01696106,50.81172884,129.5778541,0.275078186,50.81172883
11.8613131,5.665777025,14.66269471,0.293970328,5.665777026
21.74630104,13.0947709,32.71728924,0.249250158,13.0947709
23.25775136,18.6064206,44.06772881,0.184207585,18.6064206
5.319218356,1.575627282,4.302100916,0.365202597,1.575627282
11.58118075,5.810552332,14.93406566,0.285081418,5.810552331
34.97646143,6.888802764,19.39320923,0.407589236,6.888802763
14.78159305,6.750309821,17.57552463,0.30183096,6.750309822
30.23793377,14.12260277,36.66040417,0.297933701,14.12260277
37.22681541,15.05752351,39.80569394,0.321787541,15.05752351
16.01237231,5.846332055,15.63602229,0.337250617,5.846332053
57.13685687,24.4789658,64.25999427,0.312555334,24.4789658
48.83868827,19.96489321,52.71193095,0.320115524,19.96489321
126.9736552,35.37730756,97.11276043,0.37252899,35.37730756
187.4634461,59.06943329,160.3647416,0.357425768,59.06943327
146.2847616,53.56408478,143.2125378,0.336833611,53.56408479
180.8531668,51.27127196,140.533551,0.370490194,51.27127198
136.6207397,50.69469458,135.343794,0.334891108,50.69469458
50.8003865,16.95045145,45.76162767,0.349864569,16.95045145
94.21473466,37.9815327,100.4466471,0.322309027,37.98153269
38.61013019,23.84480021,59.3223286,0.243925889,23.84480021
38.51201594,14.05190192,37.58454121,0.337347123,14.05190192
32.57634953,21.34179178,52.54971744,0.231145866,21.34179178
30.59069199,16.14826593,41.19593754,0.275552982,16.14826593
64.56325669,27.03581887,71.17291972,0.316270834,27.03581887
54.28684169,14.05000674,38.80251987,0.380871931,14.05000674
54.93121103,18.54372855,50.00434781,0.348281918,18.54372855
27.97117971,12.29147147,32.16321685,0.308355021,12.29147148
30.01314617,17.70825448,44.39374745,0.253476098,17.70825448
83.57224337,-2.57E+13,752.1501904,-1,-2.69E+12
45.77103174,15.77255606,42.44248512,0.345453614,15.77255606
66.65929569,50.00937623,120.0153471,0.199928455,50.00937623
97.30941534,81.91716272,191.902319,0.171319371,81.9171627
148.3718324,84.52020117,213.0969541,0.260627348,84.52020117
70.16147964,26.40916743,70.39513063,0.332778302,26.40916743
54.49383462,36.21122736,88.93462275,0.227997906,36.21122736
132.8604373,62.84112648,162.8483785,0.295714985,62.84112647
176.0020373,95.6425231,242.9244638,0.269960557,95.6425231
77.49109738,64.10718046,150.7503899,0.175768368,64.10718047
153.7157342,41.78795376,114.9476094,0.375367769,41.78795374
39.02862293,17.61428359,45.93276981,0.303850071,17.61428359
27.00124452,21.41916602,50.81966312,0.186312835,21.41916602
32.07335037,19.76482593,49.19018608,0.24438703,19.76482593
43.75674754,22.47241902,57.56294054,0.280746423,22.47241902
48.60467325,20.16841042,53.15328242,0.317736036,20.16841042
59.12084099,29.77662324,76.48854096,0.284372314,29.77662324
28.63291091,22.05407296,52.64569754,0.193559521,22.05407296
63.71365739,27.4844297,72.08769751,0.31142793,27.4844297
59.72312183,30.15135088,77.4247074,0.283934304,30.15135088
25.72682597,17.11650382,42.02870295,0.227724523,17.11650382
99.50957075,26.10719511,72.02296936,0.379370113,26.10719511
39.83600753,30.24746274,72.41433166,0.197031504,30.24746274
65.44825707,23.06736004,61.92668796,0.342301153,23.06736004
64.93588347,28.65172692,74.93409767,0.307671574,28.65172692
45.99264556,25.90801609,65.43699218,0.262871537,25.90801609
44.88024742,24.28701017,61.72655865,0.270773105,24.28701018
52.34507056,23.41546828,61.13115814,0.305358437,23.41546828
69.74178799,18.31340087,50.51835409,0.379272873,18.31340088
22.58724447,17.18463416,41.12455771,0.196550283,17.18463416
131.0368415,59.45741299,154.9380736,0.302933191,59.45741298
22.92518516,16.20878663,39.35201272,0.213909888,16.20878663
74.54453493,22.56812398,61.498239,0.362502241,22.56812398
124.0742501,31.46968113,87.0494244,0.383068103,31.46968114
-10.66766861,27.33361906,562.0168235,9.280688082,27.33361907
32.93262253,21.03226901,52.02222215,0.236723963,21.03226901
30.00854133,23.3352751,55.5951669,0.191225873,23.3352751
48.60882574,20.57234289,54.08678302,0.314550883,20.5723429
41.31901592,33.4258886,78.98012134,0.181421417,33.42588861
59.75999337,10.33685949,29.32005354,0.418228311,10.33685949
26.90879676,9.324574621,25.07710775,0.344678378,9.324574619
57.96363988,30.09620854,76.96746497,0.278690385,30.09620854
61.97507731,26.09872801,68.65844869,0.315360056,26.09872801
58.30906499,37.36550446,92.36647659,0.235985944,37.36550446
66.27266391,29.99276094,78.18383218,0.303378378,29.99276094
65.54538581,30.616308,79.47469104,0.297914351,30.616308
60.23948955,28.6502616,74.18917902,0.294738248,28.6502616
39.45707004,28.75795256,69.41071878,0.206809119,28.75795256
137.541082,56.7897532,149.7579254,0.318529461,56.7897532
26.24243857,18.6409148,45.21646877,0.212828588,18.6409148
53.48608949,24.69298557,64.19930119,0.299950162,24.69298557
50.472832,30.36668904,75.88206458,0.249429341,30.36668905
83.94411247,21.05690548,58.29628536,0.384255759,21.05690548
32.15482671,21.80988798,53.36438163,0.223398802,21.80988798
65.15045703,23.91602814,63.92591389,0.336465936,23.91602814
143.098829,61.30084084,160.9236382,0.312572845,61.30084086
51.65309735,30.82362177,77.12883564,0.251131944,30.82362177
57.1816557,20.88053751,55.84422597,0.337231523,20.88053751
103.5407216,34.27830738,92.6145619,0.350920874,34.27830738
45.03927979,18.75243671,49.40113442,0.317192405,18.75243671
48.24928774,19.41732048,51.36196822,0.322581256,19.41732048
63.57001002,25.03869995,66.39850747,0.325917631,25.03869995
62.88023829,21.6548374,58.27489879,0.345539976,21.6548374
56.12023952,25.6616863,66.80290271,0.301607812,25.6616863
29.09387221,7.775852736,21.41932671,0.377297606,7.775852737
61.80916464,20.91816655,56.3928002,0.347938407,20.91816655
33.08200801,15.50510094,40.23018392,0.297320929,15.50510094
50.83623486,31.93476198,79.21661751,0.240288209,31.93476198
40.64896346,21.19515713,54.17031994,0.277893804,21.19515713
60.24480856,29.92212462,77.01575861,0.286936666,29.92212463
52.07247336,17.57120821,47.38391989,0.348339833,17.57120821
35.14407711,5.3311587,15.22369324,0.427803419,5.3311587
46.66675613,27.04850501,68.00644897,0.257120291,27.04850501
57.03124194,22.7617571,60.26748023,0.323875832,22.7617571
55.42479907,24.88182718,64.92926133,0.304752679,24.88182718
68.02041807,26.37258131,70.06291424,0.328328718,26.37258131
29.40873557,8.430530232,23.08562423,0.369167988,8.43053023
51.11928283,30.61475049,76.56051434,0.250386058,30.61475049
44.13831504,11.28210361,31.18893137,0.38223032,11.28210361
109.522968,51.43491539,133.4190309,0.29696948,51.43491538
16.60500219,10.25353597,25.50985625,0.243954101,10.25353597
38.4958959,9.103449299,25.31487395,0.390400118,9.103449297
56.74844217,13.05066661,36.36437916,0.393200066,13.05066661
65.50399609,21.49402168,58.12453891,0.352109433,21.49402168
38.11160022,8.326267572,23.28323461,0.398179581,8.326267572
162.2222222,-1.62E+16,1460,-1,-3.55E+12
-119646.6005,-71888.72053,-179679.7688,0.249707656,-71888.72053
38.10430515,10.54625578,28.9663923,0.373302189,10.54625578
20.27817355,9.564209245,24.79451344,0.296213456,9.564209246
14.57834355,5.438025627,14.50991064,0.334115691,5.438025627
39.98180993,10.46443397,28.87421996,0.379636014,10.46443397
43.28371031,21.53977879,55.42534835,0.286581187,21.53977879
34.7106105,6.714840406,18.92421173,0.409133396,6.714840405
42.5464462,19.78833572,51.396797,0.298663964,19.78833572
41.73738382,15.46265382,41.28910252,0.33512342,15.46265382
36.35613361,19.32830677,49.25611138,0.274196234,19.32830677
30.00873233,13.13197306,34.38084233,0.309050901,13.13197306
47.35925354,12.38607662,34.17860246,0.379718675,12.38607662
31.12454131,12.73587126,33.62171646,0.319961382,12.73587126
38.10568547,24.13090946,59.77497438,0.238556186,24.13090946
36.76621811,20.21218859,51.24579275,0.267695295,20.21218859
24.96503554,13.28626944,33.85329003,0.273995315,13.28626944
35.66846099,17.79539869,45.77383474,0.286114336,17.79539869
41.72162303,16.00823863,42.57898246,0.329908413,16.00823863
37.92560116,24.31923161,60.10957014,0.235844354,24.31923161
23.71828041,8.044787408,21.68288844,0.347635888,8.044787408
27.25039826,10.40178435,27.68304312,0.330687226,10.40178435
44.71809741,22.70402489,58.25338011,0.282886633,22.70402489
47.33278679,12.35846279,34.10697532,0.37990363,12.35846279
37.53521755,23.76125802,58.86292989,0.238632438,23.76125802
22.65636926,6.649320664,18.17037972,0.366333542,6.649320666
29.94451115,9.364881264,25.44235339,0.35839167,9.364881264
33.47685136,11.09993427,29.98568102,0.35071435,11.09993427
41.79965266,16.52724222,43.80795687,0.325325674,16.52724222
28.31286245,17.57026499,43.67603734,0.242896376,17.57026499
52.62519489,20.32188329,54.01304367,0.328937946,20.32188329
52.51621385,20.10185193,53.48174501,0.330269101,20.10185193
44.46541586,15.55464978,41.79092472,0.343357945,15.55464978
52.56352473,18.61448957,49.94745163,0.34162829,18.61448957
51.5220376,19.5350019,52.02923564,0.331692618,19.5350019
52.03372713,20.65561603,54.72546648,0.324711556,20.65561603
52.90590295,22.24101707,58.52234958,0.315640139,22.24101708
51.88059566,20.78052128,54.99844375,0.323317231,20.78052127
50.89167102,20.34337124,53.85423894,0.32363113,20.34337124
51.83528848,21.24750182,56.08002626,0.319685174,21.24750182
54.81907349,20.77935975,55.34515499,0.331733885,20.77935975
24.3727062,14.65759027,36.62979557,0.249516288,14.65759027
42.07202454,17.34575943,45.74991004,0.318763535,17.34575943
54.14364644,21.67046551,57.35894419,0.323435903,21.67046551
52.76042638,19.58302908,52.28075699,0.334848577,19.58302908
53.46007267,22.47084542,59.1281071,0.315662718,22.47084542
33.08804805,17.77935935,45.23581839,0.272144218,17.77935935
54.24496251,22.10304053,58.3798334,0.320629017,22.10304053
55.05231143,21.16753146,56.28833426,0.329591369,21.16753146
54.08699466,21.50033618,56.95429867,0.324497864,21.50033618
53.21182653,19.54381602,52.23627706,0.336388887,19.54381602
51.76521247,21.6294522,56.95562298,0.316621948,21.6294522
53.75990905,19.25680884,51.60838262,0.340003503,19.25680884
33.25459914,10.3445462,28.11806565,0.359076808,10.3445462
22.37429805,11.73618818,29.9686565,0.276762781,11.73618818
58.01947028,27.32437089,70.85069338,0.296474376,27.32437088
46.53126057,16.5565126,44.40310951,0.34095599,16.5565126
47.25005878,19.72066765,51.93646199,0.316802831,19.72066765
46.26940184,17.22099529,45.96092477,0.334444496,17.22099529
26.91971713,8.504641571,23.08307591,0.357086934,8.504641573
26.31660733,7.468478738,20.46910418,0.370366369,7.468478738
27.40047844,6.506970232,18.08900597,0.389971471,6.50697023
16.91318792,1.05934765,3.113048295,0.469323265,1.05934765
28.90701104,6.258156717,17.5108156,0.399039397,6.258156717
26.85198924,14.27250643,36.37311189,0.274237012,14.27250642
39.51597331,12.00268363,32.69750899,0.362091595,12.00268363
37.67416495,0.445869993,1.332353888,0.494105802,0.445869993
68.6483853,20.60087829,56.18263555,0.363598065,20.60087829
34.31754585,19.18855462,48.52201637,0.264347871,19.18855462
120.6593071,54.95884649,143.1432093,0.302276326,54.95884648
36.38235231,19.47919627,49.58778378,0.272839575,19.47919627
44.9334794,20.67768661,53.78302355,0.300508721,20.67768661
66.46593795,22.1054093,59.6980517,0.350304147,22.1054093
38.07004643,21.34268032,53.94687841,0.26382623,21.34268032
172.4064653,45.2093195,124.7258699,0.379426535,45.20931952
129.0703015,44.08836492,118.7446643,0.346666684,44.0883649
42.80726066,22.583509,57.61813609,0.275668367,22.583509
47.51769983,30.91034012,76.20680417,0.232707305,30.91034013
44.90469547,23.39300979,59.7955693,0.278064897,23.39300979
34.40125819,21.58532106,53.55483821,0.240538374,21.58532106
25.56629207,20.70448717,48.91035105,0.181153405,20.70448718
84.47349448,5.566045252,16.33926543,0.46776254,5.566045251
82.18747025,21.68850855,59.80487561,0.378722642,21.68850855
106.2545315,41.58136959,110.349483,0.326910154,41.58136957
93.00033693,41.12052343,107.515425,0.307320725,41.12052343
24.42478314,14.38221558,36.06737806,0.253888104,14.38221558
180.1990784,61.35721077,165.3092126,0.347105015,61.35721076
77.61524249,30.0889799,79.93722644,0.328347234,30.0889799
81.23541787,29.99730102,80.12899059,0.335603335,29.99730103
66.83487956,-2.37E+14,601.513916,-1,3.02E+12
63.7421931,-5.52E+12,573.6797379,-1,1.29E+18
32.00469558,18.78557896,47.13463746,0.254543114,18.78557896
23.52708125,13.24761546,33.46221759,0.26295248,13.24761546
39.48117473,20.68930819,52.83830998,0.27694724,20.68930819
44.37597759,17.92495491,47.39357642,0.321999878,17.92495491
60.77021534,40.24991529,98.91224235,0.228726093,40.24991529
93.03416042,25.05360552,68.96975372,0.376443675,25.05360552
36.25391826,22.87156242,56.69274275,0.239371883,22.87156242
81.93089866,21.98197603,60.53233986,0.376863021,21.98197603
151.0476881,46.28624348,125.9895437,0.360982597,46.28624346
53.35970925,20.43305375,54.36041038,0.330207688,20.43305375
50.29332673,25.22256971,64.83008032,0.285160098,25.22256971
125.9061851,54.14147671,142.061586,0.311947833,54.14147669
139.0157708,14.04177811,40.75319429,0.451140802,14.04177811
71.47954477,22.71614695,61.62076306,0.356320753,22.71614695
27.34381183,21.3954757,50.90845983,0.189701518,21.3954757
54.0686367,22.35863297,58.95014854,0.318286065,22.35863297
102.5183615,21.46630511,60.19734421,0.402135671,21.46630511
40.01041952,24.20361615,60.42624255,0.248289557,24.20361615
126.347264,12.01329938,34.93274446,0.453919666,12.01329938
31.61464004,9.956685143,27.03222127,0.357491017,9.956685141
37.20268483,16.51337421,43.1549723,0.306667303,16.51337421
32.38470252,22.45900959,54.72606396,0.218354348,22.45900959
129.6318517,12.81130977,37.20818732,0.452161722,12.81130977
75.68019968,25.12671711,67.86904416,0.350535445,25.12671711
46.89369764,35.21760411,84.4995066,0.199677104,35.21760412
28.44635046,21.92888906,52.33783503,0.193353546,21.92888906
65.40469008,17.41627345,47.98922067,0.377712081,17.41627345
77.95418014,25.5912915,69.20126481,0.352047137,25.5912915
47.16418761,13.46323574,36.88047328,0.369673457,13.46323575
22.0281086,15.73618102,38.12912998,0.211511546,15.73618102
35.63022076,23.40056143,57.59332297,0.230597034,23.40056143
130.8249792,33.54613427,92.7138432,0.381885651,33.54613426
50.07080308,22.01454637,57.60175061,0.308265672,22.01454637
72.91453489,25.03218339,67.38524041,0.34597209,25.03218339
36.59625896,25.94492224,62.95698041,0.213281347,25.94492224
75.91071836,32.06881945,84.3311082,0.314845848,32.06881945
83.59419996,24.42627751,66.77493951,0.366866881,24.42627751
18.42573611,7.746986326,20.38416101,0.315618755,7.746986327
97.68329566,45.28103692,117.6623402,0.299245205,45.28103694
26.3857506,14.60160299,36.98283539,0.266396416,14.60160299
65.66512677,18.44200614,50.58996594,0.37159606,18.44200615
75.06056139,20.58295361,56.57735223,0.374373992,20.58295361
80.12353998,29.68469082,79.26517921,0.335118828,29.68469082
30.77411957,20.23408554,49.78991251,0.230347485,20.23408555
15.40445009,9.855513052,24.3694762,0.23633727,9.855513052
87.19687469,29.11339677,78.5932538,0.349778152,29.11339677
36.55508947,18.03191095,46.45696242,0.28818744,18.03191095
47.13896644,13.01489401,35.75415236,0.373585998,13.01489401
58.1084148,21.21042354,56.72896879,0.337289863,21.21042354
45.60368226,17.65741317,46.91694046,0.328533801,17.65741317
14.27196697,7.633301575,19.43499606,0.273039973,7.633301575
35.85834817,23.70262091,58.26910065,0.229169991,23.70262091
34.85970501,20.34667046,51.09842093,0.255694907,20.34667046
17.49607589,10.17482433,25.56810492,0.256439624,10.17482433
37.74304877,18.48867617,47.68049561,0.289451315,18.48867617
71630667.04,-6.8E+11,644879667.5,-1.000473875,-6.80E+11
1.41E+15,-8.84E+16,1.33E+16,-1.075258184,-9.02E+16
-1.42E+11,-1.7E+13,-1.25E+12,-0.963303163,-1.70E+13
161.1378309,1.05E+15,1450.240479,-1,-7.79E+11
80320972.95,-2.09E+13,722897080.3,-1.000017272,-2.09E+13
116.0311293,2.56E+13,1044.280164,-1,-1.21E+12
101.8265812,22.0885625,61.79726443,0.398852108,22.0885625
140.3982538,55.0293192,146.0114802,0.326669876,55.0293192
166.2012112,79.50509056,205.713175,0.293710714,79.50509057
44.03060755,25.01971471,63.10611761,0.261127841,25.01971471
38.32120042,35.24078069,80.91788682,0.148071712,35.24078069
198.8695855,58.50831394,159.8488606,0.366035439,58.50831394
124.1024627,67.56298941,171.5564498,0.269603753,67.56298939
114.1198684,54.8795417,141.8934038,0.292771399,54.87954168
45.87567749,25.55894119,64.66734519,0.265063069,25.55894119
145.8706896,56.69050168,150.5663689,0.327968217,56.69050169
34.93274598,21.55126417,53.62588232,0.244147023,21.55126417
41.53484436,20.60670062,53.04730722,0.28713733,20.60670062
165.5065167,-39.52165806,-128.8185978,0.629721577,-39.52165807
162.895829,8.66227965,25.53422938,0.473874685,8.662279652
216.2505795,105.2962748,271.7776858,0.29053799,105.2962748
178.5358759,2.332969283,6.968554614,0.493494721,2.332969283
103.005711,41.85177688,110.5790431,0.32107943,41.85177688
51.17884113,29.17784177,73.55520812,0.260463483,29.17784177
163.219548,56.31009142,151.5071535,0.345293088,56.3100914
53.46936205,34.85806886,85.90607182,0.232226492,34.85806886
38.18856996,32.4691104,75.89726042,0.168761008,32.4691104
64.04390011,31.63780081,81.49400745,0.287921495,31.63780081
40.91924226,28.84278691,70.06588967,0.214617191,28.84278691
48.3259179,33.42481368,81.48741036,0.218965813,33.42481369
73.01776455,34.97441617,90.47746478,0.293480702,34.97441617
149.3647651,30.19026423,84.8537857,0.405317043,30.19026422
107.6799357,38.21520421,102.5178764,0.341323153,38.21520422
132.7109669,20.10661341,57.42000014,0.427888401,20.10661341
32.10643597,18.3428028,46.22536757,0.260041011,18.34280281
98.78436453,45.70832556,118.801504,0.299560884,45.70832557
177.0141262,56.04409343,152.0821383,0.356807908,56.04409342
32.77281676,21.94629044,53.82438574,0.226275254,21.94629044
37.58153463,23.48090484,58.30065175,0.24144815,23.48090483
28.50026065,17.07509471,42.69816637,0.250305404,17.0750947
119.2276309,35.05349682,95.77444166,0.366118224,35.05349682
32.71007158,10.27295894,27.89828838,0.357850671,10.27295894
36.64611533,19.23648494,49.11546595,0.276622681,19.23648494
47.1960303,24.6038964,62.88423606,0.277932467,24.6038964
40.98387847,23.68163138,59.57096991,0.25774633,23.68163139
53.38136898,31.61000709,79.19761796,0.252730152,31.61000708
57.00674763,31.12074721,78.98859717,0.269066527,31.12074721
154.820894,44.99853257,123.0720133,0.367511408,44.99853257
201.4992318,74.31672323,198.5415455,0.335779733,74.31672324
134.5130453,60.91340108,158.7736482,0.303273544,60.91340108
105.1128648,43.58018858,114.8659479,0.317868872,43.58018857
154.7276276,68.94403904,180.0845623,0.306019816,68.94403903
63.33592661,27.2844997,71.57549118,0.311651156,27.2844997
41.51804296,26.41945128,65.38862766,0.237509193,26.41945128
81.94591741,54.49313329,133.8171002,0.227834519,54.49313329
177.4372632,70.8179335,187.5080243,0.323873876,70.81793352
172.9263877,76.51218997,200.0344689,0.307206531,76.51218998
186.247331,74.21523522,196.5401448,0.32412263,74.2152352
187.693903,82.03923014,214.8192088,0.309246859,82.03923013
58.98909782,40.53650295,98.94496553,0.22044279,40.53650295
58.02190018,40.40508687,98.37898909,0.217408459,40.40508687
75.5832609,8.67E+12,680.2493481,-1,#DIV/0!
142.157398,-3.78E+13,1279.416582,-1,#DIV/0!
-296625.7564,-58116.92349,-163662.1708,0.408042279,-58116.92348
148.2791748,1.43E+16,1334.512573,-1,2.97E+12
-4.23E+11,-1.89E+16,-3.81E+12,-0.999899106,-1.84E+16
78.28966558,38.4084944,99.03081854,0.289178606,38.4084944
140.4354446,59.22258564,155.7711686,0.315133128,59.22258566
123.9956282,59.33236507,153.511778,0.29365969,59.33236506
59.74956862,15.77013277,43.48465887,0.378703005,15.77013277
79.18851397,23.61922931,64.44994841,0.364353332,23.61922931
98.70031962,53.5024786,135.9437596,0.270443568,53.50247862
88.35293903,45.22291001,115.8952976,0.281378151,45.22291002
55.81190227,29.02625768,74.21332648,0.278382617,29.02625768
52.6662858,36.41187454,88.77649678,0.219059687,36.41187454
1787894.902,1058174.365,2651434.855,0.252834572,1058174.365
145.0467899,54.57193027,145.4718408,0.332844927,54.57193027
97.85441686,58.62035664,146.5892968,0.250327576,58.62035663
65.61925207,28.54008963,74.77894902,0.310068573,28.54008964
46.66528208,27.5755784,69.11321143,0.253159778,27.5755784
118.9743084,48.95124946,129.1421645,0.319089563,48.95124944
118.3926419,56.31922373,145.8334165,0.294703716,56.31922373
174.3294996,46.15059189,127.2249394,0.378367364,46.1505919
81.99464858,62.9314158,150.3335855,0.19442399,62.93141581
54.84562536,46.01189457,107.8703054,0.172200215,46.01189459
36.77127116,25.93254709,62.98997237,0.214496443,25.93254709
123.2813267,53.05407971,139.1947649,0.311819615,53.05407972
44.12426833,35.92259834,84.76479472,0.179825495,35.92259834
37.54808982,32.05438014,74.8605929,0.167712378,32.05438014
100.8196832,40.37622611,106.8631717,0.323342744,40.37622612
180.2444157,58.94202905,159.4458669,0.352565135,58.94202904
35.89895325,27.25954057,65.26034135,0.197018365,27.25954057
112.9140334,47.72981028,125.50534,0.314747946,47.72981028
146.6469367,50.39925281,135.6570049,0.345823572,50.3992528
183.2774831,108.1857504,271.1963111,0.25338277,108.1857504
141.1806253,56.03881282,148.4720994,0.324725596,56.03881279
129.8660929,42.51648734,114.9996592,0.352412516,42.51648732
161.751092,82.61276916,211.7829577,0.281781012,82.61276916
166.9275978,86.88798252,222.1244022,0.278222809,86.88798252
165.4251968,80.15161733,207.0198492,0.291426525,80.15161732
178.310552,76.40788045,200.5742713,0.312523461,76.40788043
103.9685046,42.78724211,112.8772143,0.31905223,42.78724213
153.9506219,76.56342949,197.027999,0.286697842,76.56342947
7.068649074,4.049760717,10.20114093,0.259474528,4.049760715
59.4825118,29.14478892,75.15907588,0.289408479,29.14478892
25.03711163,2.104570663,6.141627587,0.459116506,2.104570663
149.2525818,53.77074183,144.0173394,0.339179399,53.77074181
177.0394853,71.54587555,189.1567144,0.321926058,71.54587553
110.9596051,20.21571062,57.17490339,0.414120544,20.21571062
116.0566968,60.93528535,155.5773529,0.276578521,60.93528534
142.6744151,28.63173266,80.5096696,0.405951756,28.63173266
156.9666455,51.44613664,139.1375396,0.352264219,51.44613664
159.4193067,48.16209595,131.2672569,0.362765203,48.16209593
137.5204227,76.77776504,194.1937795,0.264648557,76.77776502
113.1525829,29.64355038,81.78838358,0.379530834,29.64355038
126.0556461,54.95280438,143.9417214,0.309684947,54.95280436
153.4058051,54.83048486,146.980178,0.340314411,54.83048484
123.982517,41.80091697,112.7333385,0.348455329,41.80091697
169.6350606,60.65630385,162.5898597,0.340255252,60.65630387
107.7935751,14.57354579,41.83527961,0.43531575,14.57354579
200.7102885,91.12496172,237.4411433,0.302832609,91.12496172
146.8208479,47.11828503,127.6947644,0.355044695,47.11828504
108.0048891,35.12685061,95.0735093,0.353288263,35.12685061
53.84847145,21.84539269,57.72955152,0.321320984,21.84539269
116.1991043,43.35081789,115.6682028,0.334094816,43.35081788
34.3460324,25.22063606,60.78384568,0.205041886,25.22063606
42.61463344,18.92368932,49.45120902,0.306595352,18.92368932
154.2643457,16.2631811,47.13321749,0.449077435,16.2631811
58.08556171,26.03466243,67.95172175,0.305024061,26.03466243
80.5502593,21.12800174,58.28778941,0.379396644,21.12800174
109.7422823,19.70346557,55.77253919,0.415297705,19.70346557
60.15907204,10.53923385,29.87321122,0.417238276,10.53923385
83.85075694,22.91384922,63.00264825,0.374772253,22.91384923
61.03564139,23.27529141,61.95107957,0.330833597,23.27529141
56.29596707,25.59296292,66.67507077,0.302605544,25.59296292
61.63320151,20.63842993,55.69826833,0.349382403,20.63842993
50.1050257,27.12978643,68.94562949,0.270662961,27.12978643
88.44921855,23.39003463,64.48577096,0.378488146,23.39003463
67.46566629,14.39244217,40.31082539,0.400416445,14.39244217
57.53113918,22.61126946,59.97637143,0.32624954,22.61126946
82.55426811,22.56593969,62.04459033,0.374739789,22.56593969
142.7070463,68.8881416,178.0196314,0.292091986,68.8881416
45.02805123,17.2075559,45.78978328,0.330513861,17.2075559
112.1343716,40.47080567,108.3744803,0.338921705,40.47080568
175.9381251,28.18498742,80.26866139,0.423961278,28.18498742
170.4825706,27.82614625,79.17101088,0.42260107,27.82614625
176.9346075,83.55665361,216.5773655,0.29599114,83.5566536
187.3834929,76.33111761,201.616967,0.32067349,76.33111762
153.3662862,68.9197715,179.8230142,0.304582199,68.91977152
141.5441627,13.99578433,40.64761734,0.452137886,13.99578433
142.7142762,16.53508106,47.76070199,0.444223401,16.53508106
156.4386739,71.20093224,185.4654402,0.302408791,71.20093225
65.87808748,20.38435971,55.43537322,0.359752625,20.38435971
46.29591981,13.56449901,37.0727773,0.366536916,13.56449901
93011788.57,-34453839.57,-117921903.7,0.711302792,-34453839.57
146.594697,35.54223287,98.65375295,0.387838425,35.54223287
179.3222009,-66.64677399,-228.2127957,0.712106843,-66.646774
67.95959622,10.27090013,29.33488283,0.428058031,10.27090013
127.341342,69.38957517,176.1698239,0.269425727,69.38957519
205.9545565,106.3281098,272.1500491,0.279765292,106.3281098
34.88318837,30.24826704,70.39700951,0.163653597,30.24826704
152.6857221,53.12354558,142.808327,0.34411517,53.12354558
70.3595153,14.65049617,41.09890425,0.402645472,14.65049617
34.09879289,28.79343122,67.40715573,0.170530098,28.79343122
117.0999762,32.67492508,89.68320766,0.372355215,32.67492508
183.7264242,107.9895665,270.893922,0.254259698,107.9895665
147.5834267,51.79945678,139.1218453,0.342889038,51.79945677
38.11098512,19.52861262,50.0389476,0.28117006,19.52861262
99.61145449,20.98174606,58.81567447,0.401591514,20.98174606
199.5766829,107.6005185,273.6268258,0.271493993,107.6005185
174.6281846,35.56336712,99.9079522,0.404646977,35.56336712
36.77835194,28.38684277,67.73401849,0.193053047,28.38684277
150.5942867,66.7443101,174.4591434,0.306921467,66.7443101
88.94016913,22.61004999,62.5313208,0.382821374,22.61004999
77.31423787,23.85179638,64.88314049,0.360131108,23.85179638
29.05158945,23.13137484,54.83942653,0.185390555,23.13137484
30.24767399,23.26961715,55.56108683,0.193854769,23.26961715
30.55366992,21.36573651,51.98074918,0.216451143,21.36573651
169.6160255,81.05263383,209.747892,0.293899298,81.05263385
39.95126884,17.97979931,46.90323615,0.304331471,17.97979931
49.21293923,18.98194305,50.45838737,0.329115445,18.98194305
62.37726602,24.10491931,64.06268211,0.328830047,24.1049193
84.80881954,23.38341856,64.24566795,0.37374413,23.38341856
36.57725437,14.12285353,37.53737229,0.328958493,14.12285353
33.68259205,18.11141785,46.07580251,0.272009814,18.11141785
80.16466038,32.58479545,86.08996217,0.32101431,32.58479545
58.63346172,23.03351232,61.09974832,0.326322869,23.03351232
142.0574216,36.45519442,100.7475397,0.381799512,36.45519442
54.03714712,24.38153247,63.58189197,0.303894496,24.38153247
18.67712055,9.337593814,24.01131052,0.285733295,9.337593815
131.514769,65.90562127,169.417038,0.285300364,65.90562125
46.93316042,21.11616182,55.08691886,0.304378119,21.11616182
74.37985167,32.42011486,84.92196763,0.309711085,32.42011486
70.04124378,29.49164303,77.58551503,0.31538136,29.49164303
82.40936276,36.89587797,96.31391708,0.30521243,36.89587797
59538.33121,-5472.627336,-16936.81306,0.54741151,-5472.627337
79.44171265,32.77753167,86.44374215,0.318643256,32.77753167
109.7300644,42.69552435,113.3811861,0.327787722,42.69552437
89.71510466,45.5172097,116.7988824,0.283018919,45.51720972
67.58141352,25.69372502,68.41141428,0.331286418,25.69372502
40.89174994,28.84106079,70.05353398,0.214475682,28.84106079
45.59319722,10.94961887,30.41411496,0.388820713,10.94961887
96.97849482,40.03334702,105.5729734,0.318562913,40.03334704
43.07818147,30.73255117,74.48482891,0.211823068,30.73255117
24.11948169,14.60363473,36.45369236,0.248103402,14.60363473
66.37236974,29.83389962,77.83900861,0.304539628,29.83389962
55.60682461,24.0050016,62.95583541,0.311306628,24.0050016
45.42188312,20.41274351,53.25984711,0.304573466,20.41274351
63.5647438,31.51746787,81.14153301,0.287247017,31.51746787
68.6048744,30.42351691,79.51643201,0.306825116,30.42351691
-2249641.545,-337435.6961,-964103.4223,0.428573552,-337435.6961
49.69433925,22.31328223,58.22526131,0.304722019,22.31328223
49.54890989,22.05347073,57.61287264,0.306208745,22.05347073
64.78413016,25.77852111,68.27915032,0.324341882,25.77852111
50.87016542,20.75675883,54.81483683,0.320409349,20.75675884
70.30251798,28.56317941,75.46880845,0.321085573,28.56317941
86.93401753,45.30195171,115.7924283,0.278007061,45.3019517
61.09961588,25.67480772,67.56109031,0.315707815,25.67480771
73.75400264,41.17091204,104.1358531,0.26467751,41.17091205
30.02485207,12.20513862,32.24606155,0.321003495,12.20513862
66.75285899,51.73855918,123.3477141,0.192028886,51.73855917
103.6245683,57.60349792,145.795284,0.265507211,57.60349791
81.1350448,61.93793908,148.1220342,0.195729438,61.9379391
117.0746612,63.76103385,161.8931048,0.269530111,63.76103385
107.8202405,53.0162402,136.651161,0.288766994,53.01624018
64.08519498,22.01243139,59.25307396,0.345900253,22.01243139
82.43470284,33.03154785,87.41846399,0.323257154,33.03154785
111.0668054,57.38169757,146.8546933,0.279630087,57.38169756
92.69225467,28.20416638,76.82087789,0.361871095,28.20416638
110.2417745,33.6670506,91.6694228,0.361411546,33.6670506
61.99815803,31.54411316,80.9102074,0.282492981,31.54411316
61.21675161,40.32734349,99.19912032,0.229923815,40.32734349
62.52965017,38.72865555,96.30361475,0.243312134,38.72865554
60.28740383,39.46490372,97.1878984,0.231320607,39.46490372
61.75429933,39.1855275,97.03286225,0.238121169,39.1855275
73.45488643,44.17024193,110.3849844,0.249540183,44.17024194
54.67620899,31.85509209,80.02421605,0.256066311,31.8550921
56.01306143,32.2748091,81.22396998,0.258318364,32.27480911
27.81099937,25.90138745,59.29599547,0.144649019,25.90138745
96.93485994,48.17015033,123.974731,0.286841853,48.17015034
95.00128442,52.36977722,132.7215907,0.267158252,52.36977721
103.2605696,50.94280075,131.2454306,0.288164654,50.94280073
89.02414348,56.64089921,140.1909149,0.237541395,56.64089922
16.41637951,11.00221437,26.97945624,0.2260921,11.00221437
64.34548989,31.73655004,81.76664069,0.288209345,31.73655004
43.5210721,20.30398894,52.7143211,0.298127212,20.30398894
50.20643282,6.942382978,19.90947629,0.43390795,6.942382977
47.10538526,13.6302136,37.29360157,0.368049052,13.6302136
-6077433.47,-903706.8421,-2583086.599,0.429161802,-903706.8423
47.27166715,23.10798578,59.61071453,0.289829306,23.10798578
101.7608531,56.02047646,142.0032997,0.26742317,56.02047645
76.06863233,42.00680645,106.4294997,0.266812556,42.00680645
59.79403551,24.75742415,65.26475614,0.318084542,24.75742415
67.95417598,35.65697477,91.04629394,0.276696839,35.65697477
47.43087507,27.44867127,69.02993393,0.257436712,27.44867127
48.58886998,25.05111837,64.13180826,0.280018866,25.05111837
59.81111315,28.4087442,73.57714692,0.29497359,28.4087442
43.34666625,29.29002305,71.71670194,0.224251374,29.29002305
45.55915463,38.09487,89.37416071,0.173047194,38.09487
37.07791895,29.80033519,70.51067989,0.183051792,29.8003352
30.34879432,29.22412157,66.36915447,0.135520093,29.22412157
126.8420304,60.37247043,156.3169095,0.294604216,60.37247042
57.90199511,8.269961891,23.68239156,0.431831964,8.269961891
104.4722222,1.27E+15,940.25,-1,-1.47E+12
73.01172058,-2.82E+12,657.1054852,-1,7.20E+12
22939572.63,1330389.043,3915474.007,0.47155226,1330389.044
34.48878632,22.10724949,54.64579635,0.235924812,22.10724949
44.22468095,23.51941065,59.93366354,0.274131917,23.51941065
57.29284984,12.84575415,35.85737577,0.395689788,12.84575415
57.38877485,17.88739389,48.6116276,0.358823647,17.88739389
56.07277037,20.18725058,54.07269035,0.339278227,20.18725058
68.41726575,32.28982597,83.70168635,0.296099992,32.28982597
56.39180415,25.44714869,66.3597044,0.303873082,25.44714869
120.6823228,41.01639129,110.5274873,0.34735753,41.0163913
65.41328729,24.17562555,64.57197913,0.335476904,24.17562555
87.70632616,49.42460967,124.8262959,0.262794959,49.42460966
55.01284168,23.56959568,61.87259527,0.312551054,23.56959567
46.9693207,31.8482604,77.93074086,0.223469349,31.8482604
60.95410638,26.84160511,70.21782989,0.308003556,26.84160511
51.33642045,25.03877322,64.61176149,0.290234169,25.03877322
56.48255576,14.91106744,41.11514865,0.378678918,14.91106744
118.4836684,3.85E+12,1066.353016,-1,-9.48E+11
51.54044279,7.159903864,20.52909039,0.433614946,7.159903865
97.19575673,52.30083217,133.0397019,0.271869839,52.30083215
71.75738294,37.66379659,96.16624175,0.276640308,37.66379659
53.10866214,16.84276614,45.6974967,0.356591201,16.84276614
60.64826226,31.739793,81.07589994,0.277196419,31.739793
56.65978304,25.31741704,66.10613409,0.305546572,25.31741704
85.28784949,49.24326965,123.8866878,0.257904773,49.24326963
32.98096012,23.21834656,56.41618401,0.214905288,23.21834656
63.93970946,42.09888159,103.5666827,0.230040785,42.09888159
73.43482344,49.84464791,121.943749,0.223238142,49.84464791
68.50521254,46.73250604,114.2239618,0.222103965,46.73250603
69.23815263,47.87692531,116.7261133,0.219022656,47.8769253
49941.32369,29941.96825,74864.42541,0.25015872,29941.96825
82.81330323,37.19715131,97.05943144,0.304662158,37.19715131
81.32358007,41.08043766,105.480267,0.283825989,41.08043766
0,12.45569594,0,-1,#DIV/0!
79.80279436,48.83431174,121.6822888,0.24586878,48.83431174
41.74717574,19.37395632,50.33535453,0.299046867,19.37395632
2632505967,7086082397,11204742813,-0.209383819,7086082398
79.97720724,30.76712343,81.81056565,0.329512748,30.76712343
-1224757.014,-250723.2568,-704122.1963,0.404182056,-250723.2568
102.2622468,56.91296483,144.0210925,0.265274907,56.91296482
117.7220116,55.84323014,144.6563722,0.295200617,55.84323012
61.92585235,20.02197766,54.22219398,0.354066888,20.02197766
65.53296714,39.5927011,98.86737874,0.248555617,39.5927011
135.4862621,59.83081138,156.4613006,0.307531162,59.83081136
110.2579484,62.38407821,157.4559753,0.261988474,62.3840782
106.1797257,38.73426729,103.6045233,0.33737554,38.7342673
119.3803437,41.17976212,110.7993577,0.345313231,41.17976213
57.91604159,46.52372427,110.0922776,0.183184271,46.52372428
161.0397109,85.23220582,217.3513454,0.27505409,85.23220584
139.7062742,78.51958273,198.3912498,0.263323383,78.51958272
80.52206633,42.41192072,108.2331958,0.275976117,42.41192071
133.0252321,92.28785773,224.8630822,0.218270137,92.28785772
155.1138831,-6.68E+13,1396.024948,-1,-6.50E+12
151076.5548,-5.98E+12,1359689.096,-1.000000114,-5.99E+12
171.9446478,85.4612397,219.9442613,0.286807107,85.46123972
108315.0931,64972.77793,162438.7259,0.250052184,64972.77794
142.5290193,76.64398039,194.9818928,0.271997434,76.6439804
157.4113162,87.02657977,220.4530982,0.266584869,87.02657976
101.1323626,52.89616804,135.1292207,0.277306332,52.89616802
190.9944467,88.2661126,229.4520403,0.299774248,88.26611262
111.0329357,67.56008325,168.5038097,0.247066327,67.56008325
83.09489178,18.03813257,50.46292223,0.398784548,18.03813257
184.1565182,42.4144335,118.1710232,0.393052004,42.4144335
171.5193857,20.50490261,59.15731637,0.442516394,20.50490261
229.2127489,134.0598197,336.563988,0.255275401,134.0598197
57.61063412,48.51515504,113.6446082,0.17122792,48.51515503
86.35573851,50.05228197,125.843618,0.257121684,50.05228197
142.7822547,76.80039804,195.3719893,0.271946463,76.80039805
49.42882333,42.78301923,99.60998362,0.164129898,42.78301923
195.8402986,96.55027822,248.7693157,0.288288963,96.55027822
32.98001731,28.929591,67.15343463,0.160635742,28.929591
60.20627954,28.88756193,74.71329573,0.293174133,28.88756194
123.7117449,44.25918394,118.6304525,0.340178941,44.25918393
139.5431011,65.15682057,169.1442957,0.297978433,65.15682056
123.4012832,51.38219227,135.3594533,0.317182542,51.38219228
174.3679254,44.43906584,122.8783526,0.382548781,44.43906584
70.37913823,48.0308053,117.388236,0.222009867,48.0308053
64.21502259,41.28079965,101.9879828,0.23529563,41.28079966
203.4043595,71.88636053,192.9308024,0.341915218,71.88636053
141.3924677,55.21636763,146.5697107,0.327230647,55.21636763
80.97049726,58.14502817,140.745288,0.210295122,58.14502818
81.06353537,59.30671035,143.0376475,0.20591453,59.30671037
30.70874661,19.5585085,48.40012281,0.237316302,19.5585085
73.20333676,50.09041669,122.3619523,0.221410804,50.0904167
81.64737066,59.18171119,142.9953087,0.208103871,59.18171117
80.87558252,59.61891054,143.5766765,0.204120263,59.61891055
48.14599488,34.30894243,83.17090393,0.212087841,34.30894243
69.51444974,19.32488696,53.05798716,0.372789069,19.32488696
71.49742592,51.19281072,123.9865885,0.210976568,51.19281073
89.43454461,62.30480021,151.6894542,0.217317555,62.30480022
78.28791786,58.52975893,140.5605607,0.200761487,58.52975891
40.02930069,21.97583802,55.7291878,0.26796502,21.97583802
59.5698641,38.87018508,95.77831652,0.232028048,38.87018508
52.27103676,28.91500378,73.24015053,0.266473127,28.91500378
156.9029269,94.55260631,236.2097061,0.24909146,94.55260632
90.67429792,48.56305841,123.6198616,0.272776732,48.56305841
94.05948365,63.13117623,154.7676877,0.225762745,63.13117622
51.23504555,38.77507799,92.8915526,0.197825477,38.77507799
77.27758923,51.55340513,126.5245422,0.227121098,51.55340512
39.83263163,18.20755722,47.40040554,0.30166845,18.20755722
64.82670364,36.88964997,93.02386609,0.260839642,36.88964997
93.43526793,52.19185249,131.9980357,0.264546374,52.19185251
83.49019539,46.02833703,116.6487665,0.267140788,46.02833702
77.51241403,39.98666647,102.3586062,0.27990922,39.98666649
82.00162021,57.28904452,139.4032307,0.216665698,57.28904451
68.89609878,54.79782181,129.9426736,0.185655463,54.79782182
167.5470578,55.29238325,149.438377,0.35134686,55.29238324
90.6891707,54.98858556,137.2297392,0.247802047,54.98858554
103.6246577,71.10822809,173.6130426,0.220766198,71.1082281
118.6723719,78.98847117,193.9371484,0.22762946,78.98847119
86.87447796,51.9307006,129.9073283,0.25077581,51.93070063
61.80465928,40.48908263,99.69641651,0.231151832,40.48908263
33.6071832,23.41576231,57.00735322,0.217285871,23.41576231
111.1246892,75.23799392,184.1531254,0.223804064,75.23799391
126.6761454,83.11724162,204.6024622,0.230806378,83.1172416
98.51270586,75.90475712,181.1806113,0.193473362,75.90475712
77.81047632,54.39619702,132.3477754,0.216516803,54.39619701
83.69458685,56.03730439,137.4382163,0.226310025,56.03730439
144.1723589,88.44065519,220.2794467,0.245351735,88.44065519
154.8710538,91.38659175,229.0976555,0.25345333,91.38659175
82.63466835,56.87219031,138.7789857,0.220095313,56.8721903
73.26785585,46.83043294,115.8160198,0.236546542,46.83043292
72.78962864,44.49374314,110.8873767,0.246100787,44.49374316
86.27553322,55.39535352,136.8885036,0.235559437,55.39535353
71.80369962,46.87848111,115.4999577,0.231908063,46.87848112
64.55001498,41.24685893,102.012278,0.236606625,41.24685894
65.89029169,42.29518949,104.521368,0.235617683,42.29518947
98.76559357,60.17634599,150.0538716,0.246784506,60.176346
76079626.61,961402788.3,553350226.4,-0.712217276,961402788.3
58.43764704,55.40196472,126.2945887,0.139802436,55.40196473
199.840421,-5.82E+13,1798.563789,-1,#DIV/0!
99.37965469,132.6610848,275.4278128,0.038088197,132.6610848
168.8847886,2.57E+13,1519.963097,-1,1.93E+12
183.6034945,-2.15E+12,1652.431451,-1,-1.82E+12
4E+14,1.01E+16,3.22E+15,-0.840076466,1.01E+16
151.9629262,109.7954056,265.4546199,0.208860327,109.7954056
67.98816225,21.00536144,57.13229305,0.359945489,21.00536144
65.24999016,23.44430075,62.81032557,0.339564917,23.44430075
48.48322301,42.99611947,99.55814979,0.157757386,42.99611947
86.61028905,32.50636113,86.67547459,0.333207895,32.50636113
61.01004072,38.29821485,95.01350397,0.240442986,38.29821485
58.79412535,45.51194299,108.5314578,0.192340413,45.51194297
95.06204423,41.26137932,108.1384244,0.310407288,41.26137933
167.4704063,103.0325516,256.4963702,0.244734631,103.0325516
58.53444227,48.43659512,113.894352,0.175705597,48.43659513
213.5622356,85.05947777,225.2708089,0.324195815,85.05947775
40.13513756,26.20407755,64.56156624,0.231899236,26.20407755
168.2002071,90.63777295,230.508702,0.271592927,90.63777296
154.0316548,99.70984919,246.0396463,0.233778049,99.70984918
41.26240976,21.56116809,55.0882701,0.277488072,21.56116809
132.6441372,66.95129269,171.9274462,0.28397406,66.95129267
150.6839465,46.32261072,126.0511331,0.360578896,46.32261072
197.3470506,100.3979768,257.5232885,0.282512341,100.3979768
179.2475577,54.0891093,147.4372774,0.362910938,54.08910931
160.7435271,50.17027521,136.3275848,0.358648964,50.17027519
121.8125769,47.06285532,125.0801354,0.328862587,47.06285533
188.4551882,89.31000245,231.3793389,0.295371921,89.31000246
189.2492982,47.63252403,131.8368171,0.383894931,47.63252403
134.5930839,32.90017494,91.26425845,0.386987434,32.90017494
88.21047488,47.27745693,120.3341891,0.272638134,47.27745692
47.44467542,15.11656382,40.99574459,0.355987547,15.11656382
77.80386507,23.91146335,65.06855042,0.360614143,23.91146335
206.9442362,107.430944,274.7493042,0.27872517,107.430944
52.42786888,29.08534962,73.63858413,0.265905088,29.08534962
38.7152464,21.09532246,53.55828186,0.269435012,21.09532246
201.0758604,89.26715244,233.2800778,0.306640077,89.26715244
227.4465834,99.73570904,261.0501506,0.308709554,99.73570906
62.04640313,28.87184242,74.98473046,0.298578895,28.87184242
54.86434591,19.24661542,51.69492288,0.342961393,19.24661542
64.3801352,23.88863855,63.77756521,0.334893261,23.88863855
58.54419267,23.78713322,62.84928664,0.321077367,23.78713322
66.22814602,25.05457375,66.74679395,0.332028128,25.05457375
71.25918355,22.80729199,61.82585871,0.355396746,22.80729199
73.85175483,21.3390188,58.39295873,0.368220331,21.3390188
64.27561204,22.50781997,60.46558123,0.343212743,22.50781997
220.426622,-14.82652779,-45.49973089,0.53440278,-14.82652779
227.3452096,112.4012891,289.4944161,0.287771779,112.4012891
34.6510589,23.57024065,57.64121074,0.222753972,23.57024065
184.9581993,79.83090743,209.3702148,0.311335556,79.83090743
162.4509341,60.00698749,160.2852861,0.335555182,60.00698747
223.6054217,102.3636857,266.434322,0.301410359,102.3636857
197.7893155,90.5793514,235.7501107,0.301345765,90.57935139
243.003464,98.46968648,260.2555395,0.321500803,98.46968649
224.3291718,112.7281437,289.6644573,0.284792102,112.7281437
236.8807561,105.8426355,276.3661038,0.305551882,105.8426355
228.1061298,116.9956146,299.7411133,0.280992943,116.9956146
37.31546476,27.32718477,65.89576764,0.205681599,27.32718477
47.09191915,21.36763648,55.68124758,0.302934174,21.36763648
210.4643054,127.2638835,317.7465011,0.248376571,127.2638835
191.6423328,92.12238272,238.1996587,0.292843562,92.1223827
56.20480325,17.72135844,48.10793585,0.357343344,17.72135845
199.9198545,68.51938177,184.4820406,0.346203336,68.51938178
64.67640402,27.00632417,71.12000028,0.316728627,27.00632417
172.9000669,12.39008637,36.30309446,0.465005706,12.39008637
38.78038701,34.41019151,79.66737738,0.157613107,34.41019151
205.0664415,90.94536491,237.6971514,0.306812896,90.94536489
50.349812,26.43269719,67.48810032,0.276602607,26.4326972
43.25159159,18.91758708,49.53134302,0.309134796,18.91758708
54.43239106,16.12415154,44.02534154,0.365198703,16.12415154
49.77024591,23.16868529,60.16949904,0.298509136,23.16868529
59.60159338,28.39644912,73.5143444,0.29442847,28.39644913
48.49129738,38.44434577,91.22502489,0.186455681,38.44434577
46.9331106,38.03170527,89.83069344,0.180997444,38.03170527
40.84287133,32.98986039,77.97533802,0.181807639,32.98986039
158.4058886,84.94468576,216.1902626,0.272535537,84.94468577
143.4499899,64.92410602,169.2401547,0.303369157,64.92410604
123.1769545,58.09172782,150.6002263,0.296227811,58.09172781
85.14173844,74.35812942,172.7765351,0.161786455,74.35812939
151.5387544,71.01526075,184.2623073,0.297343032,71.01526073
101.9096407,55.66658556,141.2763981,0.268951532,55.66658557
109.6023749,62.85228697,158.297841,0.259284655,62.85228697
148.8188144,64.45691335,168.9750556,0.310759753,64.45691336
176.7088427,80.05125362,208.6471898,0.303210009,80.05125361
224.1236595,96.07025612,252.1787582,0.312470521,96.0702561
197.9969839,77.60297201,205.9077438,0.326674343,77.602972
120.9530609,56.76201689,147.2515145,0.29709551,56.76201687
91.21895572,36.81785749,97.35536007,0.322121474,36.81785749
113.2327333,30.92183674,85.02583162,0.374850924,30.92183674
124.6218856,64.43422456,164.8853539,0.279485825,64.43422456
23.22200205,16.97316686,40.94404549,0.206140428,16.97316686
128.0931425,74.22596304,186.6292818,0.257169824,74.22596303
197.4185839,60.84133513,165.5204015,0.360262732,60.84133514
72.83919724,36.28042355,93.34347568,0.286416565,36.28042355
49.185498,23.04486188,59.79587335,0.29737973,23.04486188
58.83497959,28.36831542,73.32066543,0.292298544,28.36831541
55.30418013,28.6202453,73.22864762,0.279315513,28.6202453
64.58028286,30.86242142,79.86497768,0.293887096,30.86242142
50.67654588,24.71309286,63.77273693,0.290262156,24.71309286
47.47680948,24.05102921,61.72936812,0.283299928,24.05102921
53.3067742,24.79642543,64.40324004,0.298639601,24.79642543
71.54989451,33.72335548,87.43349452,0.296334443,33.72335548
72.76539193,34.27493571,88.87105909,0.296443848,34.27493571
197.4252402,80.87385602,213.4724124,0.319786288,80.873856
205.4039948,100.7425036,259.7601623,0.289228245,100.7425036
70.78190193,28.42642746,75.21090236,0.322904584,28.42642746
160.2792139,101.5950425,251.6207726,0.238351628,101.5950425
85.64133327,47.91891095,121.1593037,0.264211783,47.91891095
134.3280108,86.91373704,214.4825946,0.233882018,86.91373705
172.2184638,139.1789232,328.9285393,0.181675112,139.1789232
118.3157964,79.01246225,193.8792294,0.226890188,79.01246227
64.61669988,24.87150509,66.1298697,0.329430395,24.87150509
68.82841381,28.81604797,75.86131769,0.316303293,28.81604797
63.41888938,19.86916777,53.97111177,0.358162365,19.86916777
66.60531007,21.56100349,58.38320954,0.35390752,21.56100349
39.826968,22.6613837,57.14561066,0.260858812,22.6613837
118.2856179,56.7859413,146.8570375,0.293075664,56.78594129
81.59521368,58.60096694,141.8455022,0.210265885,58.60096693
112.7763388,68.98601096,171.906026,0.245948444,68.98601094
109.0586107,73.23967123,179.5303892,0.225636231,73.23967126
110.9089647,50.69340932,131.9731414,0.30167948,50.69340934
123.0301139,66.19836178,168.3929018,0.271881186,66.19836177
129.4102134,69.5458762,176.9411868,0.272118467,69.54587618
88.00043945,53.18236701,132.7957488,0.248494156,53.182367
115.6262219,82.88650828,200.7018935,0.210703031,82.88650827
50.48551858,31.33368534,77.88750699,0.242871787,31.33368534
88.8829733,45.86641215,117.4044407,0.279852023,45.86641214
64.34816621,51.06589775,121.1499892,0.186212272,51.06589775
75.12772642,59.16791354,140.5946363,0.188098649,59.16791356
74.90269011,28.68785143,76.31999392,0.330179678,28.68785143
76.43723979,59.36107993,141.463186,0.191548285,59.36107992
72.93026819,57.45048585,136.5071601,0.188041825,57.45048583
68.69517023,53.7582557,127.9091402,0.18966974,53.75825571
73.96322997,58.11898339,138.167183,0.188657947,58.11898339
57.12614166,35.82614046,88.89515795,0.24064659,35.82614045
124.0771649,19.40236033,55.32338046,0.425686863,19.40236033
71.33747826,52.36685826,126.2165543,0.205118643,52.36685824
101.6142991,32.9529647,89.21492264,0.353670656,32.95296469
86.58385703,55.50936918,137.2067771,0.235888456,55.50936917
73.5626236,42.58502522,107.0903844,0.257371386,42.58502523
113.6369119,44.83106909,118.8623522,0.325669391,44.83106911
56.01662598,31.33846014,79.23870251,0.264240523,31.33846014
57.71754376,16.545358,45.30684194,0.369170796,16.54535799
118.0895784,65.8779432,166.6453418,0.26480377,65.87794318
86.45736184,28.2885191,76.51988569,0.352490129,28.2885191
81.01751531,52.63529866,129.7971179,0.23298548,52.63529864
103.1043264,50.00019828,129.1272733,0.291267612,50.00019828
80.57045689,55.52474605,135.457588,0.219794754,55.52474608
145.8577162,73.9115643,189.6931527,0.283244066,73.91156432
109.0981755,27.7416983,76.7220811,0.382793516,27.7416983
101.71033,66.94341415,164.69698,0.230120857,66.94341415
42.46674286,1.656943943,4.907012131,0.480741745,1.656943943
125.9871285,55.76869278,145.7939865,0.307131109,55.76869279
121.5690811,60.06284264,154.7097206,0.287898755,60.06284266
115.1154818,68.50378934,171.4934884,0.251708045,68.50378934
132.2730201,59.60206975,155.4566764,0.30412146,59.60206974
129.8157704,55.66503097,146.1109562,0.312412421,55.66503098
134.0835105,72.4898877,184.263408,0.270959398,72.48988769
98.22328996,46.11209704,119.6176467,0.297031086,46.11209706
114.0661145,47.50502755,125.1424258,0.317149282,47.50502754
52.22388066,37.18271433,90.15237549,0.21228879,37.18271433
115.2999533,69.16017421,172.9086826,0.250059623,69.1601742
95.75551176,63.75605371,156.5282226,0.227555765,63.7560537
80.49004779,41.92411795,107.1661373,0.278096505,41.92411795
146.2941137,70.28617751,181.7513908,0.292938364,70.28617752
108.9752288,31.80388856,86.95275347,0.367014497,31.80388856
95.82717484,30.19817386,81.98273704,0.357412164,30.19817386
64.74707764,37.01192066,93.26455864,0.259925951,37.01192065
77.69420565,42.03847526,106.8450014,0.270800151,42.03847527
115.7263497,35.32931742,96.19867094,0.361456688,35.32931742
88.09133062,21.97520258,60.86453295,0.384845776,21.97520258
112.5129204,47.79507949,125.6003773,0.313946735,47.7950795
142.6465863,67.7876361,175.5542962,0.294884335,67.78763609
131.4529998,72.95232736,184.6910518,0.265833857,72.95232735
108.7635444,44.87340503,118.3447498,0.318651322,44.87340505
81.82956516,43.515371,110.8897718,0.274144851,43.515371
73.74918289,62.2293417,145.705944,0.170717382,62.22934169
115.3345157,47.30927792,124.8561725,0.319573855,47.30927794
112.2172323,48.98103304,128.2791626,0.309477921,48.98103304
136.151599,71.63286458,182.8340291,0.276188173,71.63286459
79.34888319,44.17893885,111.7898108,0.26519348,44.17893886
120.8299421,17.53443851,50.1761821,0.430789531,17.53443851
103.7919242,56.2503697,142.9305507,0.270485434,56.2503697
94.70750267,30.69633691,83.10989355,0.353742855,30.69633691
108.705851,40.38245345,107.7988541,0.334723931,40.38245347
122.0500894,48.40767692,128.2654266,0.32484592,48.40767694
132.9770128,63.58748475,164.5362513,0.293778579,63.58748474
136.2287575,71.89115238,183.4101577,0.275610083,71.89115239
123.7753085,66.50978947,169.2196978,0.272141283,66.50978945
96.28525011,54.34366307,137.2159651,0.262483584,54.34366309
112.578913,70.72804438,175.4432208,0.240266307,70.72804436
102.8531768,48.84656265,126.5121613,0.294995538,48.84656264
101.8043562,48.40476571,125.347961,0.294789461,48.40476572
135.7428662,58.3580159,153.129744,0.311985523,58.35801589
134.1523604,54.35509369,143.6624956,0.321518241,54.35509369
134.9795823,71.10685899,181.4569152,0.275945231,71.106859
81.28669181,43.88816624,111.5826613,0.271215807,43.88816624
129.9843258,67.44154534,172.4924333,0.278829188,67.44154533
249.5470279,-47.31874231,-151.5341196,0.601206121,-47.31874231
102.694626,56.25008695,142.6966459,0.268412669,56.25008696
133.5388655,67.96989293,174.3319608,0.282420446,67.96989293
116.167311,46.2226547,122.4298031,0.324348459,46.22265472
131.9451902,70.1543064,178.7779388,0.274176512,70.1543064
78.09618327,56.80969133,137.1687456,0.207265366,56.80969132
53.36755209,2.798174891,8.250330515,0.474234248,2.798174891
43.34159868,33.57914483,80.06142336,0.192130171,33.57914483
64.74217372,26.92077933,70.93094926,0.317401484,26.92077933
60.18640622,32.42573277,82.46730487,0.271633635,32.42573277
46.54857936,12.10617794,33.42118239,0.380335831,12.10617795
83.3076123,42.07412332,108.0348671,0.283863555,42.07412334
96.68529573,65.78481985,160.8692365,0.222692689,65.78481985
76.53661871,32.9197353,86.37535652,0.31190843,32.9197353
41.39153806,37.25720056,85.97558998,0.153811729,37.25720056
157.6624095,78.6570409,202.3248197,0.286120208,78.65704091
136.7769448,62.79103939,163.3729131,0.300925376,62.7910394
77.78959599,36.94219545,95.68041152,0.295001696,36.94219545
67.54793181,38.42249533,96.8955086,0.2609216,38.42249533
97.01991403,44.1330957,114.9669623,0.30250281,44.13309569
101.4377409,48.8234686,126.2199095,0.292615141,48.8234686
100.9267291,46.41070281,120.7268719,0.30063611,46.4107028
111.4338096,54.63581526,140.8826081,0.289288056,54.63581528
373490345.2,36000061.75,104638222,0.453306146,36000061.75
49816539.76,14748152.06,40270443.84,0.365270838,14748152.06
116082576.5,444097148.5,585562529.3,-0.340726988,444097148.3
47.17222808,29.97427831,74.2055514,0.237820485,29.97427831
76.62893565,50.87004007,124.9588518,0.228216566,50.87004006
69.1739007,25.67009772,68.53288636,0.334877785,25.67009772
73.34605629,52.21738561,126.6069807,0.212306775,52.2173856
95.28879292,41.02817107,107.636313,0.31173667,41.02817108
92.97896362,53.34802316,134.3491481,0.259176444,53.34802314
86.37640417,55.03154509,136.1750053,0.237244975,55.0315451
74.43529997,40.39257445,102.616068,0.270234311,40.39257448
70.9998598,26.99144199,71.86726101,0.331297176,26.99144199
303726.8031,181518.6038,454094.4771,0.250820764,181518.6037
5.97E+11,3.58E+11,8.95E+11,0.249984204,3.58E+11
28.2037223,21.1456504,50.75298787,0.200081031,21.1456504
54.44958888,8.67564229,24.71432066,0.424351064,8.67564229
78.39154758,52.59305629,128.9431017,0.225856708,52.59305631
10754.37555,6426.463188,16077.02201,0.250845258,6426.46319
157.7784879,88.41485129,223.4972559,0.263912412,88.41485129
92.2992152,41.84137407,109.0463726,0.303092633,41.84137406
9160170.082,-32975999.59,494695142.3,-8.50083619,-32975999.59
728179904.9,-1.94E+13,6554356979,-1.000168877,-1.94E+13
141.7669751,85.13118237,212.7983531,0.249826134,85.13118235
108.2308752,35.37574046,95.7005097,0.352629068,35.37574046
39.16939696,24.14442083,60.08714934,0.244327826,24.14442083
205.6935912,61.75783623,168.4181165,0.363536409,61.75783623
208.3620387,73.44687975,197.1730401,0.342283299,73.44687975
136.45739,55.03159441,145.5311409,0.322250813,55.03159442
197.1217202,97.62342468,251.3732162,0.287463624,97.62342466
127.3134301,88.02684474,214.6171261,0.219043615,88.02684472
298.9003613,107.2456446,287.367695,0.339763941,107.2456446
214.6910792,109.7598549,281.3356928,0.281596505,109.7598549
141.5089606,92.28552945,227.4191981,0.232149826,92.28552943
141.7412609,101.2525546,245.338629,0.211518218,101.2525546
203.3812547,142.9365347,347.4204629,0.215296227,142.9365348
221.5135859,84.45962015,224.8070694,0.330855319,84.45962016
203.6375663,106.3438863,271.7305018,0.277602837,106.3438863
183.654633,118.7797192,293.1420416,0.233973458,118.7797192
226.984364,115.9661227,297.2728793,0.281722939,115.9661227
201.7445424,142.792137,346.6027795,0.213661994,142.792137
108.3407269,83.19549693,198.7203151,0.194297302,83.19549695
290.9570697,136.1684701,353.378186,0.297577133,136.1684701
257.3690475,105.8302405,279.2190633,0.319183732,105.8302405
209.0832434,107.7436148,275.8480213,0.280113081,107.7436148
108.5005104,70.97564925,174.8096762,0.231476415,70.97564926
251.3630916,131.8149927,336.6061411,0.276812804,131.8149928
192.1298385,52.57371262,144.5375599,0.374618157,52.57371264
246.8285969,155.8288024,386.2115429,0.239217452,155.8288024
54.22844684,46.08615495,107.7380098,0.168876097,46.08615493
227.2440415,106.637029,276.6390136,0.297105781,106.637029
210.8326813,109.5864585,280.2102203,0.278489259,109.5864585
177.6877109,99.49222776,251.5304205,0.264070703,99.49222774
258.139338,104.526352,276.2874183,0.321616095,104.526352
151.5611749,99.58554512,245.0790192,0.230494942,99.58554513
196.0621476,65.68955794,177.2708007,0.349307305,65.68955792
225.9787313,99.35340972,259.9620738,0.308269513,99.35340971
40.12086759,19.03490707,49.30699897,0.295173094,19.03490707
93.2719896,69.46983268,166.9587065,0.20166337,69.4698327
45.19462321,33.69562767,80.96521426,0.201420182,33.69562767
69.41345548,44.11652492,109.2124879,0.237773013,44.11652492
90.72349366,67.16237204,161.6078279,0.203112866,67.16237205
214.7311863,109.1505345,280.0077888,0.282667969,109.1505345
226.7898929,80.83867747,216.7613554,0.340703251,80.83867746
161.1521833,47.84037877,130.597844,0.364933215,47.84037878
69.69653958,41.88456014,104.6835983,0.249668111,41.88456013
202.3565947,48.57478926,134.9280755,0.388869386,48.57478927
37.60442679,22.85010785,57.00422916,0.247351425,22.85010785
167.3125256,98.67785086,247.3968486,0.253558151,98.67785085
152.2594299,63.98430656,168.3683256,0.315700166,63.98430657
173.8743341,72.05104327,189.9197807,0.317953024,72.05104328
146.3411964,103.0214362,250.3233416,0.214909007,103.0214362
201.3005667,99.4631929,256.1941542,0.287884225,99.46319289
141.8676339,96.28472778,235.5625458,0.223260174,96.2847278
79.01040806,54.63186797,133.1960631,0.219032664,54.63186796
76.52353811,51.9073379,127.0053234,0.22338506,51.90733791
97.32469762,71.05759565,171.4476534,0.206399202,71.05759567
142.6441216,98.86072312,240.9240212,0.21850222,98.86072311
92.8313079,69.51651336,166.8909134,0.200368843,69.51651338
53.80507238,38.87229573,93.98359338,0.208876291,38.87229573
32.54423933,22.54509566,54.94705469,0.218603272,22.54509566
91.13919748,68.79085114,164.8874765,0.198469519,68.79085114
44.39031899,31.79422429,76.99928996,0.210900591,31.79422429
94.17659728,70.22062478,168.7262515,0.201400956,70.22062479
65.90508579,46.48061851,112.9002783,0.214487693,46.48061849
101.2750971,74.40025574,179.2952344,0.20493695,74.40025573
89.2084155,68.44716329,163.520019,0.194498144,68.44716328
183.2987376,41.79001006,116.5153119,0.394056997,41.79001007
52.35682918,37.58995148,90.99340424,0.210342135,37.58995148
80.30539226,29.50231454,78.85094829,0.336351902,29.50231454
197.3757648,61.46966691,167.0656523,0.358927587,61.46966692
191.1703845,34.05345158,96.43435843,0.415926344,34.05345158
194.1397304,100.9553828,258.1235298,0.278403997,100.9553828
193.7457522,67.83262341,182.2308313,0.343238859,67.8326234
187.9102028,103.1982557,261.6891482,0.267895211,103.1982557
161.1951554,99.32576264,247.2031393,0.244405946,99.32576265
103.1214068,61.90571877,154.7505931,0.249889317,61.90571878
84.49705236,49.30803786,123.8360449,0.255738925,49.30803784
89.51695015,53.81768965,134.4993496,0.249583088,53.81768965
135.4151925,61.11517587,159.3700567,0.303850103,61.11517589
98.98697271,75.69642934,180.9615292,0.195310867,75.69642934
51.31078897,39.39127232,94.09493543,0.194362734,39.39127232
18.66118944,-2.57852863,-8.109079287,0.572423744,-2.57852863
51.78236499,41.78369177,98.78175663,0.18206114,41.78369177
86.24763838,45.89728043,116.9471033,0.274009072,45.89728045
64.74540302,37.91788722,95.17419835,0.255003975,37.91788722
90.46018394,50.95976332,128.7101368,0.262860426,50.9597633
85.37854779,52.81153897,131.3517483,0.243589477,52.81153897
49.75716877,40.17359802,94.96323768,0.181911036,40.17359802
92.50463035,60.28403346,148.5769048,0.232307265,60.28403345
100.383077,58.71244855,147.4000406,0.255270767,58.71244853
74.02846835,43.42216526,108.9621944,0.254684027,43.42216528
151.9263367,98.57155414,243.1323152,0.233278289,98.57155415
92.20047354,50.76794963,128.684797,0.267382256,50.76794961
68.09474958,39.69513341,99.71035793,0.255951919,39.69513341
103.5700824,60.16375486,151.2116922,0.256667678,60.16375487
127.0857823,89.38816998,217.2328981,0.215109886,89.38817
96.95945011,69.49130954,168.2731906,0.210749888,69.49130957
96.74174952,48.30223305,124.2309268,0.285974984,48.30223306
88.36506249,32.02300457,85.71482285,0.33833199,32.02300457
80.33689771,44.46432783,112.6162818,0.266366628,44.46432783
88.64496467,53.59393072,133.8141837,0.248408,53.59393071
156.4148883,94.03937351,235.0189494,0.249577388,94.0393735
134.8269074,95.37495468,231.5308138,0.213792523,95.37495468
85.52981879,52.54525999,130.8415941,0.24503708,52.54525998
35.49579724,25.51021516,61.74012556,0.210105936,25.51021515
2520579.449,-74217.60611,-224859.7917,0.514868261,-74217.6061
69.48797683,44.83718699,110.7014804,0.234482891,44.83718698
67.46574357,34.60755376,88.66242584,0.280969271,34.60755376
65.21100344,36.12916397,91.49107867,0.266166562,36.12916396
100.7332125,41.87336428,110.3322444,0.317451395,41.87336429
-32.66666667,-1.59E+17,-294,-1,-9.60E+11
177.9625041,6.22E+13,1601.662537,-1,-8.55E+12
201.8526817,9.43E+13,1816.674135,-1,3.67E+12
82.6858965,23.34087162,64.00051637,0.370996709,23.34087162
68.75649072,24.29112996,65.19568187,0.341964782,24.29112996
78.26133985,28.20183114,75.53264849,0.3391444,28.20183113
44.93378064,41.97843701,96.03049073,0.143807364,41.97843701
220.3389749,110.2727273,283.5204864,0.285542188,110.2727273
226.0392551,121.4633563,309.0360347,0.272136898,121.4633563
198.3791705,99.49102551,255.7230441,0.285156339,99.4910255
218.8384397,123.5890038,312.0277836,0.262360622,123.5890038
39.27790997,26.85326784,65.60825975,0.221606624,26.85326784
222.2183319,107.1809764,277.0072829,0.292240901,107.1809764
227.0750769,64.33323578,176.3460226,0.370567021,64.33323579
149.8377965,79.06382669,201.7127165,0.275632138,79.06382668
216.418022,102.4506591,265.4626402,0.295563359,102.4506591
232.7326931,118.5213604,303.9650418,0.282321772,118.5213604
206.7137801,100.4112211,259.2558235,0.290970375,100.4112211
218.6928367,116.7374736,297.3111945,0.273417975,116.7374736
243.6265416,64.58945015,178.0350032,0.378204976,64.58945016
200.0827082,96.90115785,250.2967717,0.291505578,96.90115784
237.1814261,94.03792442,249.1818222,0.324900691,94.03792443
105.395768,63.94135544,159.5573837,0.247685341,63.94135544
39.95333761,23.2506033,58.41951531,0.256301064,23.2506033
142.6101645,-12.16054556,-37.54891761,0.543882938,-12.16054556
219.3071276,132.1656516,330.1709981,0.249080204,132.1656516
56.49438076,17.25776075,46.98862658,0.361376695,17.25776075
64.6486694,30.61102235,79.31462546,0.295523955,30.61102234
246.9435517,114.2580996,296.9723398,0.299568,114.2580995
200.7157601,44.35579831,123.9378011,0.397086805,44.35579832
62.30569281,24.80817482,65.70408802,0.324242684,24.80817482
54.97836813,28.02685285,71.86823714,0.282131774,28.02685285
55.75534355,32.31171841,81.24131434,0.257149392,32.31171841
67.21139533,26.38094837,69.9861577,0.326452649,26.38094837
245.128655,87.34346912,234.2124592,0.340755419,87.34346914
247.4121264,125.7737676,322.6478384,0.28265156,125.7737676
252.1589757,111.0615855,290.5307108,0.307971202,111.0615855
139.6013247,55.86583747,147.8722736,0.323458846,55.86583747
208.5006857,50.0698055,139.0766908,0.388827951,50.06980552
242.883789,133.2002051,337.8418558,0.268173182,133.2002051
75.34223696,23.51951673,63.90846768,0.358626294,23.51951673
258.7652255,109.4388928,287.7507854,0.314664184,109.4388928
286.5466108,125.5355046,328.6176056,0.308863205,125.5355046
250.0459664,120.4171811,311.282399,0.29251655,120.4171811
74.42822957,22.91279275,62.34112266,0.360399916,22.91279275
68.26854908,27.97432223,73.837528,0.319737568,27.97432223
207.7788464,108.792702,277.8790787,0.27710349,108.792702
228.9205408,87.16514056,232.0439461,0.331059324,87.16514057
283.8812788,135.9662468,351.7425086,0.293492013,135.9662468
244.9968571,131.2620973,334.1163868,0.272707025,131.2620973
253.029462,138.1837526,350.7085884,0.268993575,138.1837526
196.8009615,94.76132349,244.9662055,0.292543184,94.76132349
57.83011888,18.20420428,49.42634591,0.357553045,18.20420428
226.5233577,134.9500018,337.7742996,0.251479418,134.9500018
268.2800131,109.0246428,288.0537989,0.321049038,109.0246428
230.9662355,129.9231788,328.2251147,0.263150723,129.9231788
40.87508655,30.32136066,72.9306352,0.202628009,30.32136066
228.5173098,109.0710743,282.2994743,0.294107884,109.0710743
213.9928406,100.245999,260.1198551,0.297407665,100.245999
179.2027772,76.32792079,200.5152456,0.313511776,76.32792078
66.6129175,22.39564722,60.41618499,0.348837665,22.39564722
48.8152678,24.26815537,62.45481392,0.286764754,24.26815536
286.2588435,149.6572434,382.3418005,0.277391564,149.6572434
171.8672308,117.9706553,288.013846,0.220701221,117.9706553
247.2214442,122.5204976,315.4501672,0.287336297,122.5204976
186.5129892,103.1782639,261.3434049,0.266465412,103.1782639
286.172686,100.3636665,269.5765844,0.342998885,100.3636665
179.1888315,-18.36957277,-57.05850571,0.553071114,-18.36957277
204.4898996,66.28573936,179.4658356,0.353728851,66.28573938
49.65500018,16.89291447,45.51702606,0.347222415,16.89291447
170.7368571,40.69985437,113.1117882,0.38958468,40.69985436
203.6897894,104.3718929,267.4369097,0.281173036,104.3718929
189.3268346,116.6869122,290.4003738,0.244357093,116.6869122
45.2301999,33.62068775,80.83355845,0.202140168,33.62068775
27.66177488,18.06244521,44.50126555,0.231872679,18.06244521
192.89965,102.1148414,260.3960977,0.275015923,102.1148414
169.5367542,95.09705134,240.3515833,0.263717328,95.09705133
215.374374,83.80704472,222.5541778,0.327777269,83.8070447
221.306954,116.7697789,297.9127257,0.275641388,116.7697789
189.8599792,100.4029532,256.0700068,0.275211529,100.4029532
44.149525,35.0428253,83.13332387,0.186167541,35.04282531
31.11588194,19.41484966,48.21631079,0.241737939,19.41484965
124.9730008,65.88206894,168.1060313,0.275810201,65.88206895
163.3042555,87.98101873,223.7592377,0.271633592,87.98101873
105.9192743,61.70321448,155.0094252,0.256088735,61.70321447
110.5729916,65.57952596,164.2641974,0.25240458,65.57952596
163.4610241,96.06115976,240.9782418,0.254295922,96.06115976
148.0501442,80.41491457,204.2623628,0.270052725,80.41491455
146.1793536,76.35497024,195.0962155,0.277560681,76.35497024
91.68637517,49.13687793,125.0682908,0.272651988,49.13687795
234.5138291,121.3828919,310.5662862,0.279283602,121.3828919
148.268348,75.56669725,193.7794394,0.282174863,75.56669726
105.5275168,64.89845592,161.5733288,0.244816433,64.89845591
151.4395437,81.07616753,206.3958048,0.272851265,81.07616754
165.258071,90.30859537,229.1792499,0.268867315,90.30859538
132.1853792,55.87559386,146.9247722,0.314749088,55.87559388
244.5588803,123.8332331,317.851327,0.283384594,123.833233
185.9841065,102.4926681,259.761326,0.267219064,102.4926681
258.6037891,127.3541556,328.1883523,0.288487017,127.3541556
217.0235382,117.2305355,298.0290612,0.271123858,117.2305356
172.124472,79.0942706,205.7652142,0.300759288,79.0942706
115.8270555,68.59607179,171.8611896,0.25270431,68.5960718
146.3134327,89.79269767,223.6306442,0.245260751,89.79269768
188.9772992,108.8404818,273.9316201,0.258408707,108.8404818
134.7987377,73.21335603,185.9711729,0.270063162,73.21335601
158.5967864,86.5719979,219.7344192,0.269084834,86.57199789
153.1323392,88.57446309,222.7716895,0.257539034,88.5744631
145.3687129,86.84539206,217.2695156,0.250898352,86.84539205
159.6687906,72.91553886,189.8475511,0.301831915,72.91553885
129.6930988,64.55244613,166.099622,0.286547853,64.55244613
194.9857123,86.49196692,226.0518022,0.306779174,86.49196692
137.2426767,72.75440034,185.4867631,0.27474601,72.75440034
126.9030491,50.76666426,134.3806509,0.323512711,50.76666428
32.94017094,23.76091206,57.4654484,0.20924332,23.76091207
193.846625,79.71886725,210.3247812,0.319165641,79.71886725
176.8878819,106.8220272,266.7663076,0.248648405,106.8220271
50.63870352,41.18552964,97.20392019,0.180073694,41.18552964
188.5068718,90.95702911,235.0639455,0.292170313,90.95702912
102.5208418,41.8583301,110.5319289,0.320309824,41.85833012
152.037116,63.89508273,168.1321841,0.315689541,63.89508273
175.2549364,78.22221012,204.2750128,0.305735369,78.2222101
205.3875009,117.8485173,296.7823455,0.259168771,117.8485173
167.8759986,63.9977021,170.3465923,0.330880537,63.9977021
152.1128574,73.01330034,188.8278116,0.293105576,73.01330032
63.42621193,30.45040077,78.74896037,0.293069358,30.45040077
51.85115576,26.51408263,67.95869148,0.281558416,26.51408263
94.35906434,68.76585255,165.9777969,0.206832975,68.76585257
122.8020589,78.32680247,193.7807091,0.237001276,78.32680246
215.2317884,94.95197145,248.3370081,0.307698009,94.95197145
84.22547939,56.2085812,137.9404944,0.22704124,56.20858121
141.2302034,68.39098245,176.6573929,0.29152548,68.39098244
74.09079435,35.41177117,91.63612084,0.293865258,35.41177116
187.6678438,79.00677917,207.8522491,0.315407686,79.00677915
188.0327726,125.1218976,307.2213368,0.227688129,125.1218976
58.38301266,28.53961181,73.62244619,0.289829145,28.53961181
144.8521009,99.06829468,242.0283026,0.221522503,99.06829466
220.0307486,190.3420811,443.2205796,0.164273757,190.3420811
206.2983137,181.6014418,421.2094496,0.15970844,181.6014418
190.1052885,174.5038933,400.8580777,0.148564855,174.5038932
85.66814296,23.92871997,65.67171265,0.372236224,23.92871996
88.18995532,23.28226246,64.19738938,0.378675923,23.28226246
54.07547726,36.27790337,88.94367187,0.225865659,36.27790337
90.1021809,49.43465612,125.3749379,0.268087489,49.43465611
79.78251179,38.46207693,99.41128289,0.292328585,38.46207693
79.59719691,27.26378362,73.40985622,0.346288858,27.26378362
80.88566954,30.35269423,80.93442,0.333232882,30.35269423
106.4689072,46.80246192,122.4629659,0.308296198,46.8024619
62.33114061,32.33848656,82.71141628,0.278838701,32.33848656
82.46723972,29.30504749,78.6043567,0.341140237,29.30504749
1.51E+12,-7.57E+12,3.37E+13,-3.224565489,-7.57E+12
58.2456215,32.83787165,82.92897539,0.262703263,32.83787165
52.12057344,35.12366115,86.04306041,0.224858935,35.12366115
141.6916009,37.14046136,102.4683227,0.379470246,37.14046134
173.6362975,57.91554846,156.3620439,0.349914211,57.91554848
32.65693756,30.17933572,69.21632359,0.146750284,30.17933572
163.4505135,41.39990076,114.5300428,0.383216393,41.39990075
134.1073384,97.30201558,235.0572065,0.207874293,97.30201558
127.9443326,98.88362359,235.8824784,0.192727723,98.88362358
143.8950884,116.7577626,275.7037823,0.180665748,116.7577626
126.0641982,66.52861452,169.7285546,0.275605661,66.52861452
120.0310405,63.36233059,161.6439649,0.275552551,63.3623306
121.8835406,70.29376119,176.877775,0.258132813,70.29376122
106.3288038,65.49574407,163.0160365,0.244478086,65.49574407
102.8583084,62.94397484,156.8393882,0.245864982,62.94397484
110.7488663,76.84255764,187.2257772,0.218242748,76.84255764
167.7102469,97.62766841,245.2873587,0.256238947,97.62766843
120.347487,78.58163995,193.6061418,0.231878986,78.58163995
69.08199688,56.10680726,132.4600795,0.180427884,56.10680724
69.15623888,48.96564883,118.8472571,0.213577885,48.96564882
164.2986735,71.7967765,188.0049415,0.309285393,71.7967765
165.8940557,23.19929259,66.49809087,0.433192211,23.19929259
129.5285251,92.60124442,224.3422286,0.211334848,92.60124442
140.9809933,92.31793208,227.3327185,0.231248975,92.31793206
179.9394831,63.63043937,170.7628554,0.341833068,63.63043936
238.5649707,13.98518601,41.15142992,0.471250718,13.98518601
161.0323819,77.39550079,200.1250815,0.292872838,77.39550079
167.8286406,105.742989,262.1679899,0.239647149,105.742989
128.9504673,68.58947939,174.779674,0.274099728,68.58947938
179.7748926,84.50368991,219.1705012,0.296810242,84.50368992
70.1993992,17.89854008,49.4895505,0.382502436,17.89854007
118.7947929,94.19126303,223.5027262,0.186430243,94.19126306
128.9052937,54.35003185,142.9583641,0.315163572,54.35003186
37.87634605,-0.411687772,-1.239554328,0.505454391,-0.411687772
101.0546612,45.34115623,118.3265666,0.304847256,45.34115624
187.1713326,67.18880468,180.0252242,0.339696584,67.18880468
177.4111071,99.83874265,252.206237,0.263067975,99.83874263
140.1476082,55.4742844,147.0241207,0.325155631,55.4742844
142.7694999,88.71075512,220.4689869,0.242628284,88.71075514
188.1432803,62.32946378,168.3929176,0.350829186,62.32946376
115.7591809,76.0002559,187.0628382,0.230672423,76.00025591
136.8415404,83.48255702,208.1243752,0.246514138,83.48255704
153.4567633,90.36711565,226.6179933,0.25387422,90.36711564
119.4975466,76.60828784,189.3595642,0.235894767,76.60828787
132.0564945,73.15791383,185.2625679,0.266182687,73.15791384
123.7717136,80.90282694,199.2873794,0.231646575,80.90282692
119.3254183,78.70419301,193.5573191,0.229650617,78.70419304
144.2186076,79.53305733,201.5493211,0.267078922,79.53305732
152.1491555,90.95461373,227.5256407,0.250764702,90.95461374
158.9626756,85.8713659,218.3048037,0.271115239,85.87136592
150.0789893,48.13950063,130.468737,0.355111035,48.13950063
183.4106568,96.05985789,245.3467732,0.277051511,96.05985787
136.3893142,53.95457337,143.006317,0.325247408,53.95457336
133.9283795,96.53394437,233.5004149,0.209421289,96.53394435
113.8837873,96.78488357,226.258807,0.168874718,96.78488357
135.618578,54.56465768,144.3365589,0.322619485,54.56465767
380.8514385,97.70204418,270.0164962,0.381836473,97.70204418
118.7262013,77.08484394,190.1104668,0.233124808,77.08484397
85.95605125,62.47732882,150.8769217,0.207453364,62.4773288
137.7740826,92.37632155,226.5056173,0.225993921,92.37632157
151.491507,90.07741513,225.5316016,0.251876518,90.07741515
120.1525363,77.27413152,190.8980737,0.235200383,77.27413153
120.6580718,81.29646988,199.1597474,0.224897881,81.29646989
138.7612327,49.27292931,132.1741504,0.341245104,49.27292931
150.2257832,102.3311119,250.1859419,0.222433419,102.3311118
156.413376,63.41406622,167.593299,0.321420538,63.41406621
141.4929341,50.44995598,135.2725215,0.340660451,50.44995597
152.5308277,81.38489884,207.287648,0.273501909,81.38489883
126.816589,57.78446506,150.4954519,0.302213768,57.78446505
125.8195371,81.64217046,201.3710813,0.23325409,81.64217045
156.3872371,89.61030241,225.718478,0.259444907,89.61030241
175.5258059,87.28807068,224.6286575,0.286708801,87.28807066
149.0702027,49.41509698,133.4946339,0.350747465,49.41509696
148.7209924,72.76672,187.6891028,0.289663069,72.76671998
137.2199465,82.43872206,206.0522762,0.249729927,82.43872206
108.7068137,74.76075088,182.4556218,0.220263438,74.76075087
176.1213576,106.6031607,266.1174176,0.248168516,106.6031607
144.4205987,82.98991574,208.9466773,0.258867873,82.98991573
119.1364308,75.01284512,186.0008004,0.239792999,75.01284512
143.3823226,90.46504798,224.235697,0.239349904,90.46504796
114.1034827,77.19074081,188.9615413,0.223990982,77.19074082
155.1262255,92.36698442,231.2108976,0.251588428,92.36698443
135.3005504,54.42322867,143.9666593,0.3226582,54.42322867
155.9574305,80.80219886,206.7078601,0.279097989,80.80219884
122.144233,90.32360717,217.3863133,0.203374844,90.32360717
132.8715362,54.95592439,144.8919145,0.318255639,54.9559244
128.8816748,57.06674636,149.1817999,0.307081702,57.06674634
122.8048822,77.11383443,191.2999995,0.240374058,77.11383445
124.4326339,58.60885913,151.9672725,0.296453085,58.60885915
167.2356546,111.4846536,273.6467305,0.227284301,111.4846537
126.4922535,69.58014338,176.3966694,0.267579088,69.58014338
149.8858996,85.46376705,215.4432775,0.260436352,85.46376705
120.3635467,74.90556997,186.1096467,0.242295111,74.90556997
84.003669,9.862934419,28.47440285,0.443505637,9.862934418
164.3335376,60.41195241,161.4516805,0.336256106,60.4119524
174.208267,105.5220453,263.3863638,0.24801582,105.5220453
114.6830474,74.60397697,183.9286495,0.232700032,74.60397694
168.4047708,83.63345091,215.26523,0.286956521,83.63345092
94.90504074,60.47113131,149.632658,0.237223901,60.4711313
143.6824281,51.75210926,138.6141312,0.339212383,51.75210928
139.1027919,86.47308807,214.8904626,0.242527978,86.4730881
132.5829375,54.46826954,143.7231612,0.319329239,54.46826953
123.2941634,72.07132891,180.9550328,0.255388485,72.07132892
143.5596604,54.104375,144.1981256,0.332592102,54.10437498
116.8993966,76.28032762,187.9582114,0.232022838,76.28032762
133.7528724,81.40431417,203.0248052,0.247015022,81.40431417
148.5161569,83.94394468,211.907263,0.262195051,83.94394467
121.0617389,55.8221835,145.1558502,0.300162777,55.82218348
129.1414365,81.64333912,202.2988435,0.238918237,81.64333911
157.1674812,79.24167046,203.5208746,0.284178346,79.24167046
122.4488158,87.93125018,212.8452538,0.210293573,87.93125016
134.8253077,96.39861028,233.5370294,0.211309109,96.39861027
169.4589542,90.71528873,230.9371961,0.272868109,90.71528874
112.5675568,48.99244279,128.3559957,0.309957091,48.9924428
127.4420118,74.33054426,186.6950148,0.255843184,74.33054427
174.0106827,88.54845604,227.1205756,0.282464911,88.54845601
147.3291326,83.74300687,211.2110315,0.261066681,83.74300686
117.2137108,58.99479181,151.5575782,0.284499644,58.99479181
121.4644431,75.67528953,187.985938,0.242056285,75.67528953
157.3076013,89.82421257,226.3835482,0.260147691,89.82421258
146.0090011,84.33386384,212.1551133,0.257828728,84.33386383
134.7346718,48.71786118,130.4327929,0.338654754,48.71786118
115.9437339,77.32716358,189.7890464,0.227182258,77.3271636
170.2810003,89.81579151,229.1572306,0.275706792,89.81579152
113.094281,76.99538102,188.2626349,0.22255798,76.99538101
98.03617892,56.23965179,141.6353408,0.259212462,56.23965179
143.726772,66.03585621,171.7966728,0.300783261,66.03585621
119.1723651,83.54858098,203.1673349,0.215863468,83.54858098
163.3343104,84.93035482,217.1527923,0.278416844,84.93035483
90.23405709,51.81816676,130.4781925,0.259000469,51.81816675
117.2186073,79.76921195,195.0603622,0.222654439,79.76921194
138.1218621,82.65525907,206.728723,0.25054791,82.65525908
179.1016527,105.0302999,263.5693753,0.254730185,105.0302999
169.4401927,89.55473329,228.4214431,0.275317533,89.55473331
104.2730219,41.53669472,110.0036022,0.324173757,41.53669472
159.2154078,78.49448221,202.2469814,0.288287888,78.4944822
90.99238314,45.91529366,117.9127281,0.284024545,45.91529366
153.7582349,81.36714055,207.499315,0.27508054,81.36714054
134.0136632,81.42982044,203.1443775,0.247358624,81.42982041
186.8387114,91.10432671,235.1005597,0.290282076,91.10432673
154.970088,110.8456618,268.5163117,0.211217054,110.8456618
149.7124462,50.3267845,135.7673375,0.348857659,50.32678452
116.1009524,45.48304816,120.6889994,0.326747044,45.48304817
187.5824659,78.29721904,206.2019793,0.316789931,78.29721904
159.8418838,108.0817354,264.6050701,0.224097064,108.0817355
137.703146,52.40278757,139.5113915,0.331144754,52.40278755
152.4390304,90.08012677,225.7694058,0.253158793,90.08012676
151.123636,46.97346821,127.6904765,0.359176588,46.97346822
159.4835006,80.01693283,205.656441,0.285080755,80.01693285
176.2031543,106.3944414,265.7043909,0.248676093,106.3944414
-59.42289759,94.62668516,605.0419859,2.19699451,94.62668516
137.8253221,96.77811065,235.2676321,0.215500233,96.77811065
147.0122077,89.25389468,222.6943627,0.247533027,89.25389466
133.0382401,77.11828267,193.8906478,0.257099102,77.11828267
122.1321358,96.89355833,229.8870317,0.186286455,96.89355835
105.6220741,81.82042893,195.0865183,0.192162647,81.82042895
125.0924003,67.0489058,170.6563911,0.27262622,67.04890578
94.07877304,38.7316533,102.1735519,0.318992906,38.73165331
86.6617147,42.45685586,109.4902671,0.289429762,42.45685585
148.3625809,90.46277227,225.546629,0.24662678,90.46277226
181.8656256,84.23041119,218.8973874,0.299396407,84.23041121
49.1630807,40.2077662,94.78381703,0.17867549,40.2077662
86.73640745,56.71081475,139.6883309,0.231584589,56.71081474
72.10269677,42.05109474,105.6203053,0.255856785,42.05109475
151.2482034,40.44634719,111.4082225,0.37723466,40.44634721
157.7054795,87.91666713,222.4190695,0.264942569,87.91666713
51189522.87,-1.89E+13,460709455.4,-1.000012208,-1.89E+13
-55490441.95,-4.62E+12,-499395987.4,-0.999945966,-4.62E+12
170.2707012,1.35E+13,1532.43631,-1,9.78E+11
-132543229.5,-8.12E+13,-1192883221,-0.99999265,-8.12E+13
264.3131781,101.1875295,269.2086923,0.330246393,101.1875295
108.6126194,58.90353272,149.6563775,0.270351459,58.90353274
111.0958957,47.92565481,125.701508,0.311421914,47.92565483
181.3343217,47152.10457,1613.394846,-0.982891592,47152.10355
181.4274779,94.92896926,242.493345,0.277235742,94.92896927
172.6705783,113.0005136,278.2937679,0.231382757,113.0005136
49.88719998,37.68997102,90.32336376,0.198241353,37.68997102
140.4426264,86.43971947,215.1740114,0.244647789,86.43971949
88.29369034,55.84059302,138.3546958,0.238836197,55.84059303
117.8907499,66.71457647,168.3813065,0.2619529,66.71457645
127.8524024,59.21479696,153.8868442,0.299395186,59.21479694
132.7574035,78.02769662,195.7354772,0.254269226,78.02769659
103.5434393,70.40578294,172.1897533,0.22283814,70.40578293
123.9382033,44.86052707,120.0921142,0.338505386,44.86052709
91.88811348,57.4537875,142.6337306,0.241290929,57.45378751
126.8825727,67.17783904,171.301687,0.274986584,67.17783905
66.38310904,44.67588843,109.4698893,0.225156266,44.67588842
125.5440666,60.62068157,156.6487149,0.292040199,60.62068156
113.3595408,68.70880005,171.4807706,0.247880697,68.70880006
114.6160818,82.3754867,199.3647779,0.210097724,82.37548669
117.5140071,62.27023154,158.7672964,0.274825004,62.27023156
128.8493719,62.89725927,162.2854639,0.290083747,62.89725928
130.258878,68.30304294,174.422227,0.276826182,68.30304293
120.2418173,63.66883384,162.3511647,0.274965748,63.66883385
107.1077021,69.85697472,172.1457293,0.232129863,69.85697471
129.8676159,62.31873167,161.1754545,0.293154163,62.31873165
107.0704077,76.80520697,185.9523322,0.210545089,76.80520698
130.057637,65.40907934,168.0543882,0.284641138,65.40907933
166.1606405,108.4912768,267.2981622,0.231887807,108.4912768
182.0142414,110.7335252,276.1910277,0.247097603,110.7335252
112.5690019,35.26592446,95.79421552,0.358169635,35.26592446
195.8684035,105.8425261,269.0626124,0.271051543,105.8425262
172.7974359,94.60389884,240.0109474,0.268504525,94.60389882
143.760561,75.2982801,192.3177267,0.277039306,75.29828009
113.2153705,78.49573097,191.2803294,0.218412308,78.49573095
115.3075583,64.32281074,162.7127137,0.26481346,64.32281075
133.7002262,86.07440699,212.6001765,0.234979037,86.07440701
125.682717,84.93658521,207.9626007,0.224222755,84.93658522
133.6754786,87.04593569,214.5648271,0.232480445,87.04593567
141.919921,87.46309006,217.673069,0.244371019,87.46309008
130.9042503,85.37778451,210.3928574,0.232128818,85.37778449
129.3490857,84.43378419,208.0356385,0.231945485,84.43378421
139.8244759,87.78061045,217.7703721,0.240424115,87.78061043
129.3394037,66.89651108,171.1775633,0.27942071,66.89651106
-5.69E+14,-1.55E+15,-2.44E+15,-0.213178158,-1.55E+15
429241.1176,-133482.344,-446756.7784,0.673467685,-133482.344
241.2543072,122.3509895,313.9758435,0.283094827,122.3509895
107004.9959,1.13E+14,963044.96,-0.999999996,9.97E+13
215.425425,132.5230757,329.9175313,0.244755034,132.5230757
267.9214899,123.0207225,320.0731516,0.300891204,123.0207225
58.32378576,29.81119299,76.4142974,0.281637696,29.81119299
193.426525,109.2049821,275.7251919,0.262420389,109.2049821
193.5561654,122.3010507,303.0701721,0.239033395,122.3010507
5.06E-08,22.40924631,4.56E-07,-0.99999999,-0.000115368
211.5637423,115.8110486,293.8202544,0.268532916,115.8110486
224.5219006,132.873158,332.9408082,0.252852018,132.873158
40.87926049,28.1212867,68.62735864,0.220203033,28.1212867
-33154278.18,-7363915.759,-20568891.2,0.396600116,-7363915.759
-132976633.1,130569826.3,582294605.9,1.229820712,130569826.3
-902978901.2,-172281484.5,-485939911.1,0.410307998,-172281484.5
185.8194444,5.94E+12,1672.375,-1,-2.33E+12
-160601813.2,1187575.427,3571529.547,0.503706402,1187575.427
129.5730719,101.0293995,240.5646553,0.19056758,101.0293995
122.7434583,76.34217574,189.6980006,0.242419402,76.34217574
205.9588086,80.80696978,214.3834617,0.326515908,80.80696976
237.3998218,108.7519657,283.036568,0.301294032,108.7519657
104.6933788,48.13718112,125.2198474,0.300656213,48.13718111
122.8682907,67.86394984,171.9365597,0.266773892,67.86394985
136.6651783,72.2248611,184.2220122,0.275336563,72.2248611
138.7115409,72.19105536,184.5563254,0.278249255,72.19105535
193.8116692,97.7070866,250.9503731,0.2841974,97.70708661
123.0772142,86.12467834,209.5059736,0.216294665,86.12467834
79.49060028,45.84979501,115.3681255,0.258109502,45.84979501
29.69050536,22.64757774,54.16945346,0.19592157,22.64757773
32.36737043,28.55487412,66.19779765,0.159133067,28.55487412
178.8411763,90.80862633,232.9912356,0.282869508,90.80862634
79.49896667,42.75916382,108.7755536,0.271956043,42.75916381
62.04037964,12.80653371,35.94623023,0.403433241,12.80653371
65.47984468,34.05616381,87.07290868,0.278372238,34.05616381
-50103.9104,-30052.24897,-75134.82845,0.250069978,-30052.24897
156.0482292,99.16439691,245.4920265,0.237803255,99.16439688
131.9091238,53.63576458,141.7014777,0.320960732,53.63576458
148.2074732,87.13935801,218.5797128,0.254196254,87.13935803
155.2172177,86.90397983,219.7080952,0.264085348,86.90397983
180.2189882,101.3312959,256.0115546,0.263240306,101.3312959
182.7060695,73.01401383,193.2936773,0.323675191,73.01401381
182.0444172,92.39556553,237.0775881,0.282948953,92.39556552
186.2893994,121.3403217,299.0843763,0.232419578,121.3403217
207.274539,-155.8849553,-624.1139961,1.001841663,-155.8849552
142.3881025,21.58912824,61.65148351,0.427836336,21.58912824
13.92935758,5.148109136,13.75034465,0.335475248,5.148109138
213.6809149,163.9873729,391.7477619,0.194444898,163.9873729
171.1741847,101.4859149,254.2175052,0.252476787,101.4859149
289458.104,43479.4949,124218.848,0.428476208,43479.49491
218.3340255,105.846403,273.3643386,0.291325594,105.8464031
159.4047355,82.18121978,210.3883702,0.28002706,82.18121977
230.0763095,180.557825,429.3573608,0.18897467,180.557825
231.6819062,181.2206871,431.2272906,0.189784946,181.220687
-1.2E+14,-4.98E+14,-6.26E+14,-0.370480539,-4.98E+14
5328.501568,2779.960995,7104.392763,0.27778641,2779.960995
1.31E+14,3.8E+12,1.13E+13,0.485675884,3.80E+12
323.8938161,177.8618667,451.0271356,0.267914096,177.8618667
97.6030269,72.1128291,173.5874769,0.203582491,72.1128291
306.7045543,211.1622607,515.2410931,0.220012258,211.1622607
239.0712907,177.9265206,427.6805175,0.201845897,177.9265206
178.5184374,37.26156178,104.5131259,0.402425461,37.26156179
219.0508668,159.6320711,385.3009281,0.206840597,159.6320712
165.0882373,77.14832162,200.2514218,0.297833949,77.1483216
251.4778313,172.8932232,421.9756727,0.220336069,172.8932232
296.2378984,184.2803788,457.8939447,0.242383882,184.2803788
121.3036672,90.7678176,217.9433439,0.20055406,90.76781761
223.5151236,105.4911919,273.4534702,0.296096221,105.4911918
334.7445314,174.5720359,446.1577852,0.277861551,174.5720359
295.2792576,153.9447367,393.4574627,0.277917879,153.9447366
335.3906876,171.1199928,438.7428472,0.281974245,171.1199928
244.7261421,121.2700152,312.2356343,0.287357117,121.2700152
218.9649594,92.75710624,243.8398187,0.314399665,92.75710621
226.6447356,121.6013861,309.4595278,0.272434212,121.6013861
18.60990878,14.7635117,35.02783728,0.186297609,14.76351171
21.77694117,13.92381837,34.43285462,0.236473132,13.92381837
149.8207055,73.99209551,190.599157,0.28796972,73.99209549
171.1919121,76.40853729,199.5387295,0.305735829,76.40853728
152.1444007,67.20466083,175.7384676,0.3074872,67.20466082
145.0551438,65.69542548,171.2354506,0.303252466,65.69542549
139.0409536,63.55194028,165.4484513,0.301678993,63.55194028
104.4330571,27.90681204,76.87304602,0.37731687,27.90681204
208.9286591,98.93212005,256.3361687,0.295515393,98.93212003
227.9604655,117.9521473,301.8030855,0.279345449,117.9521473
205.3429128,85.75419725,225.8264512,0.31670786,85.75419727
168.2895349,63.16484534,168.4229018,0.333201252,63.16484532
258.8196923,158.6494686,395.1995323,0.24551168,158.6494686
183.9446318,66.45602795,177.9392841,0.338774597,66.45602795
213.9932735,89.31071038,235.2102402,0.316808697,89.31071036
192.5238834,66.67349516,179.32019,0.344763684,66.67349516
196.9669991,77.70575663,206.0242833,0.325669372,77.70575664
236.1975441,141.2941568,353.4117711,0.250624156,141.2941567
-17653623.96,-3449059.124,-9714522.343,0.408285853,-3449059.124
-287568.713,-168549.0691,-423003.8758,0.254838956,-168549.0691
355.2105817,225.8191065,558.9992253,0.237714634,225.8191065
196.8086601,87.42262188,228.4429903,0.306543921,87.42262187
97.9991575,1882765.026,881.8547141,-0.999765809,1882764.384
190.969069,66.272756,178.2039882,0.344473951,66.27275598
110.9760064,59.77011565,152.0186457,0.271694425,59.77011565
86.40595861,60.02212095,146.2110655,0.217976499,60.02212094
123.0378066,67.65236305,171.5202706,0.267659124,67.65236307
126.1382668,70.00783657,177.2345951,0.265819684,70.00783656
101.1116946,54.89675567,139.4525289,0.270134521,54.89675567
119.2943777,64.14085989,163.1774421,0.272024123,64.14085988
105.8143873,56.72247462,144.3705135,0.272604153,56.72247461
95.62671112,49.121974,125.821697,0.280706849,49.12197398
178.2794378,99.97774565,252.6964847,0.263763666,99.97774563
98.71327059,56.11911027,141.5359701,0.261031843,56.11911027
118.7784354,64.5231165,163.8926292,0.270030325,64.52311649
122.0779522,66.25280952,168.3105435,0.270214386,66.25280953
220.5317917,112.3334283,288.0857115,0.28227953,112.3334283
230.8485422,100.3293803,262.90149,0.310191935,100.3293803
320.0912236,175.7644559,445.7120988,0.26792444,175.7644559
309.7239366,148.7774292,384.7299709,0.292971565,148.7774292
202.4412668,112.6749704,285.1262837,0.265260078,112.6749705
186.0524388,56.4530688,153.8032588,0.362222303,56.45306879
367.5880017,259.0960002,629.4077403,0.214622649,259.0960002
138.0013298,78.71495776,198.4192412,0.260365544,78.71495777
185.865135,101.9675762,258.6105659,0.268101958,101.9675762
182.3730015,103.4051695,260.9046781,0.261564965,103.4051695
137.3696574,76.71145002,194.0189611,0.264602357,76.71145003
154.4356477,98.29778292,243.2781093,0.237454712,98.29778289
182.1492207,103.1175527,260.2433643,0.261877136,103.1175527
173.0985256,97.71029146,246.710079,0.26245698,97.71029147
185.4499257,98.43083051,250.9022258,0.274510357,98.43083052
175.1320595,100.9413501,254.0205425,0.258258098,100.9413501
153.5733678,88.72130986,223.1849842,0.257786797,88.72130984
155.0508936,72.20635717,187.5113931,0.298441027,72.20635715
159.6987297,73.74953506,191.7340751,0.299900229,73.74953507
149.8172916,87.12813006,218.9416362,0.256434839,87.12813007
183.8276013,96.03447476,245.3742772,0.27753225,96.03447475
157.3610019,92.72623402,232.5093652,0.253741013,92.72623402
151.0018913,70.89252575,183.8986072,0.297023947,70.89252577
122.8502456,76.42793433,189.9028425,0.242365401,76.4279343
260.3500738,147.8179934,372.8837136,0.261293382,147.8179934
292.664526,127.5210738,334.0459047,0.309767456,127.5210738
173.7823259,79.76189086,207.5345561,0.300963116,79.76189086
163.0905759,83.56734917,214.1289393,0.281175851,83.56734917
48.12856032,23.26750902,60.11508283,0.291824638,23.26750902
-9990333.537,-4125839.342,-10879794.16,0.318494646,-4125839.34
96.39043759,23.09750679,64.16717849,0.389049889,23.09750679
119.5402756,55.5000312,144.1859304,0.298971616,55.50003118
115.8548459,71.81560859,178.5532221,0.243136594,71.8156086
184.4281444,101.0844383,256.4078852,0.26828565,101.0844383
100.5526982,28.6140559,78.40499026,0.370043285,28.6140559
166.8698416,78.59982767,203.8010378,0.296447103,78.59982767
156.4653124,71.70630252,186.6115751,0.30122157,71.70630254
160.4816333,73.80940858,191.9939897,0.300606477,73.80940859
156.4572539,73.84090114,191.4103052,0.296099467,73.84090116
139.6670356,84.20666441,210.3466258,0.24899037,84.2066644
161.5162806,75.35182524,195.6327709,0.298128946,75.35182522
168.4625245,91.13705591,231.639399,0.270829942,91.13705592
180.346032,116.7278471,288.039596,0.233808397,116.7278472
193.3491964,123.5578535,305.5807873,0.2365899,123.5578535
175.5531973,122.970613,299.0793179,0.216060125,122.970613
177.6365469,122.0287958,297.8767992,0.220518474,122.0287958
188.1818782,112.6503267,281.7334442,0.250477706,112.6503267
235.5432923,163.212871,397.765313,0.218547626,163.212871
-139202.5143,-289749.9083,-513185.0117,-0.114434557,-289749.9084
101.5596583,35.81024525,96.13193165,0.342240621,35.81024525
6.67E+12,-2.98E+14,6.43E+13,-1.107885628,-2.98E+14
-3891229.193,-2334769.042,-5836909.469,0.249997187,-2334769.042
24.5067177,0.659195325,1.960012144,0.486670239,0.659195325
227.3430134,136.0204805,340.2113762,0.25058879,136.0204805
130.3417256,78.86469888,196.8849581,0.248245165,78.8646989
249.0538709,179.8263202,434.8254772,0.209015111,179.8263202
237.3809058,190.0781754,450.0986047,0.183982863,190.0781754
40.78734097,27.07635811,66.51138606,0.228218836,27.0763581
175.065253,101.8104675,255.8368171,0.256436707,101.8104675
204.0713117,128.8035294,319.2447656,0.239270256,128.8035294
194.6056429,76.95477162,203.9774028,0.32530705,76.95477164
185.5032181,91.11562978,234.8891969,0.288962154,91.11562977
351.2231607,61.83370917,175.2185727,0.416853161,61.83370919
181.6208832,107.9804048,270.3612564,0.251899624,107.9804048
218970.8726,-192085.4614,-814388.9283,1.119860927,-192085.4614
6715307147,-7816832210,-38318472190,1.451023072,-7816832210
6216616.406,-2156298.757,-7314613.088,0.696103813,-2156298.757
110300.9188,-122957.5159,-586985.9898,1.386946359,-122957.5159
87.6875,1.24E+16,789.1875,-1,#DIV/0!
266.2479271,-107.3657835,-372.1166372,0.732938676,-107.3657835
260.0123808,48.88586682,138.0084451,0.41153726,48.88586684
260.4631642,63.45583337,176.0691096,0.387335886,63.45583336
215.4844865,83.37248611,221.5450097,0.328645816,83.3724861
272.863934,85.23874809,231.6000728,0.358537508,85.23874809
193.0270067,59.69654267,162.352923,0.359818473,59.69654266
221.9157972,97.04536635,254.0966685,0.309164353,97.04536635
178.4487819,146.1349622,344.3945583,0.178344159,146.1349622
247.4809819,153.7715665,382.1627967,0.242631539,153.7715665
163.580038,123.3952769,295.8061683,0.198612198,123.3952769
206.5303781,81.65158108,216.4326044,0.325342397,81.65158107
172.5417731,137.4918897,325.9078636,0.185189411,137.4918898
169.3155992,132.6089893,315.468127,0.189467353,132.6089893
159.0771456,120.8611986,289.3135279,0.196883414,120.8611986
157.9517665,120.5923314,288.3852791,0.195703225,120.5923314
-28.19378207,106.6382639,-1226.772667,-6.752028506,106.6382639
143.0598418,76.93426102,195.7184956,0.271985284,76.93426101
121.3297202,67.5990807,171.0333852,0.265057035,67.5990807
151.141032,89.29952596,223.8185727,0.25319015,89.29952598
270.3817527,171.0289648,423.7415233,0.238800468,171.0289648
200.4913269,156.189956,371.9757138,0.190779879,156.189956
133.1767171,87.52740447,215.3944851,0.230440263,87.52740446
278.5112308,195.6270263,475.540724,0.215426961,195.6270262
137.7999132,132.2291081,300.5530907,0.136486115,132.2291081
145.3004482,105.8415192,255.4890722,0.206941633,105.8415192
176.8642172,88.23314861,226.9581856,0.286127658,88.23314859
167.7699103,126.8174192,303.8836262,0.198114692,126.8174192
240.3082095,89.53184981,238.9235596,0.334293662,89.53184981
198.2646378,100.1773564,257.2115615,0.28378094,100.1773564
39.33956924,27.65740933,67.21949571,0.215216778,27.65740933
67.42431919,47.62972108,115.6554776,0.214110381,47.62972108
306.7074908,176.1694897,443.5793894,0.258956333,176.1694896
84.57662141,47.69698319,120.448618,0.262643987,47.69698318
113.4318804,61.08894009,155.374429,0.271706701,61.0889401
54.05018482,29.77376842,75.46463604,0.267300715,29.77376842
16.15543806,7.227486839,18.8686878,0.305342245,7.227486841
6.341879984,3.165280052,8.141367542,0.286042216,3.165280052
278.9759711,143.3844447,367.2373702,0.280603942,143.3844447
-23901.45109,-14387.8375,-35949.97086,0.249318073,-14387.8375
35.8125257,25.70972027,62.23611237,0.210361523,25.70972027
38.4224689,27.83723224,67.26669926,0.208214572,27.83723224
91.41657891,22.98792788,63.63022509,0.383992186,22.98792788
182.750666,69.82867093,185.8189891,0.330535055,69.82867094
167.5712875,38.07122749,106.1730483,0.394400119,38.0712275
130.9422849,38.23838801,104.539157,0.366939905,38.23838802
1860.568447,94.68142961,279.3064652,0.474980185,94.68142961
110.6814711,-13.88717482,-43.4799991,0.565473168,-13.88717482
203.9669852,89.78888662,234.8982509,0.308058601,89.78888664
43.27095849,36.36042559,85.21317268,0.171784589,36.36042559
206.7266886,99.57892169,257.4064233,0.292474446,99.57892168
180.8177692,83.2171843,216.4466958,0.300492786,83.21718431
142.0975891,44.16002241,120.0445522,0.359199403,44.16002241
179.5686302,75.48288548,198.618454,0.315652235,75.4828855
45.97725145,38.14726233,89.64814064,0.175027186,38.14726233
298.4784589,118.5281625,314.0181251,0.324656177,118.5281625
281.6595467,70.23156011,194.5263552,0.384892738,70.23156012
135.3950811,84.47587912,209.7956448,0.24174881,84.47587914
64.1718267,25.59621632,67.77721628,0.323969438,25.59621632
44.26052064,31.00487927,75.40690671,0.21604903,31.00487927
107.249368,66.18353073,164.6766359,0.244090744,66.18353071
45.17354889,20.80494663,54.10821916,0.300369093,20.80494663
51.56293274,24.32125892,63.05052979,0.296202018,24.32125892
63.16256637,22.59834816,60.57129713,0.340170899,22.59834815
-13.64931479,10.24949661,41.0146943,1.000815059,10.24949661
67.345113,34.96000905,89.40880913,0.278729777,34.96000905
149.3202706,98.16432436,241.5587611,0.230379584,98.16432437
150.025417,93.48751604,232.2258029,0.242015045,93.48751606
147.0295413,95.51001042,235.5301134,0.233012709,95.51001042
59.72651255,29.93091067,76.94029798,0.285298313,29.93091067
185.6699608,78.3536116,206.072916,0.315018618,78.35361159
87.43929743,47.92126389,121.5572376,0.268301665,47.92126389
159.7730136,82.72301762,211.6427954,0.27922555,82.72301762
72.16556355,42.30850315,106.1762029,0.254785622,42.30850317
204.5558165,79.40825762,210.9304759,0.32813943,79.4082576
133.4295207,57.31271739,150.403591,0.312131041,57.31271737
131.0637117,56.69049594,148.640435,0.310981961,56.69049593
78.44592509,42.44775454,107.8842385,0.270788522,42.44775453
112.902215,64.63061529,162.8226873,0.259640548,64.63061529
79.51535706,45.24749106,114.0999585,0.260842931,45.24749107
88.82375401,49.01219184,124.1935872,0.266966264,49.01219183
67.36628402,31.9839677,82.84148955,0.295047105,31.9839677
269.1220078,174.1219518,429.6949673,0.233890853,174.1219518
74.94078543,48.83781477,120.3664298,0.232307694,48.83781475
89.00359686,46.81723983,119.4989645,0.276228211,46.81723984
102.8241401,53.94710302,137.7508029,0.276721039,53.94710304
88.91405921,55.29935829,137.410889,0.242427519,55.29935828
94.94635947,35.4748724,94.63805684,0.333874521,35.4748724
116.677231,50.92751986,133.3770026,0.309478677,50.92751984
289.1900281,153.9982064,392.3503836,0.273879718,153.9982064
245.6487982,176.1611161,426.5257853,0.210612747,176.1611161
159.1687059,89.09190315,225.2492626,0.26413992,89.09190316
225.1919318,105.2008039,273.0785612,0.297891989,105.2008039
282.1070347,155.6251059,394.3589291,0.267015777,155.6251059
210.6367764,93.81967451,245.0730482,0.306085581,93.81967449
304.0987604,156.383291,400.4976754,0.280500215,156.383291
329.2275852,122.8048369,327.6728725,0.334120384,122.804837
152.1849326,56.81867213,151.5904437,0.333984393,56.81867212
59.39721926,34.89650449,87.54497556,0.254351644,34.89650449
85.62204655,28.65337886,77.33358673,0.349467145,28.65337886
243.0433978,93.8692561,249.4882915,0.328913757,93.8692561
133.913516,-78.78004096,-293.9907772,0.865896321,-78.78004095
129.7846128,64.88112311,166.8412812,0.28574594,64.88112309
115.1330291,59.02142805,151.223392,0.281088895,59.02142804
154.6416528,60.0111941,159.4126914,0.328191296,60.01119411
136.3954686,57.03282617,150.1679181,0.316504268,57.03282615
148.8651685,83.74100694,211.5544929,0.263147535,83.74100692
88.18655975,51.57983319,129.4929319,0.255267068,51.57983316
85.75534368,52.19463722,130.1739627,0.247005148,52.19463724
136.4070322,53.93938206,142.9729053,0.32531093,53.93938208
102.497851,39.37114435,104.706877,0.329741346,39.37114437
29.2913064,-1.964772056,-6.029121228,0.534305521,-1.964772056
161.7813294,120.9510244,290.466776,0.200761951,120.9510243
230.5702096,103.3183213,269.6746364,0.30506687,103.3183213
199.024044,102.8168973,263.1378754,0.279643144,102.8168973
66.92247361,34.41122311,88.12856978,0.28052074,34.41122311
84.07777063,59.12340529,143.6894549,0.215165586,59.12340528
76.91953168,69.26890326,159.8292978,0.153687227,69.26890323
84.78391378,64.77612723,154.8838793,0.195532104,64.77612723
89.36154717,47.5831292,121.23163,0.273892996,47.58312917
70.39054084,40.02623577,100.9451897,0.260987796,40.02623578
39.89726917,15.73071779,41.71029985,0.325759587,15.73071779
67.34921831,22.31518482,60.28713267,0.35080962,22.31518482
269.8961156,170.0743799,421.6548755,0.239619029,170.0743799
291.5465047,185.5304033,459.1873977,0.237499055,185.5304034
224.2851809,124.592029,315.3778642,0.265642219,124.5920291
111.2273192,53.02096727,137.2537342,0.294334499,53.02096728
240.863589,130.8751481,332.4181035,0.269981767,130.8751481
51939676.38,5942346.287,17172157.94,0.444897109,5942346.286
166.1397548,87.33496478,222.9404078,0.276352537,87.33496479
173.2640425,86.81061142,223.1615661,0.285335758,86.81061143
