Material,c11,c12,c13,c14,c15,c16,c21,c22,c23,c24,c25,c26,c31,c32,c33,c34,c35,c36,c41,c42,c43,c44,c45,c46,c51,c52,c53,c54,c55,c56,c61,c62,c63,c64,c65,c66,Bulk Modulus (K),Shear Modulus (G),Young Modulus (E),Poisson's Ratio (v)
JVASP-60798,607.6,80.7,40.2,0,0,0,80.7,540.6,79.8,0,0,0,40.2,79.8,450.6,0,0,0,0,0,0,251.9,0,0,0,0,0,0,220.4,0,0,0,0,0,0,221,222.2444444,231.8666667,516.1136286,0.112953483
JVASP-828,443.9,111.3,45.6,0,-26.3,0,111.3,443.9,45.6,0,26.3,0,45.6,45.6,599.5,0,0,0,0,0,0,166.3,0,-26.3,-26.3,26.3,0,0,210.4,0,0,0,0,-26.3,0,210.4,210.2555556,203.0733333,460.8506052,0.134690108
JVASP-25290,460.7,21,-12,-0.2,-1.5,0,21,393.9,115.3,0.3,-0.7,-0.1,-12,115.3,342,0.6,-12.9,0,-0.2,0.3,0.6,53.8,-0.1,2.1,-1.5,-0.7,-12.9,-0.1,116.6,0.1,0,-0.1,0,2.1,0.1,87,160.5777778,122.9666667,293.8836227,0.194972714
JVASP-14615,93.4,58.2,58.2,0,0,0,58.2,93.4,58.2,0,0,0,58.2,58.2,93.4,0,0,0,0,0,0,16.2,0,0,0,0,0,0,16.2,0,0,0,0,0,0,16.2,69.93333333,16.76,46.56048729,0.389036017
JVASP-25408,29.7,74.5,74.5,0,0,0,74.5,29.7,74.5,0,0,0,74.5,74.5,29.7,0,0,0,0,0,0,38.1,0,0,0,0,0,0,38.1,0,0,0,0,0,0,38.1,59.56666667,13.9,38.69049844,0.391744548
JVASP-816,93.4,58.2,58.2,0,0,0,58.2,93.4,58.2,0,0,0,58.2,58.2,93.4,0,0,0,0,0,0,16.2,0,0,0,0,0,0,16.2,0,0,0,0,0,0,16.2,69.93333333,16.76,46.56048729,0.389036017
JVASP-14620,66.4,30.7,39.5,0,0,0,30.7,66.4,39.5,0,0,0,39.5,39.5,54.5,0,0,0,0,0,0,6,0,0,0,0,0,0,0.2,0,0,0,0,0,0,0.2,45.18888889,6.453333333,18.48028916,0.431840586
JVASP-14622,68.1,26,40,0,0,0,26,100.6,22.6,0,0,0,40,22.6,76.1,0,0,0,0,0,0,23.8,0,0,0,0,0,0,37.7,0,0,0,0,0,0,31.5,46.88888889,29.01333333,72.15715857,0.243517209
JVASP-25097,78.1,29.1,30.1,0,0,0,29.1,66.1,41.2,0,0,0,30.1,41.2,61.2,0,0,0,0,0,0,16.7,0,0,0,0,0,0,28.9,0,0,0,0,0,0,-1,45.13333333,15.92,42.73528945,0.342188739
JVASP-25143,66.4,30.7,39.5,0,0,0,30.7,66.4,39.5,0,0,0,39.5,39.5,54.5,0,0,0,0,0,0,6,0,0,0,0,0,0,0.2,0,0,0,0,0,0,0.2,45.18888889,6.453333333,18.48028916,0.431840586
JVASP-885,68.1,26,40,0,0,0,26,100.6,22.6,0,0,0,40,22.6,76.1,0,0,0,0,0,0,23.8,0,0,0,0,0,0,37.7,0,0,0,0,0,0,31.5,46.88888889,29.01333333,72.15715857,0.243517209
JVASP-15845,78.1,29.1,30.1,0,0,0,29.1,66.1,41.2,0,0,0,30.1,41.2,61.2,0,0,0,0,0,0,16.7,0,0,0,0,0,0,28.9,0,0,0,0,0,0,-1,45.13333333,15.92,42.73528945,0.342188739
JVASP-25237,2.2974225,0.7658075,4.594845,5.3606525,3.8290375,1.531615,3.06323,3.06323,3.8290375,0,0,0.7658075,4.594845,1.531615,0,1.531615,4.594845,3.06323,3.06323,4.594845,3.06323,0,1.531615,0,4.594845,2.2974225,1.531615,1.531615,5.3606525,4.594845,2.2974225,3.06323,0.7658075,5.3606525,0,3.8290375,2.637781389,1.582668833,3.956672083,0.25
JVASP-14824,54.4,23.9,29,0,0,0,23.9,54.4,29,0,0,0,29,29,47.5,0,0,0,0,0,0,6.6,0,0,0,0,0,0,8.7,0,0,0,0,0,0,8.7,35.56666667,9.76,26.82617208,0.374291602
JVASP-898,45.7,30.7,30.7,0,-0.3,0,30.7,40.5,34.8,0,-0.1,0,30.7,34.8,39,0,0.2,0,0,0,0,13.4,0,-0.5,-0.3,-0.1,0.2,0,5.8,0,0,0,0,-0.5,0,6.7,35.28888889,7.113333333,19.99641234,0.405558506
JVASP-110793,26.3,37.8,37.8,0,0,0,37.8,26.3,37.8,0,0,0,37.8,37.8,26.3,0,0,0,0,0,0,0.1,0,0,0,0,0,0,0.1,0,0,0,0,0,0,0.1,33.96666667,-2.24,-6.871041541,0.53371463
JVASP-14822,34.1,28.5,25.4,0,0,0,28.5,34.1,25.4,0,0,0,25.4,25.4,49.1,0,0,0,0,0,0,2.8,0,0,0,0,0,0,8.4,0,0,0,0,0,0,8.4,30.65555556,6.453333333,18.0905778,0.401646007
JVASP-14696,30.6,31,31,0,0,0,31,30.6,31,0,0,0,31,31,30.6,0,0,0,0,0,0,14.7,0,0,0,0,0,0,14.7,0,0,0,0,0,0,14.7,30.86666667,8.74,23.95867377,0.370633511
JVASP-21200,30.6,31,31,0,0,0,31,30.6,31,0,0,0,31,31,30.6,0,0,0,0,0,0,14.7,0,0,0,0,0,0,14.7,0,0,0,0,0,0,14.7,30.86666667,8.74,23.95867377,0.370633511
JVASP-7806,46.7,17.4,29,0,0,0,17.4,46.7,29,0,0,0,29,29,33.4,0,0,0,0,0,0,-1.8,0,0,0,0,0,0,10.5,0,0,0,0,0,0,10.9,30.84444444,7.346666667,20.41884929,0.389667601
JVASP-25371,30.7,28.1,28.5,0,-3.1,0,28.1,30.7,28.5,0,3.1,0,28.5,28.5,41.4,0,0,0,0,0,0,1.3,0,-3.1,-3.1,3.1,0,0,3.6,0,0,0,0,-3.1,0,3.6,30.33333333,2.88,8.374946741,0.453983809
JVASP-25046,46.7,17.4,29,0,0,0,17.4,46.7,29,0,0,0,29,29,33.4,0,0,0,0,0,0,-1.8,0,0,0,0,0,0,10.7,0,0,0,0,0,0,10.7,30.84444444,7.346666667,20.41884929,0.389667601
JVASP-119951,48.4,32.7,7.2,0,0,0,32.7,48.4,7.2,0,0,0,7.2,7.2,50.2,0,0,0,0,0,0,7.9,0,0,0,0,0,0,-8.8,0,0,0,0,0,0,-8.8,26.8,4.72,13.37481203,0.416823308
JVASP-961,49.3,39.2,39.2,0,0,0,39.2,49.3,39.2,0,0,0,39.2,39.2,49.3,0,0,0,0,0,0,16,0,0,0,0,0,0,16,0,0,0,0,0,0,16,42.56666667,11.62,31.95249785,0.374892334
JVASP-17723,49.3,39.2,39.2,0,0,0,39.2,49.3,39.2,0,0,0,39.2,39.2,49.3,0,0,0,0,0,0,16,0,0,0,0,0,0,16,0,0,0,0,0,0,16,42.56666667,11.62,31.95249785,0.374892334
JVASP-25166,26.8,49.1,49.1,0,0,0,49.1,26.8,49.1,0,0,0,49.1,49.1,26.8,0,0,0,0,0,0,18.5,0,0,0,0,0,0,18.5,0,0,0,0,0,0,18.5,41.66666667,6.64,18.91522334,0.424339107
JVASP-111128,32.4,24.6,24.6,0,0,0,24.6,32.4,24.6,0,0,0,24.6,24.6,32.4,0,0,0,0,0,0,9,0,0,0,0,0,0,9,0,0,0,0,0,0,9,27.2,6.96,19.23902439,0.382113821
JVASP-14823,68,42.7,30.4,0,0,0,42.7,67.9,30.4,0,0,0,30.4,30.4,78.8,0,0,0,0,0,0,21.6,0,0,0,0,0,0,21,0,0,0,0,0,0,20.9,46.85555556,20.11333333,52.78686001,0.312235499
JVASP-14601,54.1,27.7,27.7,0,0,0,27.7,54.1,27.7,0,0,0,27.7,27.7,54.1,0,0,0,0,0,0,24.1,0,0,0,0,0,0,24.1,0,0,0,0,0,0,24.1,36.5,19.74,50.17479109,0.270891365
JVASP-15762,33.4,52,52,0,0,0,52,33.4,52,0,0,0,52,52,33.4,0,0,0,0,0,0,13.7,0,0,0,0,0,0,13.7,0,0,0,0,0,0,13.7,45.8,4.5,13.07188161,0.45243129
JVASP-78329,51.9,33.2,46.1,0,0,0,33.2,51.9,46.1,0,0,0,46.1,46.1,62.4,0,0,0,0,0,0,11.7,0,0,0,0,0,0,13.5,0,0,0,0,0,0,13.5,46.33333333,10.46,29.1838619,0.395022079
JVASP-25069,53.4,43.4,43.4,0,0,0,43.4,53.4,43.4,0,0,0,43.4,43.4,53.4,0,0,0,0,0,0,14.2,0,0,0,0,0,0,14.2,0,0,0,0,0,0,14.2,46.73333333,10.52,29.35716561,0.395302548
JVASP-1008,54.1,27.7,27.7,0,0,0,27.7,54.1,27.7,0,0,0,27.7,27.7,54.1,0,0,0,0,0,0,24.1,0,0,0,0,0,0,24.1,0,0,0,0,0,0,24.1,36.5,19.74,50.17479109,0.270891365
JVASP-25322,33.4,52,52,0,0,0,52,33.4,52,0,0,0,52,52,33.4,0,0,0,0,0,0,13.7,0,0,0,0,0,0,13.7,0,0,0,0,0,0,13.7,45.8,4.5,13.07188161,0.45243129
JVASP-14782,48.1,43,41.8,0,0,0,43,48.1,41.8,0,0,0,41.8,41.8,66.9,0,0,0,0,0,0,27.8,0,0,0,0,0,0,7.3,0,0,0,0,0,0,7.3,46.25555556,10.91333333,30.35289061,0.390633351
JVASP-25202,48.1,43,41.8,0,0,0,43,48.1,41.8,0,0,0,41.8,41.8,66.9,0,0,0,0,0,0,27.8,0,0,0,0,0,0,7.3,0,0,0,0,0,0,7.3,46.25555556,10.91333333,30.35289061,0.390633351
JVASP-14658,100.6,36.8,36.8,0,0,0,36.8,100.6,36.8,0,0,0,36.8,36.8,100.6,0,0,0,0,0,0,52,0,0,0,0,0,0,52,0,0,0,0,0,0,52,58.06666667,43.96,105.3057206,0.197744774
JVASP-14819,123.4,44.5,32.5,0,0,0,44.5,123.4,32.5,0,0,0,32.5,32.5,116.3,0,0,0,0,0,0,48.9,0,0,0,0,0,0,39.4,0,0,0,0,0,0,39.4,64.67777778,42.44666667,104.4832741,0.230759472
JVASP-99584,95.6,85.3,15.3,0,0,0,85.3,82.2,15.2,0,0,0,15.3,15.2,156.2,0,0,0,0,0,0,9.8,0,0,0,0,0,0,39.1,0,0,0,0,0,0,38.7,62.84444444,32.06666667,82.21625869,0.281958296
JVASP-9092,133.9,16.6,25.3,0,0,0,16.6,133.9,25.3,0,0,0,25.3,25.3,76,0,0,0,0,0,0,34.1,0,0,0,0,0,0,44.2,0,0,0,0,0,0,44.2,53.13333333,42.94,101.4821983,0.181674409
JVASP-25100,122.5,32,19.8,0,0,0,32,122.5,19.8,0,0,0,19.8,19.8,141.2,0,0,0,0,0,0,45.2,0,0,0,0,0,0,35.3,0,0,0,0,0,0,35.3,58.82222222,44.13333333,105.9119976,0.199909338
JVASP-25108,76.8,58.9,46.3,0,0,0,58.9,76.8,46.3,0,0,0,46.3,46.3,81.7,0,0,0,0,0,0,8.9,0,0,0,0,0,0,10.5,0,0,0,0,0,0,10.5,59.81111111,11.56666667,32.59862129,0.409162304
JVASP-25048,133.8,16.2,25.6,0,0,0,16.2,133.8,25.6,0,0,0,25.6,25.6,76.2,0,0,0,0,0,0,34.2,0,0,0,0,0,0,44.3,0,0,0,0,0,0,44.3,53.17777778,42.98666667,101.5870959,0.181611693
JVASP-25334,123.3,44.4,32.5,0,0,0,44.4,123.5,32.6,0,0,0,32.5,32.6,116.3,0,0,0,0,0,0,48.9,0,0,0,0,0,0,39.6,0,0,0,0,0,0,39.3,64.67777778,42.46666667,104.5236646,0.230655391
JVASP-890,100.6,36.8,36.8,0,0,0,36.8,100.6,36.8,0,0,0,36.8,36.8,100.6,0,0,0,0,0,0,52,0,0,0,0,0,0,52,0,0,0,0,0,0,52,58.06666667,43.96,105.3057206,0.197744774
JVASP-25088,60.4,58.3,58.3,0,0,0,58.3,60.4,58.3,0,0,0,58.3,58.3,60.4,0,0,0,0,0,0,14.4,0,0,0,0,0,0,14.4,0,0,0,0,0,0,14.4,59,9.06,25.8564979,0.426959045
JVASP-25413,33.6,73.4,73.4,0,0,0,73.4,33.6,73.4,0,0,0,73.4,73.4,33.6,0,0,0,0,0,0,8.4,0,0,0,0,0,0,8.4,0,0,0,0,0,0,8.4,60.13333333,-2.92,-8.904124408,0.524678837
JVASP-16730,60.4,58.3,58.3,0,0,0,58.3,60.4,58.3,0,0,0,58.3,58.3,60.4,0,0,0,0,0,0,14.4,0,0,0,0,0,0,14.4,0,0,0,0,0,0,14.4,59,9.06,25.8564979,0.426959045
JVASP-14847,170.2,37.3,37.3,0,0,0,37.3,170.2,37.3,0,0,0,37.3,37.3,170.2,0,0,0,0,0,0,64.6,0,0,0,0,0,0,64.6,0,0,0,0,0,0,64.6,81.6,65.34,154.722693,0.183981428
JVASP-14831,169.4,64.9,66.7,0,0,0,64.9,169.4,66.7,0,0,0,66.7,66.7,123.1,0,0,0,0,0,0,88.8,0,0,0,0,0,0,65.1,0,0,0,0,0,0,65.1,95.38888889,61.37333333,151.6055898,0.235109628
JVASP-91933,163.5,33.2,44.6,0,8.4,0,33.2,134.6,52.8,0,-7.5,0,44.6,52.8,161.3,0,-8.2,0,0,0,0,38.9,0,5.8,8.4,-7.5,-8.2,0,58.2,0,0,0,0,5.8,0,65.1,80.06666667,54.36,132.9841662,0.223180337
JVASP-14636,53.5,72.5,72.5,0,0,0,72.5,53.5,72.5,0,0,0,72.5,72.5,53.5,0,0,0,0,0,0,3.5,0,0,0,0,0,0,3.5,0,0,0,0,0,0,3.5,66.16666667,-1.7,-5.144054878,0.512957317
JVASP-96736,150,55.9,55.9,0,0,0,55.9,150,55.9,0,0,0,55.9,55.9,150,0,0,0,0,0,0,74.1,0,0,0,0,0,0,74.1,0,0,0,0,0,0,74.1,87.26666667,63.28,152.8857881,0.208010336
JVASP-14670,132.5,99.9,27.9,0,0,0,99.9,132.5,27.9,0,0,0,27.9,27.9,256.1,0,0,0,0,0,0,16.3,0,0,0,0,0,0,81.2,0,0,0,0,0,0,81.2,92.5,60.1,148.2027547,0.232968009
JVASP-14595,224.2,50.2,52.3,0,0,0,50.2,162.2,40.8,0,0,0,52.3,40.8,128.7,0,0,0,0,0,0,84,0,0,0,0,0,0,33.5,0,0,0,0,0,0,72,89.07777778,62.68666667,152.327536,0.214991513
JVASP-7837,178.8,48.5,31.5,0,0,0,48.5,178.8,31.5,0,0,0,31.5,31.5,204.3,0,0,0,0,0,0,65.2,0,0,0,0,0,0,48.2,0,0,0,0,0,0,48.2,87.21111111,62.34666667,151.0460481,0.211340206
JVASP-78726,123.1,66.6,66.9,0,0,0,66.6,169.5,64.7,0,0,0,66.9,64.7,169.6,0,0,0,0,0,0,65,0,0,0,0,0,0,88.8,0,0,0,0,0,0,65.1,95.4,61.38,151.6222683,0.235111341
JVASP-25124,91.4,69.9,53.1,0,0,0,69.9,91.4,53.1,0,0,0,53.1,53.1,85.8,0,0,0,0,0,0,10.8,0,0,0,0,0,0,8.6,0,0,0,0,0,0,8.6,68.97777778,11.76666667,33.40076208,0.419295839
JVASP-25149,178.8,48.5,31.5,0,0,0,48.5,178.8,31.5,0,0,0,31.5,31.5,204.3,0,0,0,0,0,0,65.2,0,0,0,0,0,0,48.2,0,0,0,0,0,0,48.2,87.21111111,62.34666667,151.0460481,0.211340206
JVASP-25151,170.2,37.3,37.3,0,0,0,37.3,170.2,37.3,0,0,0,37.3,37.3,170.2,0,0,0,0,0,0,64.6,0,0,0,0,0,0,64.6,0,0,0,0,0,0,64.6,81.6,65.34,154.722693,0.183981428
JVASP-25064,42.8,93,93,0,0,0,93,42.8,93,0,0,0,93,93,42.8,0,0,0,0,0,0,12.1,0,0,0,0,0,0,12.1,0,0,0,0,0,0,12.1,76.26666667,-2.78,-8.442580303,0.518449695
JVASP-25173,53.5,72.5,72.5,0,0,0,72.5,53.5,72.5,0,0,0,72.5,72.5,53.5,0,0,0,0,0,0,3.5,0,0,0,0,0,0,3.5,0,0,0,0,0,0,3.5,66.16666667,-1.7,-5.144054878,0.512957317
JVASP-25132,230.9,45.5,48.7,0,0,0,45.5,165.5,43.3,0,0,0,48.7,43.3,131.2,0,0,0,0,0,0,86.4,0,0,0,0,0,0,34.8,0,0,0,0,0,0,73.3,89.17777778,64.90666667,156.702234,0.207135122
JVASP-16237,91.4,69.9,53.1,0,0,0,69.9,91.4,53.1,0,0,0,53.1,53.1,85.8,0,0,0,0,0,0,10.8,0,0,0,0,0,0,8.6,0,0,0,0,0,0,8.6,68.97777778,11.76666667,33.40076208,0.419295839
JVASP-25300,19.1,10.6,19.5,-10.8,12.3,14.3,10.6,17.5,35.8,7.2,18.3,4.8,19.5,35.8,21.3,-16.1,-1.2,-15.9,-10.8,7.2,-16.1,-4.7,2.8,-7.3,12.3,18.3,-1.2,2.8,1.4,-9.6,14.3,4.8,-15.9,-7.3,-9.6,-22,21.07777778,-5.593333333,-18.40831598,0.64555864
JVASP-25094,107.7,34.4,48.4,0,0,0,34.4,70.1,36.2,0,0,0,48.4,36.2,124,0,0,0,0,0,0,-39.3,0,0,0,0,0,0,-50.1,0,0,0,0,0,0,51,59.97777778,4.506666667,13.18964794,0.463348514
JVASP-1002,150,55.9,55.9,0,0,0,55.9,150,55.9,0,0,0,55.9,55.9,150,0,0,0,0,0,0,74.1,0,0,0,0,0,0,74.1,0,0,0,0,0,0,74.1,87.26666667,63.28,152.8857881,0.208010336
JVASP-25174,132.5,99.9,27.9,0,0,0,99.9,132.5,27.9,0,0,0,27.9,27.9,256.1,0,0,0,0,0,0,16.3,0,0,0,0,0,0,81.2,0,0,0,0,0,0,81.2,92.5,60.1,148.2027547,0.232968009
JVASP-25255,174.4,36,36.9,0,-7.8,-10.2,36,174.4,36.9,0,7.8,10.2,36.9,36.9,140.3,0,0,0,0,0,0,69.2,10.2,-7.8,-7.8,7.8,0,10.2,62.9,0,-10.2,10.2,0,-7.8,0,62.9,78.74444444,64.28666667,151.6037557,0.179122854
JVASP-25362,169.4,64.9,66.7,0,0,0,64.9,169.4,66.7,0,0,0,66.7,66.7,123.1,0,0,0,0,0,0,88.8,0,0,0,0,0,0,65.1,0,0,0,0,0,0,65.1,95.38888889,61.37333333,151.6055898,0.235109628
JVASP-25368,143,45.4,45.4,0,0,0,45.4,143,45.4,0,0,0,45.4,45.4,143,0,0,0,0,0,0,43.9,0,0,0,0,0,0,43.9,0,0,0,0,0,0,43.9,77.93333333,45.86,115.0189659,0.254022742
JVASP-25415,135.8,54.1,40.8,0,0,0,54.1,135.8,40.8,0,0,0,40.8,40.8,178.6,0,0,0,0,0,0,30.6,0,0,0,0,0,0,49.2,0,0,0,0,0,0,49.1,80.17777778,46.74666667,117.4199202,0.255917572
JVASP-91623,1105.1,78,32.1,0,0,0,78,1073.7,92.5,0,0,0,32.1,92.5,1189.5,0,0,0,0,0,0,366.1,0,0,0,0,0,0,501.6,0,0,0,0,0,0,454.4,419.2777778,475.4666667,1035.119983,0.088530549
JVASP-96837,1038.7,183.9,-4.3,0,-0.4,0,183.9,1038.7,-4.3,0,0.4,0,-4.3,-4.3,42.4,0,0,0,0,0,0,427.4,0,-0.4,-0.4,0.4,0,0,0.3,0,0,0,0,-0.4,0,0.3,274.4888889,215.2333333,511.901826,0.189178781
JVASP-7843,1057.7,191.6,-3.4,0,-2.3,0,191.6,1057.8,-3.3,0,2.3,0,-3.4,-3.3,41.3,0,0,0,0,0,0,432.8,0,-2.3,-2.3,2.3,0,0,4.3,0,0,0,0,-2.3,0,4.1,280.7333333,219.7,522.736623,0.189660043
JVASP-8006,1083.8,38.1,38.1,0,0,0,38.1,1083.8,38.1,0,0,0,38.1,38.1,1083.8,0,0,0,0,0,0,491.6,0,0,0,0,0,0,491.6,0,0,0,0,0,0,491.6,386.6666667,504.1,1054.184244,0.04561024
JVASP-8067,1189.8,100,16.8,0,0,0,100,1189.8,16.8,0,0,0,16.8,16.8,1291.6,0,0,0,0,0,0,544.9,0,0,0,0,0,0,461.2,0,0,0,0,0,0,461.2,437.6,529.3,1131.640584,0.06899734
JVASP-29568,1006.6,182.4,-4.8,0,0,0,182.4,1006.6,-4.8,0,0,0,-4.8,-4.8,37.8,0,0,0,0,0,0,412.1,0,0,0,0,0,0,-4.6,0,0,0,0,0,0,-4.6,266.2888889,205.7933333,490.9166312,0.192741823
JVASP-29885,1059.5,188.9,-0.3,0,-1.8,0,188.9,1066.1,-6.9,0,1.6,0,-0.3,-6.9,41.7,0,-0.5,0,0,0,0,431.7,0,-1,-1.8,1.6,-0.5,0,4.8,0,0,0,0,-1,0,4.2,281.1888889,220.5133333,524.4465573,0.189149312
JVASP-91,1061,125.6,125.6,0,0,0,125.6,1061,125.6,0,0,0,125.6,125.6,1061,0,0,0,0,0,0,559.3,0,0,0,0,0,0,559.3,0,0,0,0,0,0,559.3,437.4,522.66,1121.340787,0.072724895
JVASP-29213,994.8,180.1,-4.2,0,0,0,180.1,994.8,-4.2,0,0,0,-4.2,-4.2,33,0,0,0,0,0,0,407.3,0,0,0,0,0,0,-4.3,0,0,0,0,0,0,-4.3,262.8888889,203.1333333,484.5870807,0.192780803
JVASP-25071,994.7,180.1,-4.2,0,0,0,180.1,994.7,-4.2,0,0,0,-4.2,-4.2,33,0,0,0,0,0,0,407.3,0,0,0,0,0,0,-4.3,0,0,0,0,0,0,-4.3,262.8666667,203.12,484.5533981,0.192776187
JVASP-25055,932.5,175,61.7,0,0,0,175,932.5,61.7,0,0,0,61.7,61.7,1195.3,0,0,0,0,0,0,323.3,0,0,0,0,0,0,447.9,0,0,0,0,0,0,447.9,406.3444444,427.9466667,950.250613,0.110244205
JVASP-25274,1171.5,99.9,39.8,0,0,0,99.9,1171.5,39.8,0,0,0,39.8,39.8,1240.5,0,0,0,0,0,0,535.8,0,0,0,0,0,0,478.3,0,0,0,0,0,0,478.3,438.0555556,525.4133333,1126.040763,0.071576121
JVASP-843,1048.6,190.9,-0.9,0,0,0,190.9,1052.1,-6.7,0,0,0,-0.9,-6.7,40.8,0,0,0,0,0,0,430.2,0,0,0,0,0,0,-2.6,0,0,0,0,0,0,7.6,278.6777778,217.5866667,517.9563018,0.190229874
JVASP-25275,1164.1,99.6,48.1,0,0,0,99.6,1164.1,48.1,0,0,0,48.1,48.1,1221.5,0,0,0,0,0,0,532.3,0,0,0,0,0,0,484.5,0,0,0,0,0,0,484.5,437.9222222,523.8533333,1123.552825,0.072392551
JVASP-25225,823.3,140.7,122.9,0,0,0,140.7,352.5,89.3,0,0,0,122.9,89.3,968.6,0,0,0,0,0,0,177.5,0,0,0,0,0,0,145.7,0,0,0,0,0,0,395,316.6888889,263.0733333,618.07509,0.174720148
JVASP-25407,1058.6,191.9,-3.4,0,0,0,191.9,1058.6,-3.4,0,0,0,-3.4,-3.4,41.2,0,0,0,0,0,0,433.4,0,0,0,0,0,0,4.3,0,0,0,0,0,0,4.3,280.9555556,219.9533333,523.3002754,0.189571141
JVASP-25280,1160,99.2,52.2,0,0,0,99.2,1160,52.2,0,0,0,52.2,52.2,1211.6,0,0,0,0,0,0,530.4,0,0,0,0,0,0,487.6,0,0,0,0,0,0,487.6,437.6444444,522.9866667,1122.020503,0.072704693
JVASP-25229,1006.6,182.4,-4.8,0,0,0,182.4,1006.6,-4.8,0,0,0,-4.8,-4.8,37.8,0,0,0,0,0,0,412.1,0,0,0,0,0,0,-4.6,0,0,0,0,0,0,-4.6,266.2888889,205.7933333,490.9166312,0.192741823
JVASP-25152,1057.7,191.6,-3.4,0,-2.3,0,191.6,1057.8,-3.3,0,2.3,0,-3.4,-3.3,41.3,0,0,0,0,0,0,432.8,0,-2.3,-2.3,2.3,0,0,4.3,0,0,0,0,-2.3,0,4.1,280.7333333,219.7,522.736623,0.189660043
JVASP-25289,1065.3,188.8,-1.8,0,-2.2,0,188.8,1070.5,-6,0,1.5,0,-1.8,-6,44,0,1.6,0,0,0,0,434,0,-1,-2.2,1.5,1.6,0,6.3,0,0,0,0,-1,0,2.8,282.4222222,221.8733333,527.4871754,0.188712423
JVASP-25171,1083.8,38.1,38.1,0,0,0,38.1,1083.8,38.1,0,0,0,38.1,38.1,1083.8,0,0,0,0,0,0,491.6,0,0,0,0,0,0,491.6,0,0,0,0,0,0,491.6,386.6666667,504.1,1054.184244,0.04561024
JVASP-25116,194.5,290.8,290.8,0,0,0,290.8,194.5,290.8,0,0,0,290.8,290.8,194.5,0,0,0,0,0,0,-214.6,0,0,0,0,0,0,-214.6,0,0,0,0,0,0,-214.6,258.7,-148.02,-548.7118934,0.853505923
JVASP-25306,1061,125.6,125.6,0,0,0,125.6,1061,125.6,0,0,0,125.6,125.6,1061,0,0,0,0,0,0,559.3,0,0,0,0,0,0,559.3,0,0,0,0,0,0,559.3,437.4,522.66,1121.340787,0.072724895
JVASP-30458,1050.9,188.9,-1.5,0,0,0,188.9,1053.6,-5.9,0,0,0,-1.5,-5.9,40,0,0,0,0,0,0,425.5,0,0,0,0,0,0,-2.6,0,0,0,0,0,0,7.4,278.6111111,216.9266667,516.6834005,0.190917208
JVASP-29709,588.2,146.7,1.7,0,0,0,146.7,330.4,0.7,0,0,0,1.7,0.7,25.2,0,0,0,0,0,0,188.5,0,0,0,0,0,0,-4.4,0,0,0,0,0,0,-5.4,138,88.72,219.1880968,0.235280076
JVASP-48,1058.9,191.9,-3.4,0,0,0,191.9,1058.9,-3.4,0,0,0,-3.4,-3.4,41.4,0,0,0,0,0,0,433.5,0,0,0,0,0,0,4.3,0,0,0,0,0,0,4.3,281.0444444,220.0266667,523.4729022,0.189566951
JVASP-25243,502.2,222.9,222.9,0,0,0,222.9,502.2,222.9,0,0,0,222.9,222.9,502.2,0,0,0,0,0,0,289.3,0,0,0,0,0,0,289.3,0,0,0,0,0,0,289.3,316,229.44,554.1916021,0.207704851
JVASP-25363,1050.9,188.9,-1.5,0,0,0,188.9,1053.6,-5.9,0,0,0,-1.5,-5.9,40,0,0,0,0,0,0,425.4,0,0,0,0,0,0,-2.6,0,0,0,0,0,0,7.4,278.6111111,216.9066667,516.6455788,0.190939833
JVASP-25258,588.2,146.7,1.7,0,0,0,146.7,330.4,0.7,0,0,0,1.7,0.7,25.2,0,0,0,0,0,0,188.5,0,0,0,0,0,0,-4.4,0,0,0,0,0,0,-5.4,138,88.72,219.1880968,0.235280076
JVASP-25411,350.6,302,302,0,0,0,302,350.6,302,0,0,0,302,302,350.6,0,0,0,0,0,0,431.9,0,0,0,0,0,0,431.9,0,0,0,0,0,0,431.9,318.2,268.86,629.3309695,0.170369281
JVASP-25403,294.5,53.2,0,0,0,0,53.2,294.6,0,0,0,0,0,0,0.7,0,0,0,0,0,0,120.7,0,0,0,0,0,0,0.1,0,0,0,0,0,0,0.1,77.35555556,59.95333333,142.9337397,0.192041641
JVASP-25404,353.3,63.7,0,0,0,0,63.7,353.3,0,0,0,0,0,0,-0.1,0,0,0,0,0,0,144.8,0,0,0,0,0,0,0.2,0,0,0,0,0,0,0.2,92.65555556,71.89333333,171.3595457,0.191762419
JVASP-25182,1189.8,100,16.8,0,0,0,100,1189.8,16.8,0,0,0,16.8,16.8,1291.6,0,0,0,0,0,0,544.9,0,0,0,0,0,0,461.2,0,0,0,0,0,0,461.2,437.6,529.3,1131.640584,0.06899734
JVASP-135299,1002,180.4,-4.3,0,0,0,180.4,1002,-4.3,0,0,0,-4.3,-4.3,38.7,0,0,0,0,0,0,410.8,0,0,0,0,0,0,-4.5,0,0,0,0,0,0,-4.5,265.1444444,205.0866667,489.1439578,0.192529884
JVASP-135302,609.1,82.9,39.5,0,0,0,82.9,609.1,39.5,0,0,0,39.5,39.5,811.8,0,0,0,0,0,0,263.1,0,0,0,0,0,0,-177.8,0,0,0,0,0,0,-177.8,261.5333333,106.04,280.2444894,0.321409324
JVASP-135340,437.3,121,87.8,0,0,0,121,155.7,5.6,0,0,0,87.8,5.6,736.1,0,0,0,0,0,0,74.3,0,0,0,0,0,0,-21,0,0,0,0,0,0,337.3,195.3222222,152.4333333,362.8962035,0.190343987
JVASP-154638,1071,85.7,54.6,0,0,0,85.7,1034.6,164.9,0,0,0,54.6,164.9,873.3,0,0,0,0,0,0,516.5,0,0,0,0,0,0,451.6,0,0,0,0,0,0,389.1,398.8111111,449.6866667,980.5241129,0.09023036
JVASP-1759,-24.8,-2.6,-1.1,0,0,0,-2.6,-24.8,-1.1,0,0,0,-1.1,-1.1,-26.2,0,0,0,0,0,0,-11.1,0,0,0,0,0,0,-8.3,0,0,0,0,0,0,-8.3,-9.488888889,-10.27333333,-22.64694545,0.102219928
JVASP-21212,-16.3,-5.6,-5.6,0,0,0,-5.6,-16.3,-5.6,0,0,0,-5.6,-5.6,-16.3,0,0,0,0,0,0,-13.3,0,0,0,0,0,0,-13.3,0,0,0,0,0,0,-13.3,-9.166666667,-10.12,-22.19298246,0.096491228
JVASP-78343,-83.7,308.9,308.9,0,0,0,308.9,-83.7,308.9,0,0,0,308.9,308.9,-83.7,0,0,0,0,0,0,-176.3,0,0,0,0,0,0,-176.3,0,0,0,0,0,0,-176.3,178.0333333,-184.3,-844.2078045,1.290308748
JVASP-78468,91,450.3,-5.5,0,0,0,450.3,91,-5.5,0,0,0,-5.5,-5.5,66.5,0,0,0,0,0,0,776.4,0,0,0,0,0,0,-0.1,0,0,0,0,0,0,-0.1,125.2333333,142.52,309.973162,0.087472502
JVASP-25051,-7.3,10.1,10.1,0,0,0,10.1,-7.3,10.1,0,0,0,10.1,10.1,-7.3,0,0,0,0,0,0,0.1,0,0,0,0,0,0,0.1,0,0,0,0,0,0,0.1,4.3,-3.42,-13.96139241,1.041139241
JVASP-25172,-11,11.9,11.9,0,0,0,11.9,-11,11.9,0,0,0,11.9,11.9,-11,0,0,0,0,0,0,-0.1,0,0,0,0,0,0,-0.1,0,0,0,0,0,0,-0.1,4.266666667,-4.64,-21.83529412,1.352941176
JVASP-25307,6,2.8,2.1,0,0,0,2.8,6,2.1,0,0,0,2.1,2.1,10.1,0,0,0,0,0,0,1.6,0,0,0,0,0,0,-2.1,0,0,0,0,0,0,-2.1,4.011111111,0.486666667,1.403248136,0.441693291
JVASP-25308,-16.3,-5.6,-5.6,0,0,0,-5.6,-16.3,-5.6,0,0,0,-5.6,-5.6,-16.3,0,0,0,0,0,0,-13.3,0,0,0,0,0,0,-13.3,0,0,0,0,0,0,-13.3,-9.166666667,-10.12,-22.19298246,0.096491228
JVASP-20293,-11,11.9,11.9,0,0,0,11.9,-11,11.9,0,0,0,11.9,11.9,-11,0,0,0,0,0,0,-0.1,0,0,0,0,0,0,-0.1,0,0,0,0,0,0,-0.1,4.266666667,-4.64,-21.83529412,1.352941176
JVASP-25138,-24.8,-2.6,-1.1,0,0,0,-2.6,-24.8,-1.1,0,0,0,-1.1,-1.1,-26.2,0,0,0,0,0,0,-11.1,0,0,0,0,0,0,-8.3,0,0,0,0,0,0,-8.3,-9.488888889,-10.27333333,-22.64694545,0.102219928
JVASP-20165,5.3,3.8,3.8,0,0,0,3.8,5.3,3.8,0,0,0,3.8,3.8,5.3,0,0,0,0,0,0,2.4,0,0,0,0,0,0,2.4,0,0,0,0,0,0,2.4,4.3,1.74,4.599590164,0.321721311
JVASP-25416,553.8,148.2,148.2,0,0,0,148.2,553.8,148.2,0,0,0,148.2,148.2,553.8,0,0,0,0,0,0,282.7,0,0,0,0,0,0,282.7,0,0,0,0,0,0,282.7,283.4,250.74,580.9012698,0.158373753
JVASP-25250,5.4,4.5,3.3,0,0,0,4.5,5.4,3.3,0,0,0,3.3,3.3,7.2,0,0,0,0,0,0,2.2,0,0,0,0,0,0,0.5,0,0,0,0,0,0,0.5,4.466666667,1.1,3.049655172,0.386206897
JVASP-149788,8.1,6.5,6.5,0,0,0,6.5,8.1,6.5,0,0,0,6.5,6.5,8.1,0,0,0,0,0,0,5.1,0,0,0,0,0,0,5.1,0,0,0,0,0,0,5.1,7.033333333,3.38,8.73995098,0.292892157
JVASP-149611,3.5,8.2,8.2,0,0,0,8.2,3.5,8.2,0,0,0,8.2,8.2,3.5,0,0,0,0,0,0,1.2,0,0,0,0,0,0,1.2,0,0,0,0,0,0,1.2,6.633333333,-0.22,-0.667378049,0.516768293
JVASP-151313,37.4,3.1,3.1,0,0,0,3.1,37.4,3.1,0,0,0,3.1,3.1,37.4,0,0,0,0,0,0,2.2,0,0,0,0,0,0,2.2,0,0,0,0,0,0,2.2,14.53333333,8.18,20.66326767,0.263035921
JVASP-26,179.1,6.6,38.4,0,0,0,6.6,48.1,-0.9,0,0,0,38.4,-0.9,53.7,0,0,0,0,0,0,13.5,0,0,0,0,0,0,2.8,0,0,0,0,0,0,57.2,41.01111111,30.48666667,73.29747698,0.202123502
JVASP-15781,215.6,61.3,8.7,0,0,0,61.3,65.6,-23.4,0,0,0,8.7,-23.4,218.1,0,0,0,0,0,0,98,0,0,0,0,0,0,-214.8,0,0,0,0,0,0,39.4,65.83333333,14.7,41.04500471,0.396088596
JVASP-14611,147.6,42.9,31.2,0,34.4,0,42.9,147.6,31.2,0,-34.4,0,31.2,31.2,29.5,0,0,0,0,0,0,52.3,0,34.4,34.4,-34.4,0,0,62.7,0,0,0,0,34.4,0,62.7,59.47777778,50.16666667,117.4725139,0.170822397
JVASP-7758,16.7,4.2,7.4,0,-0.2,0,4.2,16.5,8.1,0,1.4,0,7.4,8.1,15.1,0,-0.6,0,0,0,0,0.8,0,-0.1,-0.2,1.4,-0.6,0,6,0,0,0,0,-0.1,0,4.9,9.744444444,4.246666667,11.12403425,0.309737157
JVASP-7818,179.4,6.7,38.9,0,0,0,6.7,48.1,-1,0,0,0,38.9,-1,54.3,0,0,0,0,0,0,13.6,0,0,0,0,0,0,2.9,0,0,0,0,0,0,57.6,41.22222222,30.63333333,73.65500108,0.2022035
JVASP-25144,179.4,6.7,38.9,0,0,0,6.7,48.1,-1,0,0,0,38.9,-1,54.3,0,0,0,0,0,0,13.6,0,0,0,0,0,0,2.9,0,0,0,0,0,0,57.6,41.22222222,30.63333333,73.65500108,0.2022035
JVASP-25047,147.6,42.9,31.2,0,34.4,0,42.9,147.6,31.2,0,-34.4,0,31.2,31.2,29.4,0,0,0,0,0,0,52.3,0,34.4,34.4,-34.4,0,0,62.7,0,0,0,0,34.4,0,62.7,59.46666667,50.16,117.4555128,0.17080854
JVASP-25326,215.6,61.3,8.7,0,0,0,61.3,65.6,-23.4,0,0,0,8.7,-23.4,218.1,0,0,0,0,0,0,98,0,0,0,0,0,0,-214.9,0,0,0,0,0,0,39.4,65.83333333,14.68,40.99302479,0.39622019
JVASP-25311,69.8,106.9,106.9,0,0,0,106.9,69.8,106.9,0,0,0,106.9,106.9,69.8,0,0,0,0,0,0,-1.5,0,0,0,0,0,0,-1.5,0,0,0,0,0,0,-1.5,94.53333333,-8.32,-25.71438535,0.545335658
JVASP-79517,179.1,6.7,38.5,0,0,0,6.7,48.3,-0.8,0,0,0,38.5,-0.8,53.8,0,0,0,0,0,0,13.4,0,0,0,0,0,0,2.9,0,0,0,0,0,0,57.6,41.11111111,30.56666667,73.48711284,0.202079272
JVASP-25087,17,6.4,7.3,-0.3,0.1,-0.3,6.4,16.8,7,0.5,0.2,0.5,7.3,7,15.4,0,-0.7,0.4,-0.3,0.5,0,5.3,0.4,0.5,0.1,0.2,-0.7,0.4,3.7,0.3,-0.3,0.5,0.4,0.5,0.3,5.2,10.06666667,4.74,12.29089868,0.2965083
JVASP-25091,16.7,4.2,7.4,0,-0.2,0,4.2,16.5,8.1,0,1.4,0,7.4,8.1,15.1,0,-0.6,0,0,0,0,0.8,0,-0.1,-0.2,1.4,-0.6,0,6,0,0,0,0,-0.1,0,4.9,9.744444444,4.246666667,11.12403425,0.309737157
JVASP-25186,216.4,35.6,36.2,0,0,0,35.6,215.2,35.2,0,0,0,36.2,35.2,215.7,0,0,0,0,0,0,67.7,0,0,0,0,0,0,67.8,0,0,0,0,0,0,67.8,95.7,76.68,181.5506185,0.183819891
JVASP-14843,110.5,10.9,38.6,0,0,0,10.9,50.5,6.6,0,0,0,38.6,6.6,37.8,0,0,0,0,0,0,6.5,0,0,0,0,0,0,4.2,0,0,0,0,0,0,41.7,34.55555556,19.99333333,50.2824411,0.257480188
JVASP-14596,179.7,25.4,25.4,0,0,0,25.4,179.7,25.4,0,0,0,25.4,25.4,179.7,0,0,0,0,0,0,25.6,0,0,0,0,0,0,25.6,0,0,0,0,0,0,25.6,76.83333333,46.22,115.4998916,0.249457936
JVASP-14603,120.2,41.7,30.1,0,18.9,0,41.7,120.2,30.1,0,-18.9,0,30.1,30.1,31.6,0,0,0,0,0,0,39.3,0,18.9,18.9,-18.9,0,0,30.8,0,0,0,0,18.9,0,30.8,52.86666667,31.52,78.88289501,0.251314959
JVASP-11997,110.5,10.9,38.6,0,0,0,10.9,50.5,6.6,0,0,0,38.6,6.6,37.8,0,0,0,0,0,0,6.5,0,0,0,0,0,0,4.2,0,0,0,0,0,0,41.7,34.55555556,19.99333333,50.2824411,0.257480188
JVASP-25083,179.7,25.4,25.4,0,0,0,25.4,179.7,25.4,0,0,0,25.4,25.4,179.7,0,0,0,0,0,0,25.6,0,0,0,0,0,0,25.6,0,0,0,0,0,0,25.6,76.83333333,46.22,115.4998916,0.249457936
JVASP-25145,110.5,10.9,38.6,0,0,0,10.9,50.5,6.6,0,0,0,38.6,6.6,37.8,0,0,0,0,0,0,6.5,0,0,0,0,0,0,4.2,0,0,0,0,0,0,41.7,34.55555556,19.99333333,50.2824411,0.257480188
JVASP-822,120.1,41.6,30.1,0,18.9,0,41.6,120.1,30.1,0,-18.9,0,30.1,30.1,31.6,0,0,0,0,0,0,39.2,0,18.9,18.9,-18.9,0,0,30.7,0,0,0,0,18.9,0,30.7,52.82222222,31.45333333,78.73270149,0.251579612
JVASP-14614,138.6,13.5,13.5,0,0,0,13.5,138.6,13.5,0,0,0,13.5,13.5,138.6,0,0,0,0,0,0,12.9,0,0,0,0,0,0,12.9,0,0,0,0,0,0,12.9,55.2,32.76,82.04863884,0.252268603
JVASP-14591,85.1,26.4,22.2,0,16.7,0,26.4,85.1,22.2,0,-16.7,0,22.2,22.2,35.3,0,0,0,0,0,0,29.4,0,16.7,16.7,-16.7,0,0,27.7,0,0,0,0,16.7,0,27.7,38.56666667,25.94,63.56801751,0.225289466
JVASP-12177,69.7,63.8,46.4,0,0,0,63.8,69.7,46.4,0,0,0,46.4,46.4,65.2,0,0,0,0,0,0,3,0,0,0,0,0,0,2.8,0,0,0,0,0,0,2.8,57.53333333,4.92,14.35092384,0.458427219
JVASP-8139,79.2,48.4,48.4,0,0,0,48.4,79.2,48.4,0,0,0,48.4,48.4,79.2,0,0,0,0,0,0,21.4,0,0,0,0,0,0,21.4,0,0,0,0,0,0,21.4,58.66666667,19,51.44615385,0.353846154
JVASP-993,85.1,26.4,22.2,0,16.7,0,26.4,85.1,22.2,0,-16.7,0,22.2,22.2,35.3,0,0,0,0,0,0,29.4,0,16.7,16.7,-16.7,0,0,27.7,0,0,0,0,16.7,0,27.7,38.56666667,25.94,63.56801751,0.225289466
JVASP-25073,38,66.6,66.6,0,0,0,66.6,38,66.6,0,0,0,66.6,66.6,38,0,0,0,0,0,0,0.1,0,0,0,0,0,0,0.1,0,0,0,0,0,0,0.1,57.06666667,-5.66,-17.56056542,0.551286698
JVASP-25123,107.4,33.9,43.8,0,0,0,33.9,107.4,43.8,0,0,0,43.8,43.8,45,0,0,0,0,0,0,-10,0,0,0,0,0,0,-13.7,0,0,0,0,0,0,-13.7,55.86666667,1.74,5.166363529,0.484587221
JVASP-25092,138.6,13.5,13.5,0,0,0,13.5,138.6,13.5,0,0,0,13.5,13.5,138.6,0,0,0,0,0,0,12.9,0,0,0,0,0,0,12.9,0,0,0,0,0,0,12.9,55.2,32.76,82.04863884,0.252268603
JVASP-25287,142.8,10.9,10.9,0,0,0,10.9,142.8,10.9,0,0,0,10.9,10.9,142.8,0,0,0,0,0,0,13.4,0,0,0,0,0,0,13.4,0,0,0,0,0,0,13.4,54.86666667,34.42,85.40144709,0.240578836
JVASP-16277,38,66.6,66.6,0,0,0,66.6,38,66.6,0,0,0,66.6,66.6,38,0,0,0,0,0,0,0.1,0,0,0,0,0,0,0.1,0,0,0,0,0,0,0.1,57.06666667,-5.66,-17.56056542,0.551286698
JVASP-16278,107.4,33.9,43.8,0,0,0,33.9,107.4,43.8,0,0,0,43.8,43.8,45,0,0,0,0,0,0,-10,0,0,0,0,0,0,-13.7,0,0,0,0,0,0,-13.7,55.86666667,1.74,5.166363529,0.484587221
JVASP-25332,79.2,48.4,48.4,0,0,0,48.4,79.2,48.4,0,0,0,48.4,48.4,79.2,0,0,0,0,0,0,21.4,0,0,0,0,0,0,21.4,0,0,0,0,0,0,21.4,58.66666667,19,51.44615385,0.353846154
JVASP-25336,69.7,63.8,46.4,0,0,0,63.8,69.7,46.4,0,0,0,46.4,46.4,65.2,0,0,0,0,0,0,3,0,0,0,0,0,0,2.8,0,0,0,0,0,0,2.8,57.53333333,4.92,14.35092384,0.458427219
JVASP-25215,79.3,59.4,5.4,0,-0.2,0,59.4,79.3,5.4,0,-0.2,0,5.4,5.4,60.7,0,0.1,0,0,0,0,61.4,0,0,-0.2,-0.2,0.1,0,3.4,0,0,0,0,0,0,3.4,39.96666667,23.58,59.11434346,0.253484806
JVASP-25208,39.2,41,34.9,0,0,0,41,39.2,34.9,0,0,0,34.9,34.9,101,0,0,0,0,0,0,11.8,0,0,0,0,0,0,-29,0,0,0,0,0,0,-29,44.55555556,-4.666666667,-14.50645995,0.554263566
JVASP-103217,86.4,61.2,16.6,0,0,0,61.2,86.4,16.6,0,0,0,16.6,16.6,132.5,0,0,0,0,0,0,59.1,0,0,0,0,0,0,12.5,0,0,0,0,0,0,12.5,54.9,30.88,78.01313018,0.263165968
JVASP-837,66.6,26.8,22.6,0,6.3,0,26.8,66.6,22.6,0,-6.3,0,22.6,22.6,33.1,0,0,0,0,0,0,19.9,0,6.3,6.3,-6.3,0,0,10.2,0,0,0,0,6.3,0,10.2,34.47777778,14.34666667,37.79733967,0.317286466
JVASP-25168,71.2,46.1,32.8,0,-9.9,0,46.1,60.3,43.3,0,-6.2,0,32.8,43.3,73,0,15.7,0,0,0,0,6.4,0,-1.1,-9.9,-6.2,15.7,0,20.3,0,0,0,0,-1.1,0,4.8,49.87777778,11.78666667,32.77806137,0.39047206
JVASP-25227,64.1,48.2,48.2,0,0,0,48.2,64.1,48.2,0,0,0,48.2,48.2,64.1,0,0,0,0,0,0,23.4,0,0,0,0,0,0,23.4,0,0,0,0,0,0,23.4,53.5,17.22,46.65445645,0.354659014
JVASP-25228,85.10183394,84.92640649,34.82497248,34.79128397,85.2080346,0.033462625,67.13374115,85.20850202,17.3036918,17.27202856,67.13068954,67.04986016,85.01801412,85.09785757,44.24161533,84.90994567,34.85478455,17.28235195,54.69986978,44.29745958,17.28362332,44.22471523,25.95826683,9.055654218,67.05533992,34.85534624,8.717226102,34.78796338,54.69647148,18.81208228,54.6741806,85.01295023,84.91916754,84.92576108,17.30279222,34.78953587,54.29578809,31.90860322,80.04541895,0.254292117
JVASP-25217,121.3,11.3,11.3,0,0,0,11.3,121.3,11.3,0,0,0,11.3,11.3,121.3,0,0,0,0,0,0,7,0,0,0,0,0,0,7,0,0,0,0,0,0,7,47.96666667,26.2,66.49347443,0.268959436
JVASP-14592,41.9,30.3,37.9,0,0,0,30.3,93.2,29.4,0,0,0,37.9,29.4,45.2,0,0,0,0,0,0,2.9,0,0,0,0,0,0,2.8,0,0,0,0,0,0,30.8,41.72222222,12.81333333,34.87031937,0.36070445
JVASP-25072,41.9,30.3,38,0,0,0,30.3,93.2,29.4,0,0,0,38,29.4,45.2,0,0,0,0,0,0,2.9,0,0,0,0,0,0,2.8,0,0,0,0,0,0,30.8,41.74444444,12.80666667,34.85558292,0.360837438
JVASP-25405,120.3,27.2,21.9,0,0,0,27.2,148.5,11.1,0,0,0,21.9,11.1,21.5,0,0,0,0,0,0,8.4,0,0,0,0,0,0,3.7,0,0,0,0,0,0,-6,45.63333333,16.56,44.31898866,0.338133716
JVASP-25075,94.1,28.9,28.9,0,0,0,28.9,94.1,28.9,0,0,0,28.9,28.9,94.1,0,0,0,0,0,0,2.8,0,0,0,0,0,0,2.8,0,0,0,0,0,0,2.8,50.63333333,14.72,40.25869644,0.367482895
JVASP-1023,37.6,10.5,25,0,13.3,0,10.5,37.6,25,0,-13.3,0,25,25,66.8,0,0,0,0,0,0,13.6,0,13.3,13.3,-13.3,0,0,32.4,0,0,0,0,13.3,0,32.4,29.22222222,21.11333333,51.04620947,0.208861923
JVASP-16291,94.1,28.9,28.9,0,0,0,28.9,94.1,28.9,0,0,0,28.9,28.9,94.1,0,0,0,0,0,0,2.8,0,0,0,0,0,0,2.8,0,0,0,0,0,0,2.8,50.63333333,14.72,40.25869644,0.367482895
JVASP-25247,62.8,23.9,44.3,0,21,0,23.9,60.8,41,0,-23.9,0,44.3,41,54.4,0,-3.4,0,0,0,0,13,0,12.2,21,-23.9,-3.4,0,38.9,0,0,0,0,12.2,0,23.9,44.04444444,19.74666667,51.5379159,0.304977614
JVASP-25210,37.6,10.5,25,0,13.3,0,10.5,37.6,25,0,-13.3,0,25,25,66.8,0,0,0,0,0,0,13.6,0,13.3,13.3,-13.3,0,0,32.4,0,0,0,0,13.3,0,32.4,29.22222222,21.11333333,51.04620947,0.208861923
JVASP-14915,112.8,49.5,49.5,0,0,0,49.5,112.8,49.5,0,0,0,49.5,49.5,112.8,0,0,0,0,0,0,8.2,0,0,0,0,0,0,8.2,0,0,0,0,0,0,8.2,70.6,17.58,48.69793356,0.385037928
JVASP-14602,118.7,46.6,46.6,0,0,0,46.6,118.7,46.6,0,0,0,46.6,46.6,118.7,0,0,0,0,0,0,-31.5,0,0,0,0,0,0,-31.5,0,0,0,0,0,0,-31.5,70.63333333,-4.48,-13.73028638,0.532398033
JVASP-7802,41.5,4.7,11,0,-0.6,4.7,4.7,41.5,11,0,0.6,-4.7,11,11,15.5,0,0,0,0,0,0,18.4,-4.7,-0.6,-0.6,0.6,0,-4.7,8.6,0,4.7,-4.7,0,-0.6,0,8.6,16.87777778,11.90666667,28.91945422,0.214422769
JVASP-7804,27,9.1,22.3,0,-9.1,0,9.1,27,22.3,0,9.1,0,22.3,22.3,84.4,0,0,0,0,0,0,8.9,0,-9.1,-9.1,9.1,0,0,26,0,0,0,0,-9.1,0,26,27.31111111,17.82666667,43.92336274,0.231956696
JVASP-25110,132.8,0,65.8,0,0,0,0,30.3,3.9,0,0,0,65.8,3.9,126.3,0,0,0,0,0,0,4.7,0,0,0,0,0,0,1.3,0,0,0,0,0,0,15.4,47.64444444,18.92666667,50.1405824,0.324601507
JVASP-25331,112.8,49.5,49.5,0,0,0,49.5,112.8,49.5,0,0,0,49.5,49.5,112.8,0,0,0,0,0,0,8.2,0,0,0,0,0,0,8.2,0,0,0,0,0,0,8.2,70.6,17.58,48.69793356,0.385037928
JVASP-25137,118.7,46.6,46.6,0,0,0,46.6,118.7,46.6,0,0,0,46.6,46.6,118.7,0,0,0,0,0,0,-31.5,0,0,0,0,0,0,-31.5,0,0,0,0,0,0,-31.5,70.63333333,-4.48,-13.73028638,0.532398033
JVASP-25090,26.9,47,47,0,0,0,47,26.9,47,0,0,0,47,47,26.9,0,0,0,0,0,0,-17.6,0,0,0,0,0,0,-17.6,0,0,0,0,0,0,-17.6,40.3,-14.58,-49.73820542,0.705699774
JVASP-25049,41.5,4.7,11,0,-0.6,4.7,4.7,41.5,11,0,0.6,-4.7,11,11,15.5,0,0,0,0,0,0,18.4,-4.7,-0.6,-0.6,0.6,0,-4.7,8.6,0,4.7,-4.7,0,-0.6,0,8.6,16.87777778,11.90666667,28.91945422,0.214422769
JVASP-25043,27,9.1,22.3,0,9.2,0,9.1,27,22.3,0,-9.2,0,22.3,22.3,84.4,0,0,0,0,0,0,8.9,0,9.2,9.2,-9.2,0,0,26.1,0,0,0,0,9.2,0,26.1,27.31111111,17.86666667,44.00427522,0.231462926
JVASP-21211,27,9.1,22.3,0,-9.1,0,9.1,27,22.3,0,9.1,0,22.3,22.3,84.4,0,0,0,0,0,0,8.9,0,-9.1,-9.1,9.1,0,0,26,0,0,0,0,-9.1,0,26,27.31111111,17.82666667,43.92336274,0.231956696
JVASP-25188,14,8.6,7.7,0,-0.7,0,8.6,25.5,7.7,0,-0.3,0,7.7,7.7,20.8,0,1.6,0,0,0,0,5.5,0,1,-0.7,-0.3,1.6,0,3.7,0,0,0,0,1,0,6.2,12.03333333,5.5,14.31850962,0.301682692
JVASP-25189,22.2,7.9,8.9,0,-2.4,0,7.9,19.4,7.6,0,-2.5,0,8.9,7.6,19.7,0,1.5,0,0,0,0,4.3,0,-0.2,-2.4,-2.5,1.5,0,4.4,0,0,0,0,-0.2,0,10.1,12.23333333,6.22,15.95577819,0.282618826
JVASP-16839,26.9,47,47,0,0,0,47,26.9,47,0,0,0,47,47,26.9,0,0,0,0,0,0,-17.6,0,0,0,0,0,0,-17.6,0,0,0,0,0,0,-17.6,40.3,-14.58,-49.73820542,0.705699774
JVASP-88220,18.2,22,7.6,0,4.3,2.9,22,18.2,7.6,0,-4.3,-2.9,7.6,7.6,24.3,0,0,0,0,0,0,-1.9,-2.9,4.3,4.3,-4.3,0,-2.9,2.8,0,2.9,-2.9,0,4.3,0,2.8,15.01111111,2.306666667,6.582819321,0.426911703
JVASP-85765,17.6,12.6,4.9,0,-4.8,-0.9,12.6,17.6,4.9,0,4.8,0.9,4.9,4.9,15.7,0,0,0,0,0,0,2.5,0.9,-4.8,-4.8,4.8,0,0.9,-2.5,0,-0.9,0.9,0,-4.8,0,-2.5,10.63333333,1.4,4.023423423,0.436936937
JVASP-21215,20.2,6.7,6.6,0,-3,0,6.7,20.2,6.6,0,3,0,6.6,6.6,126.5,0,0,0,0,0,0,6.8,0,-3,-3,3,0,0,7,0,0,0,0,-3,0,7,22.96666667,13.96,34.82418537,0.247284576
JVASP-8154,33.6,8.5,7.4,0,-2.3,-3.6,8.5,33.6,7.4,0,2.3,3.6,7.4,7.4,17.1,0,0,0,0,0,0,12.6,3.6,-2.3,-2.3,2.3,0,3.6,8,0,-3.6,3.6,0,-2.3,0,8,14.54444444,9.786666667,23.98118058,0.225196556
JVASP-16353,119.2,64,64,0,0,0,64,119.2,64,0,0,0,64,64,119.2,0,0,0,0,0,0,12.6,0,0,0,0,0,0,12.6,0,0,0,0,0,0,12.6,82.4,18.6,51.89525959,0.39503386
JVASP-25131,119.2,64,64,0,0,0,64,119.2,64,0,0,0,64,64,119.2,0,0,0,0,0,0,12.6,0,0,0,0,0,0,12.6,0,0,0,0,0,0,12.6,82.4,18.6,51.89525959,0.39503386
JVASP-25335,33.6,8.5,7.4,0,-2.3,-3.6,8.5,33.6,7.4,0,2.3,3.6,7.4,7.4,17.1,0,0,0,0,0,0,12.6,3.6,-2.3,-2.3,2.3,0,3.6,8,0,-3.6,3.6,0,-2.3,0,8,14.54444444,9.786666667,23.98118058,0.225196556
JVASP-25192,20.3,6.7,6.6,0,3,0,6.7,20.3,6.6,0,-3,0,6.6,6.6,126.5,0,0,0,0,0,0,6.8,0,3,3,-3,0,0,7,0,0,0,0,3,0,7,22.98888889,13.97333333,34.85751949,0.247287196
JVASP-90736,9.7,4.1,2.6,0,2.3,0,4.1,9.2,3.4,0,0.7,0,2.6,3.4,14.6,0,-5,0,0,0,0,1.4,0,1,2.3,0.7,-5,0,4,0,0,0,0,1,0,2.4,5.966666667,3.12,7.970694577,0.2773549
JVASP-105705,29.1,18.2,-1.2,0,0,0,18.2,66,1.4,0,0,0,-1.2,1.4,36.7,0,0.1,0,0,0,0,10.1,0,0,0,0,0.1,0,4.3,0,0,0,0,0,0,0.4,18.73333333,10.52,26.58381295,0.263489209
JVASP-25270,80.6,71.3,2.5,0,0,0,71.3,84.9,2.2,0,0,0,2.5,2.2,41.8,0,0.2,0,0,0,0,70.5,0,0,0,0,0.2,0,3.7,0,0,0,0,0,0,4.2,39.92222222,24.43333333,60.88000462,0.245839112
JVASP-25272,-17.4,-2.9,6.5,0,-1.4,0,-2.9,-17.4,6.5,0,1.4,0,6.5,6.5,-1.1,0,0,0,0,0,0,-7.3,0,-1.4,-1.4,1.4,0,0,5.4,0,0,0,0,-1.4,0,5.4,-1.744444444,-2.366666667,-4.889035088,0.032894737
JVASP-949,26,13.3,4.5,0,-1.4,0,13.3,24.8,4.8,0,0.8,0,4.5,4.8,32.5,0,0.6,0,0,0,0,13.1,0,-1.6,-1.4,0.8,0.6,0,3,0,0,0,0,-1.6,0,3.9,14.27777778,8.046666667,20.32226153,0.262775157
JVASP-25277,-18.9,5.9,-0.1,0,0.3,0,5.9,1,5.3,0,-10.3,0,-0.1,5.3,-11.7,0,11.5,0,0,0,0,7.6,0,0.3,0.3,-10.3,11.5,0,-7.7,0,0,0,0,0.3,0,-3.3,-0.822222222,-3.393333333,-4.285096701,-0.368600683
JVASP-25109,1.3,10.7,-8.8,0,-1.5,0,10.7,-18.6,12.1,0,0.5,0,-8.8,12.1,-4.2,0,5.6,0,0,0,0,6,0,4.5,-1.5,0.5,5.6,0,-2.8,0,0,0,0,4.5,0,-15.9,0.722222222,-4.906666667,11.63990268,-2.186131387
JVASP-25380,26.4,13.9,4.7,0,-1.4,0,13.9,25.7,4.7,0,0.8,0,4.7,4.7,33.2,0,0.4,0,0,0,0,13.6,0,-1.5,-1.4,0.8,0.4,0,3,0,0,0,0,-1.5,0,4.1,14.65555556,8.273333333,20.88921644,0.262442573
JVASP-135754,5.457542104,3.555543681,3.28599525,1.734050141,0.731964299,0.934010376,19.29507007,0.731998111,0.663460752,0.590408894,1.021956468,1.350470927,7.396842581,1.91160498,2.604289579,1.674718388,0.894010339,0.590866381,8.68533466,5.172060827,1.235666392,2.892882168,0.612706747,0.927288135,4.111350688,1.065048828,0.715850772,0.986922273,0.538297687,0.501552484,1.042456884,2.860906216,1.009664302,0.865343323,0.774320126,0.600052617,2.644869907,0.892168502,2.405977138,0.348387178
JVASP-135755,224.9,330.5,45.3,0,0,0,330.5,224.9,45.3,0,0,0,45.3,45.3,68.8,0,0,0,0,0,0,-52.8,0,0,0,0,0,0,23.4,0,0,0,0,0,0,23.4,151.2,5.3,15.71636522,0.482675964
JVASP-148904,11.5,7.4,10.5,0,0,0,7.4,27.5,-0.4,0,0,0,10.5,-0.4,16.7,0,0,0,0,0,0,1.5,0,0,0,0,0,0,-2.1,0,0,0,0,0,0,13.4,10.07777778,5.106666667,13.1062441,0.283248444
JVASP-19907,542.6,96.5,13,0,0,0,96.5,542.6,13,0,0,0,13,13,355.7,0,0,0,0,0,0,223.1,0,0,0,0,0,0,36.6,0,0,0,0,0,0,36.6,187.3222222,147.1533333,349.8502435,0.188726873
JVASP-114247,173,127.9,3.7,0,0,0,127.9,173,3.7,0,0,0,3.7,3.7,115.7,0,0,0,0,0,0,22.6,0,0,0,0,0,0,-27.2,0,0,0,0,0,0,-27.2,81.36666667,15.4,43.4582659,0.410982659
JVASP-114249,58.8,313.3,6.6,0,0,0,313.3,58.8,6.6,0,0,0,6.6,6.6,20.6,0,0,0,0,0,0,-127.3,0,0,0,0,0,0,-3,0,0,0,0,0,0,-3,87.91111111,-39.21333333,-138.1863056,0.761981115
JVASP-114250,187.1,50.6,32.2,6.7,-26.3,-9.9,50.6,212.1,124.7,16.1,10,-0.2,32.2,124.7,271.7,46.5,69.3,-6.2,6.7,16.1,46.5,55.2,1.2,7.1,-26.3,10,69.3,1.2,132,38.3,-9.9,-0.2,-6.2,7.1,38.3,60,120.6555556,80.33333333,197.2280503,0.227560479
JVASP-133762,110,12.3,30.9,0,0,0,12.3,559.8,29.6,0,0,0,30.9,29.6,53.1,0,0,0,0,0,0,-23.9,0,0,0,0,0,0,-308.6,0,0,0,0,0,0,29,96.5,-17.36,-55.40221945,0.595686044
JVASP-133764,91,83.2,-28,0,-10.8,0,83.2,816.5,101.8,0,35.1,0,-28,101.8,-13.1,0,-26.7,0,0,0,0,5.4,0,5.8,-10.8,35.1,-26.7,0,-90.2,0,0,0,0,5.8,0,-43.9,134.2666667,23.42,66.39934306,0.417577777
JVASP-139226,362.6,297.2,114.3,0,-27.7,0,297.2,-63,-7.9,0,76.5,0,114.3,-7.9,59,0,5.7,0,0,0,0,-82.7,0,-2.9,-27.7,76.5,5.7,0,-17.2,0,0,0,0,-2.9,0,12,129.5333333,-20.58,-65.19255475,0.583881311
JVASP-94965,389.7,35,35,0,0,0,35,389.7,35,0,0,0,35,35,389.7,0,0,0,0,0,0,52.8,0,0,0,0,0,0,52.8,0,0,0,0,0,0,52.8,153.2333333,102.62,251.6774114,0.22625907
JVASP-94953,390.6,32.7,32.7,0,0,0,32.7,390.6,32.7,0,0,0,32.7,32.7,390.6,0,0,0,0,0,0,40.5,0,0,0,0,0,0,40.5,0,0,0,0,0,0,40.5,152,95.88,237.667319,0.23939987
JVASP-133770,-1420.5,1739.8,59.8,0,0,0,1739.8,-1420.5,59.8,0,0,0,59.8,59.8,281.4,0,0,0,0,0,0,-1580.2,0,0,0,0,0,0,73.6,0,0,0,0,0,0,73.6,128.8,-581.2,3458.5577,-3.975359343
JVASP-8134,395.8,27,27,0,0,0,27,395.8,27,0,0,0,27,27,395.8,0,0,0,0,0,0,-6.4,0,0,0,0,0,0,-6.4,0,0,0,0,0,0,-6.4,149.9333333,69.92,181.5401524,0.29819903
JVASP-117512,345.3,113.6,8.3,0,0,0,113.6,345.3,8.3,0,0,0,8.3,8.3,108.2,0,0,0,0,0,0,115.9,0,0,0,0,0,0,-21.8,0,0,0,0,0,0,-21.8,117.6888889,59.03333333,151.7304214,0.28512497
JVASP-93377,866.4,209.9,10.3,0,0,0,209.9,771.7,166.7,0,0,0,10.3,166.7,987,0,0,0,0,0,0,426.9,0,0,0,0,0,0,459.9,0,0,0,0,0,0,287.7,377.6555556,384.1133333,860.5761124,0.120211195
JVASP-52866,501.8,111,75,0,-14.6,0,111,501.8,75,0,14.6,0,75,75,526,0,0,0,0,0,0,195.4,0,-14.6,-14.6,14.6,0,0,147.9,0,0,0,0,-14.6,0,147.9,227.9555556,182.8133333,432.7546899,0.183597175
JVASP-9163,0,1.62E-14,4.22E-15,1.62E-14,2.82E-14,3.24E-14,0,-4.22E-15,1.20E-14,2.40E-14,2.82E-14,1.20E-14,0,-1.20E-14,-1.62E-14,1.62E-14,3.16E-30,1.20E-14,3.24E-14,1.62E-14,2.82E-14,1.62E-14,4.22E-15,-1.22E-31,2.40E-14,2.82E-14,1.20E-14,0,-4.22E-15,1.20E-14,3.16E-30,1.20E-14,1.62E-14,-1.62E-14,-4.13E-31,-1.20E-14,4.93E-15,-3.52E-15,-1.39E-14,0.968503937
JVASP-137772,545.7,28.2,101,0.2,7.7,16.2,28.2,547.9,94.6,-2.7,6.7,16,101,94.6,412.4,3.4,8.1,20,0.2,-2.7,3.4,26.4,-1.7,-0.1,7.7,6.7,8.1,-1.7,12.1,2.5,16.2,16,20,-0.1,2.5,15.5,217.0666667,96.28,251.6356397,0.306790817
JVASP-137773,750.9,-12.8,144.7,0,0,0,-12.8,40.2,1.9,0,0,0,144.7,1.9,566.5,0,0,0,0,0,0,-0.1,0,0,0,0,0,0,-1,0,0,0,0,0,0,253.5,180.5777778,132.0666667,318.5437024,0.205995844
JVASP-137775,373.5,158.5,-0.8,0,0,0,158.5,703.9,12.4,0,0,0,-0.8,12.4,20.7,0,0,0,0,0,0,-231.2,0,0,0,0,0,0,-23.4,0,0,0,0,0,0,-1,159.8111111,10.74666667,31.53317285,0.467114121
JVASP-137779,41.6,-1.1,-1.5,0,0,0,-1.1,41.6,-1.5,0,0,0,-1.5,-1.5,1128.8,0,0,0,0,0,0,-1.2,0,0,0,0,0,0,0.6,0,0,0,0,0,0,0.6,133.7555556,81.07333333,202.3387624,0.247874943
JVASP-137780,309.2,153,128.1,0,-91.3,0,153,302.4,247.5,0,-144.7,0,128.1,247.5,296.5,0,42.9,0,0,0,0,-144.9,0,121.2,-91.3,-144.7,42.9,0,116.6,0,0,0,0,121.2,0,-28,218.3666667,14.04,41.23623158,0.468526766
JVASP-137781,273.4,34.5,70.6,1.1,8.1,2.4,34.5,235,164.3,0.5,-41.8,0.1,70.6,164.3,618.3,-5.2,-105.9,-1.9,1.1,0.5,-5.2,24.1,-0.7,-0.7,8.1,-41.8,-105.9,-0.7,121.6,-0.3,2.4,0.1,-1.9,-0.7,-0.3,79.3,185.0555556,102.1533333,258.8334094,0.266886752
JVASP-62756,883,198.2,1.1,0,0,0,198.2,883,1.1,0,0,0,1.1,1.1,36.7,0,0,0,0,0,0,342.4,0,0,0,0,0,0,5.5,0,0,0,0,0,0,5.5,244.8333333,177.5,428.8610197,0.208059211
JVASP-62906,849.2,102.2,55.8,0,14,0,102.2,551,58.6,0,46.9,0,55.8,58.6,334.8,0,22.3,0,0,0,0,215.5,0,17.4,14,46.9,22.3,0,24.3,0,0,0,0,17.4,0,132.6,240.9111111,175.7066667,424.0318715,0.206647077
JVASP-62618,883.8,198.4,1.1,0,0,0,198.4,883.8,1.1,0,0,0,1.1,1.1,37.1,0,0,0,0,0,0,342.7,0,0,0,0,0,0,5.6,0,0,0,0,0,0,5.6,245.1,177.72,429.3800223,0.208023921
JVASP-22673,886.4,201.1,-0.4,0,0,0,201.1,886.4,-0.4,0,0,0,-0.4,-0.4,37.4,0,0,0,0,0,0,342.6,0,0,0,0,0,0,5.6,0,0,0,0,0,0,5.6,245.6444444,178.0866667,430.2791225,0.208061026
JVASP-62778,883.8,198.5,1.1,0,0,0,198.5,883.8,1.1,0,0,0,1.1,1.1,37.1,0,0,0,0,0,0,342.7,0,0,0,0,0,0,5.6,0,0,0,0,0,0,5.6,245.1222222,177.7133333,429.3746273,0.208054059
JVASP-62940,883.8,198.4,1.1,0,0,0,198.4,883.8,1.1,0,0,0,1.1,1.1,37.1,0,0,0,0,0,0,342.7,0,0,0,0,0,0,5.6,0,0,0,0,0,0,5.6,245.1,177.72,429.3800223,0.208023921
JVASP-63743,879.8,200,-2.6,0,0,0,200,879.8,-2.6,0,0,0,-2.6,-2.6,36.7,0,0,0,0,0,0,339.9,0,0,0,0,0,0,3.2,0,0,0,0,0,0,3.2,242.8777778,176.0266667,425.3274055,0.208133442
JVASP-63210,734.4,122.7,204.5,0,15,0,122.7,119,88.4,0,5.8,0,204.5,88.4,781.6,0,68.1,0,0,0,0,97.3,0,59.4,15,5.8,68.1,0,84.7,0,0,0,0,59.4,0,188.6,274.0222222,155.4133333,392.1106955,0.261509187
JVASP-4843,888.7,198.6,-0.3,0,-3.6,0,198.6,888.9,-0.3,0,3.6,0,-0.3,-0.3,37,0,0,0,0,0,0,344.9,0,-3.5,-3.6,3.6,0,0,5.8,0,0,0,0,-3.5,0,5.7,245.6222222,179.0533333,432.1505139,0.206764783
JVASP-62975,883.8,198.5,1.1,0,0,0,198.5,883.8,1.1,0,0,0,1.1,1.1,37,0,0,0,0,0,0,342.7,0,0,0,0,0,0,5.5,0,0,0,0,0,0,5.5,245.1111111,177.6666667,429.2800292,0.208105148
JVASP-63690,889,198.9,-0.2,0,-3.6,0,198.9,889,-0.2,0,3.6,0,-0.2,-0.2,37.2,0,0,0,0,0,0,345.1,0,-3.6,-3.6,3.6,0,0,5.8,0,0,0,0,-3.6,0,5.8,245.8,179.12,432.3410989,0.206847641
JVASP-62568,836,187.4,-4.1,0,0,0,187.4,836,-4.1,0,0,0,-4.1,-4.1,33.9,0,0,0,0,0,0,324.3,0,0,0,0,0,0,-4.6,0,0,0,0,0,0,-4.6,229.3666667,164.8,398.8704889,0.210165318
JVASP-62681,883.3,198.3,1.1,0,0,0,198.3,883.3,1.1,0,0,0,1.1,1.1,36.8,0,0,0,0,0,0,342.5,0,0,0,0,0,0,5.5,0,0,0,0,0,0,5.5,244.9333333,177.56,429.0118637,0.20807576
JVASP-63377,564.4,195.6,240.3,0,0,0,195.6,344.3,81.5,0,0,0,240.3,81.5,413.8,0,0,0,0,0,0,213.2,0,0,0,0,0,0,78.6,0,0,0,0,0,0,290.1,261.9222222,170.0533333,419.3956212,0.233129669
JVASP-93373,566.3,19.1,54.5,0,0,0,19.1,972.2,130,0,0,0,54.5,130,950.7,0,0,0,0,0,0,130.8,0,0,0,0,0,0,388.7,0,0,0,0,0,0,140.8,321.8222222,284.4333333,659.1188948,0.158652692
JVASP-7776,731.7,172.1,107.5,0,0,0,172.1,731.7,107.5,0,0,0,107.5,107.5,969.2,0,0,0,0,0,0,246.4,0,0,0,0,0,0,332.6,0,0,0,0,0,0,332.6,356.3111111,318.6866667,736.4872246,0.155503668
JVASP-8039,734.4,122.7,204.5,0,15,0,122.7,119,88.4,0,5.8,0,204.5,88.4,781.6,0,68,0,0,0,0,97.3,0,59.4,15,5.8,68,0,84.7,0,0,0,0,59.4,0,188.6,274.0222222,155.4133333,392.1106955,0.261509187
JVASP-29590,574.2,59.9,305.4,0,134.8,0,59.9,44.8,82.5,0,32.4,0,305.4,82.5,393.9,0,171.4,0,0,0,0,55.2,0,118.1,134.8,32.4,171.4,0,88.9,0,0,0,0,118.1,0,266.7,212.0555556,119.8333333,302.5157628,0.26223545
JVASP-7821,849.2,102.2,55.8,0,14,0,102.2,551,58.6,0,46.9,0,55.8,58.6,334.8,0,22.2,0,0,0,0,215.5,0,17.4,14,46.9,22.2,0,24.3,0,0,0,0,17.4,0,132.6,240.9111111,175.7066667,424.0318715,0.206647077
JVASP-7836,791.1,171.7,171.7,0,0,0,171.7,791.1,171.7,0,0,0,171.7,171.7,791.1,0,0,0,0,0,0,447.6,0,0,0,0,0,0,447.6,0,0,0,0,0,0,447.6,378.1666667,392.44,874.7360997,0.11448387
JVASP-51882,782,126,112.1,0,0,0,126,687.9,279.1,0,0,0,112.1,279.1,352.4,0,0,0,0,0,0,300.6,0,0,0,0,0,0,267.4,0,0,0,0,0,0,181.8,317.4111111,236.9666667,569.2420759,0.201101581
JVASP-79204,937,132.7,59.8,0,0,0,132.7,937,59.8,0,0,0,59.8,59.8,1023.2,0,0,0,0,0,0,402.2,0,0,0,0,0,0,334.4,0,0,0,0,0,0,334.4,377.9777778,390.5266667,871.4519336,0.115739344
JVASP-57695,937.1,132.7,59.8,0,0,0,132.7,937.1,59.8,0,0,0,59.8,59.8,1022.9,0,0,0,0,0,0,402.2,0,0,0,0,0,0,334.4,0,0,0,0,0,0,334.4,377.9666667,390.52,871.4343055,0.115735821
JVASP-29880,879.7,200.2,-2.6,0,0,0,200.2,879.7,-2.6,0,0,0,-2.6,-2.6,36.7,0,0,0,0,0,0,339.8,0,0,0,0,0,0,3.2,0,0,0,0,0,0,3.2,242.9,175.98,425.2441504,0.20821727
JVASP-4570,836.9,187.6,-4.1,0,0,0,187.6,836.9,-4.1,0,0,0,-4.1,-4.1,34.3,0,0,0,0,0,0,324.7,0,0,0,0,0,0,-4.6,0,0,0,0,0,0,-4.6,229.6555556,165.0133333,399.3841292,0.210157147
JVASP-30047,879.9,197.6,3.8,0,0,0,197.6,886.1,-6.4,0,0,0,3.8,-6.4,38.1,0,0,0,0,0,0,342.6,0,0,0,0,0,0,-3.4,0,0,0,0,0,0,10.5,243.7888889,177.2133333,427.9466582,0.207433578
JVASP-17,883.7,198.3,1.1,0,0,0,198.3,883.7,1.1,0,0,0,1.1,1.1,37,0,0,0,0,0,0,342.7,0,0,0,0,0,0,5.5,0,0,0,0,0,0,5.5,245.0444444,177.6666667,429.2573035,0.208041192
JVASP-135775,932.8,132.1,60.4,0,0,0,132.1,932.9,60.4,0,0,0,60.4,60.4,1016,0,0,0,0,0,0,400.4,0,0,0,0,0,0,333.1,0,0,0,0,0,0,333.1,376.3888889,388.5733333,867.2711839,0.115968479
JVASP-135776,75.1,835.8,-0.6,0,-0.4,0,835.8,75.1,-0.6,0,0.4,0,-0.6,-0.6,39.5,0,0,0,0,0,0,-380.4,0,-0.4,-0.4,0.4,0,0,-26.4,0,0,0,0,-0.4,0,-26.4,206.5444444,-129.6333333,-491.7865374,0.896836735
JVASP-135777,321.8,28.7,45.3,-25.5,-1.4,-4.4,28.7,297.3,100.9,-6.3,-10.1,9.7,45.3,100.9,750.5,14,-142.3,-97.3,-25.5,-6.3,14,66.8,-1.6,-20.6,-1.4,-10.1,-142.3,-1.6,86.8,18.9,-4.4,9.7,-97.3,-20.6,18.9,137.6,191.0444444,137.8866667,333.4397551,0.209108042
JVASP-138456,979.2,66.8,-1.2,0,0,0,66.8,979.2,-1.2,0,0,0,-1.2,-1.2,102.4,0,0,0,0,0,0,-134.2,0,0,0,0,0,0,-11.3,0,0,0,0,0,0,-11.3,243.2888889,101.7333333,267.8635241,0.316498316
JVASP-135778,478,63.9,66.9,32.2,-24.9,-26,63.9,54.4,86.2,-7.5,-20.8,45.5,66.9,86.2,389.3,-30,-140.8,81.8,32.2,-7.5,-30,9.1,9.8,-18.4,-24.9,-20.8,-140.8,9.8,67.4,-33.5,-26,45.5,81.8,-18.4,-33.5,65.1,150.6333333,75.3,193.6346927,0.285754932
JVASP-138500,0,-0.2,-0.6,0,0,0,-0.2,-34.8,-17,0,0,0,-0.6,-17,-10.5,0,0,0,0,0,0,-1,0,0,0,0,0,0,-22,0,0,0,0,0,0,0.2,-8.988888889,-6.393333333,-15.50421663,0.212529976
JVASP-138515,883.4,-13.9,183.3,0,0,0,-13.9,176.9,-3.8,0,0,0,183.3,-3.8,879.9,0,0,0,0,0,0,27.5,0,0,0,0,0,0,-12.9,0,0,0,0,0,0,294.1,252.3777778,180.0466667,436.3708131,0.21182697
JVASP-138516,113.7,5.2,-15.7,0,-2.9,0,5.2,227.3,186.4,0,6.9,0,-15.7,186.4,706.3,0,-40.7,0,0,0,0,-15.1,0,-1.7,-2.9,6.9,-40.7,0,102,0,0,0,0,-1.7,0,-0.2,155.4555556,75.43333333,194.7928694,0.291159099
JVASP-138517,199.1,24,-10.3,0,-3.1,0,24,634.6,196.3,0,-2.3,0,-10.3,196.3,1499.8,0,-58.2,0,0,0,0,-5.6,0,-4.1,-3.1,-2.3,-58.2,0,213.8,0,0,0,0,-4.1,0,-4.6,305.9444444,182.2866667,456.2468973,0.251454387
JVASP-149915,4.1,5.6,0.8,0,0,0,5.6,4.1,0.8,0,0,0,0.8,0.8,811,0,0,0,0,0,0,-0.4,0,0,0,0,0,0,-7,0,0,0,0,0,0,-7,92.62222222,51.25333333,129.8152001,0.266407389
JVASP-1312,340.5,72.2,72.2,0,0,0,72.2,340.5,72.2,0,0,0,72.2,72.2,340.5,0,0,0,0,0,0,185.4,0,0,0,0,0,0,185.4,0,0,0,0,0,0,185.4,161.6333333,164.9,369.1597876,0.119344414
JVASP-12908,470.8,86,70.5,0,7.2,0,86,470.8,70.5,0,-7.2,0,70.5,70.5,408.1,0,0,0,0,0,0,192.4,0,7.2,7.2,-7.2,0,0,197,0,0,0,0,7.2,0,197,200.4111111,192.1266667,436.7990177,0.136747504
JVASP-36204,402.5,57.1,22.1,0,0,0,57.1,402.5,22.1,0,0,0,22.1,22.1,449.6,0,0,0,0,0,0,172.7,0,0,0,0,0,0,135,0,0,0,0,0,0,135,161.9111111,165.4266667,370.200471,0.118926224
JVASP-137829,156.1,13.4,47.6,0,-6.6,0,13.4,48.3,114.1,0,-38.4,0,47.6,114.1,-88.7,0,-55.9,0,0,0,0,-6.6,0,-37.4,-6.6,-38.4,-55.9,0,37.2,0,0,0,0,-37.4,0,9.1,51.76666667,3.98,11.64164992,0.462518835
JVASP-137831,253.8,45.6,19.3,0,0,0,45.6,200.5,33.1,0,0,0,19.3,33.1,145.5,0,0,0,0,0,0,56,0,0,0,0,0,0,-13.3,0,0,0,0,0,0,-7.9,88.42222222,40.41333333,105.2111053,0.30168804
JVASP-137832,-587.7,-1511.4,781.1,0,-175.9,0,-1511.4,-3918.2,1899.2,0,-401,0,781.1,1899.2,-874.7,0,221.9,0,0,0,0,-223.3,0,-185.2,-175.9,-401,221.9,0,-37.8,0,0,0,0,-185.2,0,-106.9,-338.0888889,-510.2333333,-1018.391595,-0.002033454
JVASP-137833,27.4,2.5,5.5,0,0,0,2.5,396.9,131.7,0,0,0,5.5,131.7,218.6,0,0,0,0,0,0,-2.2,0,0,0,0,0,0,96.7,0,0,0,0,0,0,9,102.4777778,54.24666667,138.3313998,0.275022119
JVASP-137834,163.3,10.9,-29.8,0,17.4,0,10.9,233.3,29.7,0,7.2,0,-29.8,29.7,81.1,0,-6.2,0,0,0,0,11.9,0,-4.7,17.4,7.2,-6.2,0,0.4,0,0,0,0,-4.7,0,28.2,55.47777778,39.22666667,95.23424422,0.213896723
JVASP-137835,-248.9,103.5,109.5,0,30,0,103.5,208.3,71,0,-0.2,0,109.5,71,51.8,0,-13.2,0,0,0,0,63.2,0,8.6,30,-0.2,-13.2,0,-18.2,0,0,0,0,8.6,0,-8.9,64.35555556,-10.96666667,-34.88134725,0.590334981
JVASP-137836,-13.3,33.2,-84.8,0,0,0,33.2,276.4,59.6,0,0,0,-84.8,59.6,25.5,0,0,0,0,0,0,27.7,0,0,0,0,0,0,-52.3,0,0,0,0,0,0,39.9,33.84444444,21.76666667,53.77231684,0.235198702
JVASP-137839,206.6,21.2,19.4,0,0,0,21.2,206.6,19.4,0,0,0,19.4,19.4,51.9,0,0,0,0,0,0,29.1,0,0,0,0,0,0,4.2,0,0,0,0,0,0,4.2,65.01111111,34.50666667,87.95787517,0.274505533
JVASP-137842,332.7,-9.9,111.1,0,0,0,-9.9,332.7,111.1,0,0,0,111.1,111.1,176.7,0,0,0,0,0,0,68,0,0,0,0,0,0,49.9,0,0,0,0,0,0,49.9,140.7444444,75.54666667,192.2434864,0.272349231
JVASP-137844,423.8,100.4,77,0,11.1,0,100.4,463.8,47,0,-28.6,0,77,47,296.9,0,-42.6,0,0,0,0,184.9,0,-16,11.1,-28.6,-42.6,0,112.2,0,0,0,0,-16,0,102.8,181.4777778,143.9866667,341.6132923,0.186267104
JVASP-137845,215.2,69.3,38.7,-6.9,19,2.2,69.3,97.2,57.6,-31.7,1,-14.5,38.7,57.6,155.1,-12.4,-1.7,-10,-6.9,-31.7,-12.4,65.5,-8.7,1.3,19,1,-1.7,-8.7,60.5,-11.6,2.2,-14.5,-10,1.3,-11.6,73.3,88.74444444,59.98666667,146.8682198,0.22417387
JVASP-9166,434,92.4,62.4,0,4.7,0,92.4,434,62.4,0,-4.7,0,62.4,62.4,366.7,0,0,0,0,0,0,170.8,0,4.7,4.7,-4.7,0,0,174,0,0,0,0,4.7,0,174,185.4555556,171.5933333,393.4370469,0.14642288
JVASP-37905,319.4,54.2,23.9,0,0,0,54.2,319.4,23.9,0,0,0,23.9,23.9,359,0,0,0,0,0,0,132.6,0,0,0,0,0,0,105.8,0,0,0,0,0,0,105.8,133.5333333,128.56,291.9786227,0.135573362
JVASP-7630,268.3,65.9,65.9,0,0,0,65.9,268.3,65.9,0,0,0,65.9,65.9,268.3,0,0,0,0,0,0,144.2,0,0,0,0,0,0,144.2,0,0,0,0,0,0,144.2,133.3666667,127,289.2014798,0.138588503
JVASP-120817,-273.4,205.6,126.8,0,-123.6,0,205.6,38.4,83.7,0,36,0,126.8,83.7,191.5,0,-17.1,0,0,0,0,-9.7,0,17.2,-123.6,36,-17.1,0,-49.2,0,0,0,0,17.2,0,75.3,87.63333333,-27.36,-91.61429906,0.674237921
JVASP-133718,114.5,58.9,-2.1,0,0,0,58.9,491.4,4.6,0,0,0,-2.1,4.6,50.7,0,0,0,0,0,0,-2.3,0,0,0,0,0,0,-19.7,0,0,0,0,0,0,5.6,86.6,36.4,95.78041864,0.315665091
JVASP-133719,224.2,89.9,89.9,0,49.5,0,89.9,146.7,28.2,0,-77.5,0,89.9,28.2,146.7,0,-77.5,0,0,0,0,39.3,0,-64.1,49.5,-77.5,-77.5,0,64.4,0,0,0,0,-64.1,0,39.3,103.7333333,49.24,127.5398513,0.295083786
JVASP-133720,-44.6,51,2.3,0,-28.1,0,51,11.8,20.8,0,14.5,0,2.3,20.8,126.3,0,23,0,0,0,0,-13.8,0,-39.6,-28.1,14.5,23,0,32.7,0,0,0,0,-39.6,0,58.4,26.85555556,16.75333333,41.60789834,0.241779696
JVASP-36873,183.9,56.5,56.5,0,0,0,56.5,183.9,56.5,0,0,0,56.5,56.5,183.9,0,0,0,0,0,0,99.3,0,0,0,0,0,0,99.3,0,0,0,0,0,0,99.3,98.96666667,85.06,198.3530789,0.165959786
JVASP-36109,130.1,44.4,44.4,0,0,0,44.4,130.1,44.4,0,0,0,44.4,44.4,130.1,0,0,0,0,0,0,70,0,0,0,0,0,0,70,0,0,0,0,0,0,70,72.96666667,59.14,139.6821968,0.180945188
JVASP-117520,121.8,12.2,11.6,1.4,-9.3,-0.1,12.2,33.7,26.2,3.1,-10.3,-4.6,11.6,26.2,52.5,3.1,-7.9,-0.5,1.4,3.1,3.1,2.3,-1.9,-2.4,-9.3,-10.3,-7.9,-1.9,28,2.1,-0.1,-4.6,-0.5,-2.4,2.1,11,34.22222222,18.79333333,47.65640266,0.26790713
JVASP-117510,448.7,36.6,39.1,-0.9,1.6,0.2,36.6,181.6,16.9,-0.1,-0.9,0.1,39.1,16.9,204.6,1,-16.2,0.1,-0.9,-0.1,1,68.8,0.1,-13,1.6,-0.9,-16.2,0.1,13.7,0.1,0.2,0.1,0.1,-13,0.1,125.4,113.3444444,91.06666667,215.4885332,0.183136163
JVASP-117511,130.6,24.8,7,-0.3,0.1,0,24.8,49.7,2.8,-4.3,-0.5,-0.3,7,2.8,27.3,-0.7,0.7,-0.6,-0.3,-4.3,-0.7,10.5,0.5,1.6,0.1,-0.5,0.7,0.5,0.6,-0.8,0,-0.3,-0.6,1.6,-0.8,5.1,30.75555556,14.77333333,38.20308919,0.292974589
JVASP-119924,27.6,-0.2,-1.2,0,-0.1,0,-0.2,177.2,5.7,0,-0.5,0,-1.2,5.7,35.1,0,-3.1,0,0,0,0,-0.5,0,0.1,-0.1,-0.5,-3.1,0,5,0,0,0,0,0.1,0,-2.3,27.61111111,16.14666667,40.5379538,0.255304102
JVASP-120840,-3.5,227,-4.2,0,0,0,227,-3.5,-4.2,0,0,0,-4.2,-4.2,67.6,0,0,0,0,0,0,-115.3,0,0,0,0,0,0,11.4,0,0,0,0,0,0,11.4,55.31111111,-29.03333333,-105.5719016,0.818115413
JVASP-120845,393.6,-1.2,-2.9,4.9,-4.5,-11.8,-1.2,139.5,53.7,3.2,15.5,-10,-2.9,53.7,114.3,1,31.1,-17.6,4.9,3.2,1,46.7,0.8,25.8,-4.5,15.5,31.1,0.8,77.4,-3.8,-11.8,-10,-17.6,25.8,-3.8,35.3,82.95555556,71.73333333,167.0496153,0.164379289
JVASP-30452,0,0.999999,0.999999,0.500001,0.500001,0.5,0,-5.50E-13,0.999999,0.499999,0.499998,0.499998,0,-2.18E-17,-6.51E-18,0.499996,0.499996,0.499996,0,1.00E-06,1.00E-06,0.499999,0.499999,0.5,0.999998,0.999998,0.999999,0.499999,0.5,0.5,0.999996,0.999996,0.999996,0.5,0.5,0.5,0.666666,0.1,0.285714272,0.428571361
JVASP-133827,157.8,98.1,99.1,-28.3,0,0,98.1,95.8,115.5,2,0,0,99.1,115.5,30.7,6.6,0,0,-28.3,2,6.6,51.1,0,0,0,0,0,0,14.8,-0.6,0,0,0,0,-0.6,-9.2,101.0777778,9.446666667,27.48379387,0.454682103
JVASP-133830,254.7,170.1,-7.6,0,0.1,0,170.1,277.7,12.1,0,-0.1,0,-7.6,12.1,77.7,0,0.4,0,0,0,0,68.6,0,0,0.1,-0.1,0.4,0,-38,0,0,0,0,0,0,11,106.5888889,37.35333333,100.3389692,0.343105959
JVASP-133831,158.1,30.4,15.6,0,0.5,-0.4,30.4,333.8,17.7,0.1,0.2,-0.3,15.6,17.7,50.4,-0.1,2,-0.8,0,0.1,-0.1,65.4,-0.2,0.3,0.5,0.2,2,-0.2,26.2,0,-0.4,-0.3,-0.8,0.3,0,12.1,74.41111111,52.64666667,127.8000314,0.213752356
JVASP-133832,214.5,18.6,16.9,0,0,0,18.6,34.4,-2.2,0,0,0,16.9,-2.2,90,0,0,0,0,0,0,-0.2,0,0,0,0,0,0,-4.4,0,0,0,0,0,0,19.4,45.05555556,23.33333333,59.69505783,0.279179811
JVASP-133834,524.2,-47.8,-9.4,0,0,0,-47.8,524.2,-9.4,0,0,0,-9.4,-9.4,57.5,0,0,0,0,0,0,30.2,0,0,0,0,0,0,-1.7,0,0,0,0,0,0,-1.7,108.0777778,83.52666667,199.2505117,0.192735923
JVASP-133835,29.6,17.5,-1.3,0,0,0,17.5,29.6,-1.3,0,0,0,-1.3,-1.3,39.4,0,0,0,0,0,0,-1,0,0,0,0,0,0,-4,0,0,0,0,0,0,-4,14.26666667,3.78,10.41975097,0.378273937
JVASP-133838,176.2,324.4,3,0,0,0,324.4,176.3,3,0,0,0,3,3,80.1,0,0,0,0,0,0,-74.1,0,0,0,0,0,0,19.2,0,0,0,0,0,0,19.2,121.4888889,-0.326666667,-0.980879149,0.501345636
JVASP-133841,192.6,3.6,5.4,0.6,-4.1,0.1,3.6,28.2,21.2,-0.3,8.8,-0.4,5.4,21.2,27.5,-0.4,-6.7,-0.1,0.6,-0.3,-0.4,2.9,-0.8,-3.3,-4.1,8.8,-6.7,-0.8,21.5,-0.4,0.1,-0.4,-0.1,-3.3,-0.4,5.5,34.3,20.52,51.32493923,0.250607681
JVASP-133842,486.3,5.6,83.1,-3.1,15.4,-0.6,5.6,73.4,5.6,15.1,1.3,1,83.1,5.6,391.5,-5.8,66.6,2.3,-3.1,15.1,-5.8,14.7,1.4,30.6,15.4,1.3,66.6,1.4,15.5,-1.8,-0.6,1,2.3,30.6,-1.8,170.3,126.6444444,97.22666667,232.24695,0.194358287
JVASP-63878,170.9,43.9,12.2,0,-15.9,0,43.9,170.9,12.2,0,15.9,0,12.2,12.2,61.6,0,0,0,0,0,0,63.5,0,-15.9,-15.9,15.9,0,0,50.9,0,0,0,0,-15.9,0,50.9,60,55.4,127.0858114,0.146983857
JVASP-63235,170.7,43.9,12.2,0,15.8,0,43.9,170.7,12.2,0,-15.8,0,12.2,12.2,61.6,0,0,0,0,0,0,63.4,0,15.8,15.8,-15.8,0,0,50.9,0,0,0,0,15.8,0,50.9,59.95555556,55.35333333,126.9817986,0.147011309
JVASP-62678,170.8,43.8,12.2,0,15.9,0,43.8,170.8,12.2,0,-15.9,0,12.2,12.2,61.5,0,0,0,0,0,0,63.5,0,15.9,15.9,-15.9,0,0,50.9,0,0,0,0,15.9,0,50.9,59.94444444,55.38666667,127.0347193,0.146798742
JVASP-9090,591.9,126.2,52.5,0,-22.8,0,126.2,591.9,52.5,0,22.8,0,52.5,52.5,459.8,0,0,0,0,0,0,232.9,0,-22.8,-22.8,22.8,0,0,178.6,0,0,0,0,-22.8,0,178.6,234,212.18,488.7998862,0.151851933
JVASP-14147,170.8,44,12.2,0,15.8,0,44,170.8,12.2,0,-15.8,0,12.2,12.2,61.6,0,0,0,0,0,0,63.4,0,15.8,15.8,-15.8,0,0,51,0,0,0,0,15.8,0,51,60,55.4,127.0858114,0.146983857
JVASP-57876,313.5,42.4,38.7,0,0,0,42.4,470.4,48.4,0,0,0,38.7,48.4,488.3,0,0,0,0,0,0,137.7,0,0,0,0,0,0,128.1,0,0,0,0,0,0,177.1,170.1333333,164.76,373.6603353,0.133953433
JVASP-113442,30,36,230,0,0,0,36,93.7,33.5,0,0,0,230,33.5,272.2,0,0,0,0,0,0,-6.3,0,0,0,0,0,0,-20.7,0,0,0,0,0,0,30.5,110.5444444,7.126666667,20.93021805,0.468443736
JVASP-113443,145.3,18.4,62.9,0,0,0,18.4,87.7,6.5,0,0,0,62.9,6.5,596.1,0,0,0,0,0,0,3.5,0,0,0,0,0,0,-101.7,0,0,0,0,0,0,44.5,111.6333333,38.68,104.0253654,0.3446919
JVASP-113446,93.6,156.5,16.2,0,0,0,156.5,673.1,-26.8,0,0,0,16.2,-26.8,81.5,0,0,0,0,0,0,-80.5,0,0,0,0,0,0,-177.8,0,0,0,0,0,0,4.8,126.6666667,-3.88,-11.76007657,0.515473785
JVASP-114011,381.9,51.7,6.9,0,0,0.4,51.7,388.6,9.5,-0.1,-0.9,0,6.9,9.5,49.6,-0.5,-3.4,-0.2,0,-0.1,-0.5,130.1,0.2,2.2,0,-0.9,-3.4,0.2,9.2,-0.8,0.4,0,-0.2,2.2,-0.8,0.8,106.2555556,78.15333333,188.2949528,0.204650811
JVASP-114013,471,14,15.3,-0.6,3.2,-0.2,14,31.9,20.4,1.4,3,1.2,15.3,20.4,33.1,1.4,5.7,1.5,-0.6,1.4,1.4,10.5,0.4,3.1,3.2,3,5.7,0.4,19.2,0.5,-0.2,1.2,1.5,3.1,0.5,11.3,70.6,40.62,102.2500119,0.258616591
JVASP-114014,524.4,40.5,87.9,4.4,0.1,0.8,40.5,190.5,192,2.1,-0.2,-1,87.9,192,762.6,-9.4,1.5,2.9,4.4,2.1,-9.4,41.5,1.3,0.9,0.1,-0.2,1.5,1.3,182.7,-4.5,0.8,-1,2.9,0.9,-4.5,178,235.3666667,157.58,386.48772,0.226322249
JVASP-114015,506.6,268.1,37.5,0,0,0,268.1,506.6,37.5,0,0,0,37.5,37.5,232.9,0,0,0,0,0,0,119.2,0,0,0,0,0,0,103.3,0,0,0,0,0,0,103.3,214.7,125.36,314.8092532,0.255620825
JVASP-149038,-128.5,201.5,-150.9,0,-26.2,0,201.5,196.5,60.2,0,11.4,0,-150.9,60.2,-27.3,0,-32.7,0,0,0,0,19,0,16.2,-26.2,11.4,-32.7,0,-94.7,0,0,0,0,16.2,0,-22.5,29.14444444,-24.31333333,-101.035921,1.07778834
JVASP-154389,180.1,46.2,15.7,0,-17.3,0,46.2,180.1,15.7,0,17.3,0,15.7,15.7,72,0,0,0,0,0,0,67,0,-17.3,-17.3,17.3,0,0,56.3,0,0,0,0,-17.3,0,56.3,65.26666667,59.56,137.0047932,0.150140977
JVASP-103585,69.7,36.6,37,0,0,0,36.6,64.5,38.3,0,0,0,37,38.3,58,0,0,0,0,0,0,0.6,0,0,0,0,0,0,-2.4,0,0,0,0,0,0,-4.5,46.22222222,4.093333333,11.92789764,0.456990754
JVASP-14917,71.3,29.9,28.6,0,0,0,29.9,71.3,28.6,0,0,0,28.6,28.6,104.1,0,0,0,0,0,0,20.7,0,0,0,0,0,0,8.4,0,0,0,0,0,0,8.4,46.76666667,18.14,48.18938399,0.328263065
JVASP-102451,66.1,43.7,43.7,0,0,0,43.7,66.1,43.7,0,0,0,43.7,43.7,66.1,0,0,0,0,0,0,17.4,0,0,0,0,0,0,17.4,0,0,0,0,0,0,17.4,51.16666667,14.92,40.79479872,0.367117919
JVASP-4552,71.3,29.9,28.6,0,0,0,29.9,71.3,28.6,0,0,0,28.6,28.6,104.1,0,0,0,0,0,0,20.7,0,0,0,0,0,0,8.4,0,0,0,0,0,0,8.4,46.76666667,18.14,48.18938399,0.328263065
JVASP-35236,33,90.5,90.5,0,0,0,90.5,33,90.5,0,0,0,90.5,90.5,33,0,0,0,0,0,0,15.9,0,0,0,0,0,0,15.9,0,0,0,0,0,0,15.9,71.33333333,-1.96,-5.934352009,0.513865308
JVASP-134881,326.1,153.4,-4.3,0,0,0,153.4,326.1,-4.3,0,0,0,-4.3,-4.3,108.6,0,0,0,0,0,0,86.4,0,0,0,0,0,0,-26.4,0,0,0,0,0,0,-26.4,116.7111111,47.78666667,126.1437341,0.319863289
JVASP-134882,171.1,64.6,63.5,0.1,7.4,-0.4,64.6,169.4,64.6,-0.6,-5.5,-0.4,63.5,64.6,443.5,0.2,3.9,-1.8,0.1,-0.6,0.2,52.3,-0.2,6.7,7.4,-5.5,3.9,-0.2,25,0.1,-0.4,-0.4,-1.8,6.7,0.1,23.7,129.9333333,59.62,155.1324552,0.301010191
JVASP-134884,51.5,9.5,-6.2,0,1.4,0,9.5,170,118.8,0,-14.3,0,-6.2,118.8,449.2,0,-17.2,0,0,0,0,-6.3,0,-0.6,1.4,-14.3,-17.2,0,19.1,0,0,0,0,-0.6,0,-4.5,101.6555556,38.23333333,101.9221348,0.33289627
JVASP-134887,259.7,-3.2,101.3,0,0,0,-3.2,43.6,-1.9,0,0,0,101.3,-1.9,531.6,0,0,0,0,0,0,-10.2,0,0,0,0,0,0,-11.2,0,0,0,0,0,0,104.8,114.1444444,65.92666667,165.8498988,0.257836223
JVASP-4849,362.6,188.6,134.3,0,0,0,188.6,362.6,134.3,0,0,0,134.3,134.3,285.2,0,0,0,0,0,0,87,0,0,0,0,0,0,203.7,0,0,0,0,0,0,203.7,213.8666667,135.76,336.1516517,0.238036431
JVASP-7844,289.5,153.2,153.2,0,0,0,153.2,289.5,153.2,0,0,0,153.2,153.2,289.5,0,0,0,0,0,0,184.5,0,0,0,0,0,0,184.5,0,0,0,0,0,0,184.5,198.6333333,137.96,336.0737634,0.21801161
JVASP-7780,443.8,168.3,168.3,0,0,0,168.3,443.8,168.3,0,0,0,168.3,168.3,443.8,0,0,0,0,0,0,314.3,0,0,0,0,0,0,314.3,0,0,0,0,0,0,314.3,260.1333333,243.68,557.0889149,0.14307476
JVASP-39,385.2,131.8,98.6,0,0,0,131.8,385.2,98.6,0,0,0,98.6,98.6,366.2,0,0,0,0,0,0,126.7,0,0,0,0,0,0,114.7,0,0,0,0,0,0,114.7,199.4,125.06,310.3070486,0.240632691
JVASP-118633,215,5.1,4.3,6.6,-5.1,0,5.1,49.7,32.5,5.6,-4,-2.1,4.3,32.5,58.4,-1.9,-6.7,-7.8,6.6,5.6,-1.9,0.2,-8.5,-0.2,-5.1,-4,-6.7,-8.5,14.3,1.9,0,-2.1,-7.8,-0.2,1.9,9.1,45.21111111,23.46666667,60.01625812,0.2787555
JVASP-118634,441.8,545.5,54.6,0,0,0,545.5,441.8,54.6,0,0,0,54.6,54.6,708.4,0,0,0,0,0,0,618.3,0,0,0,0,0,0,32.6,0,0,0,0,0,0,32.6,322.3777778,199.1866667,495.5074033,0.243826737
JVASP-137888,374.2,170.5,-2,0,0,0,170.5,374.2,-2,0,0,0,-2,-2,20.8,0,0,0,0,0,0,101.9,0,0,0,0,0,0,-8.1,0,0,0,0,0,0,-8.1,122.4666667,57.32,148.7523639,0.297560746
JVASP-137889,276.3,233.9,0.6,0,0,0,233.9,276.3,0.6,0,0,0,0.6,0.6,22.1,0,0,0,0,0,0,21.2,0,0,0,0,0,0,-10.1,0,0,0,0,0,0,-10.1,116.1,22.84,64.303271,0.407689821
JVASP-1327,126.3,61.9,61.9,0,0,0,61.9,126.3,61.9,0,0,0,61.9,61.9,126.3,0,0,0,0,0,0,61.9,0,0,0,0,0,0,61.9,0,0,0,0,0,0,61.9,83.36666667,50.02,125.05,0.25
JVASP-8182,151.4,56.9,40,0,0,0,56.9,151.4,40,0,0,0,40,40,172.8,0,0,0,0,0,0,47.2,0,0,0,0,0,0,37.6,0,0,0,0,0,0,37.6,83.26666667,47.06,118.7993128,0.262211143
JVASP-30519,8.2,-1.2,-1.2,0,0,0,-1.2,107.4,92.2,0,0,0,-1.2,92.2,108.3,0,0,0,0,0,0,-2.8,0,0,0,0,0,0,46.7,0,0,0,0,0,0,-3,44.83333333,17.12,45.56074397,0.330629205
JVASP-121233,-11.4,35.1,176.1,0,35.8,0,35.1,-162.4,239.7,0,1.1,0,176.1,239.7,-232.8,0,-83.3,0,0,0,0,-7.4,0,9.6,35.8,1.1,-83.3,0,-58.3,0,0,0,0,9.6,0,-24.2,55.02222222,-75.14666667,-413.8415184,1.753558719
JVASP-121235,142.6,28,30.6,0.5,7.5,-1.2,28,67.4,25.5,1.3,-19.3,-1.1,30.6,25.5,116.5,-0.4,-18.8,-1.3,0.5,1.3,-0.4,22.3,0.4,9.5,7.5,-19.3,-18.8,0.4,17.9,-0.2,-1.2,-1.1,-1.3,9.5,-0.2,13.6,54.96666667,26.92,69.42614952,0.289490147
JVASP-121236,90.6,39.1,50,0,-7.8,0,39.1,35.1,27.6,0,-6.9,0,50,27.6,105.7,0,-23.9,0,0,0,0,40,0,1.1,-7.8,-6.9,-23.9,0,19.1,0,0,0,0,1.1,0,16.3,51.64444444,22.72666667,59.4582611,0.308116627
JVASP-121237,99,49,54.3,27.6,19.9,-4.6,49,73.2,49.2,19.9,-11.3,15.6,54.3,49.2,113.9,8.7,-4.1,-4.5,27.6,19.9,8.7,32.3,-0.3,7.5,19.9,-11.3,-4.1,-0.3,41.1,19.1,-4.6,15.6,-4.5,7.5,19.1,51.8,65.67777778,33.94666667,86.87277975,0.279548013
JVASP-135467,167.4,78.1,-1.7,0,0,0,78.1,167.4,-1.7,0,0,0,-1.7,-1.7,13.3,0,0,0,0,0,0,44.6,0,0,0,0,0,0,-3.9,0,0,0,0,0,0,-3.9,55.27777778,25.58666667,66.49966914,0.299498485
JVASP-135471,235.4,12.6,12.6,0,0,0,12.6,226.6,51.5,0,0,0,12.6,51.5,226.6,0,0,0,0,0,0,28,0,0,0,0,0,0,-5.1,0,0,0,0,0,0,28,93.55555556,50.97333333,129.4160737,0.2694488
JVASP-135472,67.7,54,76.4,0,0,0,54,99.7,50.9,0,0,0,76.4,50.9,148.4,0,0,0,0,0,0,1.3,0,0,0,0,0,0,4,0,0,0,0,0,0,-2.1,75.37777778,9.606666667,27.64555301,0.438873335
JVASP-1372,105.4,50.6,50.6,0,0,0,50.6,105.4,50.6,0,0,0,50.6,50.6,105.4,0,0,0,0,0,0,52.7,0,0,0,0,0,0,52.7,0,0,0,0,0,0,52.7,68.86666667,42.58,105.9117265,0.243679268
JVASP-8183,126.9,46.7,31.5,0,0,0,46.7,126.9,31.5,0,0,0,31.5,31.5,146.4,0,0,0,0,0,0,40.1,0,0,0,0,0,0,32.1,0,0,0,0,0,0,32.1,68.84444444,40.22666667,101.006819,0.255470903
JVASP-13985,134.5,57.1,49.8,0,0,0,57.1,134.5,49.8,0,0,0,49.8,49.8,147.9,0,0,0,0,0,0,38.7,0,0,0,0,0,0,24.2,0,0,0,0,0,0,24.2,81.14444444,34.76666667,91.26562425,0.312544932
JVASP-16421,134.5,57.1,49.8,0,0,0,57.1,134.5,49.8,0,0,0,49.8,49.8,147.9,0,0,0,0,0,0,38.7,0,0,0,0,0,0,24.2,0,0,0,0,0,0,24.2,81.14444444,34.76666667,91.26562425,0.312544932
JVASP-118169,35.9,75.7,10.8,0,0,0,75.7,103.2,6.7,0,0,0,10.8,6.7,203.9,0,0,0,0,0,0,10.8,0,0,0,0,0,0,-542.9,0,0,0,0,0,0,1,58.82222222,-89.56666667,-545.6454929,2.046029919
JVASP-118170,103.2,20.8,33.6,0,0,0,20.8,64,37.6,0,0,0,33.6,37.6,101.9,0,0,0,0,0,0,-1.9,0,0,0,0,0,0,-8.1,0,0,0,0,0,0,-391.3,50.34444444,-68.45333333,-375.5897958,1.743400339
JVASP-118179,91.5,27.2,21.7,0,0,0,27.2,-203.1,65.6,0,0,0,21.7,65.6,108.8,0,0,0,0,0,0,-72.1,0,0,0,0,0,0,6,0,0,0,0,0,0,33.1,25.13333333,-14.42,-53.48973434,0.854706461
JVASP-120123,91.9,59.9,59.9,0,10,0,59.9,86.2,50.1,0,-9,0,59.9,50.1,86.2,0,-9,0,0,0,0,32.5,0,1.9,10,-9,-9,0,27.6,0,0,0,0,1.9,0,32.5,67.12222222,24.81333333,66.2734754,0.335440799
JVASP-1408,76.9,37.2,37.2,0,0,0,37.2,76.9,37.2,0,0,0,37.2,37.2,76.9,0,0,0,0,0,0,36.8,0,0,0,0,0,0,36.8,0,0,0,0,0,0,36.8,50.43333333,30.02,75.14933819,0.251654533
JVASP-100038,71.1,79.6,33.6,0,0,0,79.6,71.1,33.6,0,0,0,33.6,33.6,74,0,0,0,0,0,0,53.8,0,0,0,0,0,0,22.9,0,0,0,0,0,0,22.9,56.64444444,24.54666667,64.34538599,0.310674619
JVASP-35748,91.8,34.4,23.4,0,0,0,34.4,91.8,23.4,0,0,0,23.4,23.4,107.3,0,0,0,0,0,0,28.7,0,0,0,0,0,0,22.6,0,0,0,0,0,0,22.6,50.36666667,28.76,72.48364283,0.260146781
JVASP-35259,124.4,33.3,43.3,0,0,0,33.3,42,6.7,0,0,0,43.3,6.7,76.8,0,0,0,0,0,0,27.7,0,0,0,0,0,0,14.9,0,0,0,0,0,0,26.8,45.53333333,24.54,62.40841504,0.271565099
JVASP-11395,89.6,28.6,28.6,0,0,0,28.6,89.6,28.6,0,0,0,28.6,28.6,89.6,0,0,0,0,0,0,32.8,0,0,0,0,0,0,32.8,0,0,0,0,0,0,32.8,48.93333333,31.88,78.57595702,0.232370719
JVASP-139573,90.2,11.4,13.4,0,0,0,11.4,52.7,48,0,0,0,13.4,48,89.5,0,0,0,0,0,0,-0.2,0,0,0,0,0,0,-4.3,0,0,0,0,0,0,-10.4,42,7.66,21.66302559,0.414035613
JVASP-106484,46.5,49.5,49.5,0,0,0,49.5,46.5,49.5,0,0,0,49.5,49.5,46.5,0,0,0,0,0,0,14.3,0,0,0,0,0,0,14.3,0,0,0,0,0,0,14.3,48.5,7.98,22.69526974,0.422009382
JVASP-35769,58.8,29.7,29.7,0,0,0,29.7,58.8,29.7,0,0,0,29.7,29.7,58.8,0,0,0,0,0,0,28,0,0,0,0,0,0,28,0,0,0,0,0,0,28,39.4,22.62,56.95960801,0.259054112
JVASP-106137,50,17.5,13.1,0,0.5,0,17.5,46,11.2,0,0.3,0,13.1,11.2,72.6,0,1.7,0,0,0,0,15.9,0,0,0.5,0.3,1.7,0,14.3,0,0,0,0,0,0,16.2,28.02222222,17.73333333,43.93267845,0.23870334
JVASP-2931,64.3,9.7,13.8,0,2.9,0,9.7,24.6,9.9,0,-0.6,0,13.8,9.9,30.8,0,-5.2,0,0,0,0,10.4,0,1.9,2.9,-0.6,-5.2,0,10.7,0,0,0,0,1.9,0,17.9,20.72222222,13.55333333,33.38215355,0.231510829
JVASP-135589,-69.2,-20.8,10.8,0,-8.4,0,-20.8,29.2,11.2,0,1,0,10.8,11.2,12.2,0,2,0,0,0,0,-9.6,0,0.2,-8.4,1,2,0,-0.2,0,0,0,0,0.2,0,-0.4,-2.822222222,-3.973333333,-8.112754555,0.020900322
JVASP-135593,122.4,16.5,-7.1,0,0,0,16.5,67.9,27.2,0,0,0,-7.1,27.2,80.8,0,0,0,0,0,0,-11.4,0,0,0,0,0,0,0.4,0,0,0,0,0,0,16.7,38.25555556,16.77333333,43.90344129,0.308727383
JVASP-135595,47.6,57.8,13.1,0,0,0,57.8,47.6,13.1,0,0,0,13.1,13.1,126.2,0,0,0,0,0,0,-5.1,0,0,0,0,0,0,24.3,0,0,0,0,0,0,24.3,43.26666667,17.86,47.09930922,0.318569687
JVASP-135596,-16.8,15.8,-22.8,0,6.1,0,15.8,0.7,31.5,0,-11.1,0,-22.8,31.5,-153.1,0,-11.9,0,0,0,0,-3.2,0,-0.4,6.1,-11.1,-11.9,0,-18.2,0,0,0,0,-0.4,0,-4.1,-13.35555556,-18.01333333,-37.27966024,0.034779614
JVASP-135597,102.5,-0.3,-4.5,0,0,0,-0.3,72.3,21.1,0,0,0,-4.5,21.1,38.7,0,0,0,0,0,0,3.3,0,0,0,0,0,0,-5.8,0,0,0,0,0,0,-5.7,27.34444444,11.50666667,30.27357993,0.315480009
JVASP-135599,109.5,9.3,9.3,0,0,0,9.3,159.2,36.7,0,0,0,9.3,36.7,159.2,0,0,0,0,0,0,9.2,0,0,0,0,0,0,-16.8,0,0,0,0,0,0,9.2,59.83333333,25.16,66.20082087,0.315596599
JVASP-135600,37.3,36.1,23.1,-8.8,0,0,36.1,47.2,36.8,-13.2,0,0,23.1,36.8,51,1.3,0,0,-8.8,-13.2,1.3,24.9,0,0,0,0,0,0,-5.4,-1.3,0,0,0,0,-1.3,1.8,36.38888889,6.893333333,19.45172037,0.410908151
JVASP-10862,60.4,21.3,18,0,0.2,0,21.3,57.2,15.3,0,2,0,18,15.3,90.6,0,4.7,0,0,0,0,20.1,0,1.1,0.2,2,4.7,0,20.5,0,0,0,0,1.1,0,21.6,35.26666667,22.68,56.02920299,0.235211706
JVASP-137056,7.8,4.4,-13.7,-10.3,0,0,4.4,-21.7,-2.6,-14.5,0,0,-13.7,-2.6,-183.6,-42.5,0,0,-10.3,-14.5,-42.5,-10.3,0,0,0,0,0,0,-9,0.3,0,0,0,0,0.3,-0.7,-24.58888889,-16.37333333,-40.19767769,0.227534946
JVASP-137057,83.7,14,9,-0.1,9.8,-0.1,14,87.4,23.5,-0.3,-1.1,-0.1,9,23.5,15,-0.2,-1.6,-0.1,-0.1,-0.3,-0.2,20.8,0,7.9,9.8,-1.1,-1.6,0,21.3,-0.3,-0.1,-0.1,-0.1,7.9,-0.3,5.8,31.01111111,18.88666667,47.09854062,0.246872766
JVASP-137058,185.9,-2.9,5.5,0,0,0,-2.9,57.1,29.1,0,0,0,5.5,29.1,82.8,0,0,0,0,0,0,11.3,0,0,0,0,0,0,-7.6,0,0,0,0,0,0,-28.7,43.24444444,14.60666667,39.38558034,0.348205626
JVASP-137060,-209,-102,-37.8,0,10.8,0,-102,-110.6,-34.2,0,8.4,0,-37.8,-34.2,-39,0,-6.6,0,0,0,0,-9,0,-1.7,10.8,8.4,-6.6,0,-8.6,0,0,0,0,-1.7,0,-9,-78.51111111,-17.62666667,-49.1981461,0.39556012
JVASP-137061,28.8,68,74.9,6.9,12.7,3.4,68,27,43.7,-12,5.2,-6.2,74.9,43.7,57.5,4,-2.2,-6.6,6.9,-12,4,-4.5,10.3,-5.8,12.7,5.2,-2.2,10.3,-11,-1.3,3.4,-6.2,-6.6,-5.8,-1.3,-3.2,54.05555556,-8.626666667,-27.33407147,0.584277713
JVASP-137065,143.3,-3.7,28.1,0,0,0,-3.7,13.4,6.6,0,0,0,28.1,6.6,112.6,0,0,0,0,0,0,-4.3,0,0,0,0,0,0,-3.4,0,0,0,0,0,0,1.4,36.81111111,14.62666667,38.74791833,0.324564209
JVASP-137068,23.7,37.7,70.9,0,-3.2,0,37.7,-30.8,55.8,0,-4.6,0,70.9,55.8,36.6,0,-2.7,0,0,0,0,-17.7,0,-0.5,-3.2,-4.6,-2.7,0,-6.7,0,0,0,0,-0.5,0,-6.7,39.81111111,-15.21333333,-52.30221966,0.718959893
JVASP-7066,65.9,28.4,24.8,0,0,0,28.4,65.9,24.8,0,0,0,24.8,24.8,72.8,0,0,0,0,0,0,18.8,0,0,0,0,0,0,29.6,0,0,0,0,0,0,29.6,40.06666667,24.04,60.1,0.25
JVASP-139540,73,41.8,46.7,-1.2,0,-5.4,41.8,67.9,51.8,-4.2,-0.9,4,46.7,51.8,169.4,-4.3,-1.2,-0.7,-1.2,-4.2,-4.3,22.5,-0.6,1.4,0,-0.9,-1.2,-0.6,8.7,-10.7,-5.4,4,-0.7,1.4,-10.7,5.2,65.65555556,18.61333333,51.01873396,0.370488914
JVASP-139542,-177.5,-189.4,70,180.6,116,19.5,-189.4,-286.3,99.9,211.3,133.1,43.1,70,99.9,-34,-46.2,-23.9,-5,180.6,211.3,-46.2,-161,-108.4,-28.8,116,133.1,-23.9,-108.4,-92.1,-12.4,19.5,43.1,-5,-28.8,-12.4,-15.5,-59.64444444,-85.60666667,-173.7115698,0.014591366
JVASP-139544,84.3,-10.4,63,0,0,0,-10.4,-335.5,14.5,0,0,0,63,14.5,55.9,0,0,0,0,0,0,8.6,0,0,0,0,0,0,-0.8,0,0,0,0,0,0,-64,-6.788888889,-28.73333333,-35.75573659,-0.377800407
JVASP-139545,118.1,56.9,26,0,0,0,56.9,118.1,26,0,0,0,26,26,248.1,0,0,0,0,0,0,57.5,0,0,0,0,0,0,20.5,0,0,0,0,0,0,20.5,78.01111111,44.72666667,112.6509997,0.25932702
JVASP-139546,101.3,5.8,13.2,0,-3.8,0,5.8,46.9,3.4,0,3,0,13.2,3.4,46,0,8,0,0,0,0,3.3,0,-2.3,-3.8,3,8,0,7.6,0,0,0,0,-2.3,0,15.6,26.55555556,16.75333333,41.52713821,0.239369425
JVASP-139551,85.7,51.9,4.7,0.1,0.9,0,51.9,85.8,5.1,0.1,-1.1,0.1,4.7,5.1,49.5,-0.2,-0.8,-0.3,0.1,0.1,-0.2,17,0,0.8,0.9,-1.1,-0.8,0,2.3,-0.1,0,0.1,-0.3,0.8,-0.1,1.8,38.26666667,14.84,39.4237581,0.328293737
JVASP-139552,73.1,44.4,17.7,0,0,0,44.4,114.2,56.8,0,0,0,17.7,56.8,39.7,0,0,0,0,0,0,-125.7,0,0,0,0,0,0,4.1,0,0,0,0,0,0,-14.5,51.64444444,-20.01333333,-68.94602233,0.722502224
JVASP-49837,118.4,92.8,69.1,0,16.8,0,92.8,253.3,111,0,-8.9,0,69.1,111,210.2,0,25.8,0,0,0,0,79.2,0,12.7,16.8,-8.9,25.8,0,91.1,0,0,0,0,12.7,0,43.8,125.3,63.42,162.7941683,0.283460803
JVASP-32,469.8,153.3,114.1,0,-20.8,0,153.3,469.8,114.1,0,20.8,0,114.1,114.1,468.9,0,0,0,0,0,0,158.3,0,-20.8,-20.8,20.8,0,0,140.9,0,0,0,0,-20.8,0,140.9,241.2777778,156.4866667,386.0082659,0.233358324
JVASP-85600,332.7,36.1,0.8,0,-16.8,0.1,36.1,119.3,41.8,0,5.6,0,0.8,41.8,96,0,16.4,0,0,0,0,57,0,-9.7,-16.8,5.6,16.4,0,57.8,0,0.1,0,0,-9.7,0,22.2,78.37777778,58.68666667,140.8943389,0.2003948
JVASP-105710,424,68,99.5,0,0,0,68,282.2,151.1,0,0,0,99.5,151.1,362.1,0,0,0,0,0,0,100.7,0,0,0,0,0,0,200.4,0,0,0,0,0,0,125.4,189.5,135.28,327.8297764,0.211671261
JVASP-96735,-855.6,268.2,130,-55.3,-35.1,-87.7,268.2,-128.6,76.9,23.2,28.7,18.6,130,76.9,-162.2,-39.6,28.1,0.3,-55.3,23.2,-39.6,-98.3,-2.9,13.3,-35.1,28.7,28.1,-2.9,-146.7,-5.6,-87.7,18.6,0.3,13.3,-5.6,-135.3,-21.8,-184.16,-144.7835871,-0.606908158
JVASP-93395,333.5,22.3,95.2,0,0,0,22.3,152.7,80.6,0,0,0,95.2,80.6,376.5,0,0,0,0,0,0,34.2,0,0,0,0,0,0,50.2,0,0,0,0,0,0,127.9,139.8777778,86.76666667,215.7001514,0.242989731
JVASP-49795,128.5,64.9,30.2,0,0,0,64.9,217.3,46.2,0,0,0,30.2,46.2,161,0,0,0,0,0,0,32.7,0,0,0,0,0,0,24.2,0,0,0,0,0,0,62.8,87.71111111,48.30666667,122.4418272,0.267338813
JVASP-16003,-25.1,85.4,85.4,0,0,0,85.4,-25.1,85.4,0,0,0,85.4,85.4,-25.1,0,0,0,0,0,0,-78.5,0,0,0,0,0,0,-78.5,0,0,0,0,0,0,-78.5,48.56666667,-69.2,-395.3898039,1.856862745
JVASP-16004,110.8,142.9,142.9,0,0,0,142.9,110.8,142.9,0,0,0,142.9,142.9,110.8,0,0,0,0,0,0,-13.4,0,0,0,0,0,0,-13.4,0,0,0,0,0,0,-13.4,132.2,-14.46,-45.02147904,0.556759303
JVASP-50058,459.3,125.9,68.6,0,0,4.7,125.9,459.3,68.6,0,0,-4.7,68.6,68.6,356.4,0,0,0,0,0,0,166.7,-4.7,0,0,0,0,-4.7,92.6,0,4.7,-4.7,0,0,0,92.6,200.1333333,137.84,336.309883,0.219928479
JVASP-49866,461.7,128.2,74.1,0,-7.8,-7.1,128.2,461.7,74.1,0,7.8,7.1,74.1,74.1,342.4,0,0,0,0,0,0,166.8,7.1,-7.8,-7.8,7.8,0,7.1,95.9,0,-7.1,7.1,0,-7.8,0,95.9,202.0666667,137.68,336.5930634,0.222374577
JVASP-50026,281.5,148.2,109.3,0,15.7,0,148.2,281.8,134.7,0,-16.4,0,109.3,134.7,361.5,0,-8.8,0,0,0,0,78.7,0,4.8,15.7,-16.4,-8.8,0,109.2,0,0,0,0,4.8,0,82.4,189.9111111,89.56666667,232.1967946,0.296223267
JVASP-49931,300.8,123.5,138.8,0,16.6,0,123.5,238.1,146.8,0,-42.5,0,138.8,146.8,322.7,0,2.3,0,0,0,0,54.7,0,1.4,16.6,-42.5,2.3,0,76.9,0,0,0,0,1.4,0,75.2,186.6444444,71.52666667,190.2741182,0.330092167
JVASP-10076,403.1,114.2,67.7,0,-14.3,0,114.2,280.3,140.5,0,28.5,0,67.7,140.5,418.2,0,-15.5,0,0,0,0,123.7,0,-21.9,-14.3,28.5,-15.5,0,104.1,0,0,0,0,-21.9,0,78.6,194.0444444,113.2266667,284.3693204,0.255752416
JVASP-57670,484.6,92.5,154,0,0,0,92.5,477.8,149.6,0,0,0,154,149.6,412.8,0,0,0,0,0,0,130.7,0,0,0,0,0,0,151.5,0,0,0,0,0,0,174.6,240.8222222,156.6333333,386.1757328,0.232738028
JVASP-137965,254.4,196.6,15.2,0,0,0,196.6,254.4,15.2,0,0,0,15.2,15.2,76,0,0,0,0,0,0,28.9,0,0,0,0,0,0,20.6,0,0,0,0,0,0,20.6,115.4222222,37.87333333,102.4179171,0.352111209
JVASP-137969,22.4,518.4,-2.7,0,0,0,518.4,22.4,-2.7,0,0,0,-2.7,-2.7,18.3,0,0,0,0,0,0,-248,0,0,0,0,0,0,-10,0,0,0,0,0,0,-10,121.0111111,-83.59333333,-325.7998115,0.948718866
JVASP-137974,-43,340.8,-9.4,0,0,0,340.8,-43,-9.4,0,0,0,-9.4,-9.4,130.1,0,0,0,0,0,0,-191.9,0,0,0,0,0,0,7.1,0,0,0,0,0,0,7.1,76.45555556,-54.06666667,-212.2263168,0.962635482
JVASP-137975,363.6,-41,92.4,0,0,0,-41,363.6,92.4,0,0,0,92.4,92.4,237.3,0,0,0,0,0,0,55.2,0,0,0,0,0,0,-319.6,0,0,0,0,0,0,-319.6,139.1222222,-62.08666667,-218.8097144,0.762131277
JVASP-137978,421.8,93.4,13.6,0,0,0,93.4,421.8,13.6,0,0,0,13.6,13.6,122.6,0,0,0,0,0,0,75,0,0,0,0,0,0,38.2,0,0,0,0,0,0,38.2,134.1555556,86.65333333,213.9050431,0.234257442
JVASP-137979,224.1,26.7,-4.6,0,0,0,26.7,135.4,23.2,0,0,0,-4.6,23.2,64.9,0,0,0,0,0,0,-11,0,0,0,0,0,0,-2.3,0,0,0,0,0,0,-16.8,57.22222222,19.25333333,51.935191,0.348732453
JVASP-137985,100.5,13.1,24.4,0,-0.3,0,13.1,159.5,45.2,0,0.1,0,24.4,45.2,150.3,0,-0.9,0,0,0,0,-11.6,0,0.4,-0.3,0.1,-0.9,0,16.1,0,0,0,0,0.4,0,-67.8,63.96666667,9.18,26.2827034,0.431519793
JVASP-137988,76.1,-9.1,-9.2,0,-1,0,-9.1,682.8,95.9,0,11.9,0,-9.2,95.9,551.1,0,49.3,0,0,0,0,-28.3,0,-3.3,-1,11.9,49.3,0,38.7,0,0,0,0,-3.3,0,-24.2,162.8,79.4,204.8905953,0.290243043
JVASP-137019,3.6,120.8,22.1,-19.2,0,0,120.8,136.8,52,-20.2,0,0,22.1,52,384.1,-9.3,0,0,-19.2,-20.2,-9.3,-62.9,0,0,0,0,0,0,-34,-66.9,0,0,0,0,-66.9,-50.3,101.5888889,-7.466666667,-22.96257428,0.537672385
JVASP-8169,261.4,137.3,137.3,0,0,0,137.3,261.4,137.3,0,0,0,137.3,137.3,261.4,0,0,0,0,0,0,148.9,0,0,0,0,0,0,148.9,0,0,0,0,0,0,148.9,178.6666667,114.16,282.3447767,0.236618678
JVASP-8027,328.3,157.2,157.2,0,0,0,157.2,328.3,157.2,0,0,0,157.2,157.2,328.3,0,0,0,0,0,0,206.9,0,0,0,0,0,0,206.9,0,0,0,0,0,0,206.9,214.2333333,158.36,381.1623549,0.203467905
JVASP-28345,359.6,159.5,-1,0,0,0,159.5,359.6,-1,0,0,0,-1,-1,18.5,0,0,0,0,0,0,100,0,0,0,0,0,0,-5.5,0,0,0,0,0,0,-5.5,116.9666667,56.48,145.9484904,0.292036919
JVASP-30,333.4,119.1,83,0,0,0,119.1,333.4,83,0,0,0,83,83,373.7,0,0,0,0,0,0,107.2,0,0,0,0,0,0,90.2,0,0,0,0,0,0,90.2,178.9666667,107.88,269.4908589,0.249030677
JVASP-28372,147.7,53.5,-0.4,0,7.8,0,53.5,147.7,-0.4,0,-7.8,0,-0.4,-0.4,15.3,0,0,0,0,0,0,47.1,0,7.8,7.8,-7.8,0,0,-22.8,0,0,0,0,7.8,0,-22.8,46.23333333,17.5,46.6181178,0.331946223
JVASP-8184,151.5,48.1,29.4,0,0,0,48.1,151.5,29.4,0,0,0,29.4,29.4,177.8,0,0,0,0,0,0,51.7,0,0,0,0,0,0,41.3,0,0,0,0,0,0,41.3,77.17777778,51.78666667,126.9625112,0.225822392
JVASP-1393,125.9,53.2,53.2,0,0,0,53.2,125.9,53.2,0,0,0,53.2,53.2,125.9,0,0,0,0,0,0,65.2,0,0,0,0,0,0,65.2,0,0,0,0,0,0,65.2,77.43333333,53.66,130.7723248,0.218527067
JVASP-39523,135.1,55.6,55.1,0,-0.2,0,55.6,131.3,45.5,0,-1.2,0,55.1,45.5,102.1,0,-25.5,0,0,0,0,78.8,0,-21.5,-0.2,-1.2,-25.5,0,20,0,0,0,0,-21.5,0,55,75.65555556,44.91333333,112.4815678,0.252206856
JVASP-118384,47.2,48,34.4,2.1,3.7,5,48,69.5,56.8,-12.3,-3.3,-6,34.4,56.8,81.4,13.3,-0.1,2.2,2.1,-12.3,13.3,13.1,-3.5,-2,3.7,-3.3,-0.1,-3.5,11,-11,5,-6,2.2,-2,-11,13,52.94444444,11.34666667,31.77039997,0.399988248
JVASP-120200,56.6,40.1,49.6,0,2.4,0,40.1,54.3,47.2,0,13.7,0,49.6,47.2,50.8,0,2.4,0,0,0,0,-28.6,0,-24.8,2.4,13.7,2.4,0,-18.7,0,0,0,0,-24.8,0,-22.5,48.38888889,-12.30666667,-40.33985649,0.638943249
JVASP-120201,113.9,19.3,24.6,0,0,0,19.3,67,32,0,0,0,24.6,32,85.7,0,0,0,0,0,0,3.3,0,0,0,0,0,0,-6.6,0,0,0,0,0,0,-16,46.48888889,8.853333333,24.97461345,0.410463862
JVASP-1174,100,42.9,42.9,0,0,0,42.9,100,42.9,0,0,0,42.9,42.9,100,0,0,0,0,0,0,51.5,0,0,0,0,0,0,51.5,0,0,0,0,0,0,51.5,61.93333333,42.32,103.4068385,0.221725408
JVASP-106521,39.2,49.1,49.1,0,0,0,49.1,39.2,49.1,0,0,0,49.1,49.1,39.2,0,0,0,0,0,0,-1.1,0,0,0,0,0,0,-1.1,0,0,0,0,0,0,-1.1,45.8,-2.64,-8.075155833,0.529385574
JVASP-8185,121.4,39.6,23.7,0,0,0,39.6,121.4,23.7,0,0,0,23.7,23.7,141.9,0,0,0,0,0,0,40.9,0,0,0,0,0,0,32.7,0,0,0,0,0,0,32.7,62.07777778,41.10666667,101.0217941,0.228776282
JVASP-137171,42,0.9,7.8,0,0,0,0.9,83.7,97.2,0,0,0,7.8,97.2,160.3,0,0,0,0,0,0,21,0,0,0,0,0,0,-30.1,0,0,0,0,0,0,-25.6,55.31111111,5.066666667,14.74962963,0.455555556
JVASP-1177,72.9,32.4,32.4,0,0,0,32.4,72.9,32.4,0,0,0,32.4,32.4,72.9,0,0,0,0,0,0,36.3,0,0,0,0,0,0,36.3,0,0,0,0,0,0,36.3,45.9,29.88,73.65692803,0.23254565
JVASP-99373,47.1,25.9,32.2,0,0,0,25.9,47.1,32.2,0,0,0,32.2,32.2,32.7,0,0,0,0,0,0,6.1,0,0,0,0,0,0,3.8,0,0,0,0,0,0,3.8,34.16666667,5.18,14.79244056,0.427841753
JVASP-20099,72.9,32.4,32.4,0,0,0,32.4,72.9,32.4,0,0,0,32.4,32.4,72.9,0,0,0,0,0,0,36.3,0,0,0,0,0,0,36.3,0,0,0,0,0,0,36.3,45.9,29.88,73.65692803,0.23254565
JVASP-35711,87.6,29.6,18.9,0,0,0,29.6,87.6,18.9,0,0,0,18.9,18.9,103.2,0,0,0,0,0,0,29,0,0,0,0,0,0,23.1,0,0,0,0,0,0,23.1,45.91111111,29.10666667,72.08627827,0.238312155
JVASP-111058,43.7,23.4,61.1,0,0,0,23.4,38.9,60.2,0,0,0,61.1,60.2,51.5,0,0,0,0,0,0,20.7,0,0,0,0,0,0,5.1,0,0,0,0,0,0,4.5,47.05555556,5.353333333,15.47322322,0.445195195
JVASP-100167,2.08E-16,1.037132805,7.40E-08,0.209750138,5.64E-05,0.209750138,0.011109797,1.044447168,0.021871946,0.123381195,0.051303135,0.123381195,1.037132805,7.40E-08,0.64539289,5.64E-05,0.209750138,5.64E-05,1.044447168,0.021871946,0.524685451,0.051303135,0.123381195,0.051303135,2.08E-16,0.64539289,5.64E-05,0.209750138,5.64E-05,0.209750138,0.011109797,0.524685451,0.051303135,0.123381195,0.051303135,0.123381195,0.423094412,0.077003826,0.217798271,0.414204228
JVASP-2175,45.7,3.6,10.5,-6.9,0,0,3.6,45.7,10.5,6.9,0,0,10.5,10.5,63,0,0,0,-6.9,6.9,0,18.2,0,0,0,0,0,0,16.5,0,0,0,0,0,0,16.5,22.62222222,18.89333333,44.33705241,0.173351775
JVASP-92698,47.2,31.9,36.7,0,-5.8,0,31.9,47.2,36.7,0,5.8,0,36.7,36.7,61.5,0,0,0,0,0,0,7.6,0,-5.8,-5.8,5.8,0,0,-27.3,0,0,0,0,-5.8,0,-27.3,40.72222222,-6.026666667,-19.01819643,0.577837093
JVASP-100596,38.3,34.1,24.2,0,0,0,34.1,38.3,24.2,0,0,0,24.2,24.2,55.1,0,0,0,0,0,0,32.1,0,0,0,0,0,0,6.9,0,0,0,0,0,0,6.9,32.96666667,12.46,33.19757543,0.332165948
JVASP-29359,69.9,19.2,7.5,0,-4.9,0,19.2,29.9,10.4,0,-5.8,0,7.5,10.4,60.4,0,-7.5,0,0,0,0,18.8,0,-7.7,-4.9,-5.8,-7.5,0,11.4,0,0,0,0,-7.7,0,11.4,26.04444444,16.52666667,40.92383971,0.23811536
JVASP-4666,68,18.6,8.8,0,0,0,18.6,68,8.8,0,0,0,8.8,8.8,28.8,0,0,0,0,0,0,24.7,0,0,0,0,0,0,7.9,0,0,0,0,0,0,7.9,26.35555556,16.67333333,41.30890607,0.238771673
JVASP-134911,82.7,-8.5,-6.4,0,0,0,-8.5,39.2,26.1,0,0,0,-6.4,26.1,57,0,0,0,0,0,0,2.3,0,0,0,0,0,0,-7.1,0,0,0,0,0,0,-52.7,22.36666667,-0.32,-0.96460018,0.507187781
JVASP-134912,32.7,29.1,8.8,0,0,0,29.1,37.2,9.8,0,0,0,8.8,9.8,103.4,0,0,0,0,0,0,6.1,0,0,0,0,0,0,-4.4,0,0,0,0,0,0,-0.2,29.85555556,8.673333333,23.72276737,0.367569218
JVASP-134913,42.3,49.8,-1.1,0,0,0,49.8,42.3,-1.1,0,0,0,-1.1,-1.1,10,0,0,0,0,0,0,-3.7,0,0,0,0,0,0,-2.2,0,0,0,0,0,0,-2.2,21.08888889,1.513333333,4.433940517,0.46495832
JVASP-134914,88,10.8,21.7,0,0,0,10.8,45.9,35.7,0,0,0,21.7,35.7,60.2,0,0,0,0,0,0,4.2,0,0,0,0,0,0,-13.3,0,0,0,0,0,0,9.5,36.72222222,8.473333333,23.60448977,0.392869184
JVASP-81,89.4,23.2,9.4,0,0,0,23.2,89.4,9.4,0,0,0,9.4,9.4,34.2,0,0,0,0,0,0,33.1,0,0,0,0,0,0,7.8,0,0,0,0,0,0,7.8,33,21.14,52.26052938,0.236057932
JVASP-105499,-20.5,3.2,17.2,0,0,0,3.2,-8,30.3,0,0,0,17.2,30.3,-8.7,0,0,0,0,0,0,-6.9,0,0,0,0,0,0,-9.1,0,0,0,0,0,0,-16.9,7.133333333,-12.44,-89.13482143,2.582589286
JVASP-9088,60.8,21.1,13.3,0,8.2,0,21.1,68.7,15.5,0,-7.6,0,13.3,15.5,86.4,0,2.5,0,0,0,0,24.5,0,8.1,8.2,-7.6,2.5,0,20.1,0,0,0,0,8.1,0,19.8,35.07777778,23.94666667,58.52270217,0.221938381
JVASP-13856,90.9,23.3,11.3,0,-2.7,0,23.3,90.9,11.3,0,2.7,0,11.3,11.3,33.6,0,0,0,0,0,0,33.8,0,-2.7,-2.7,2.7,0,0,9.1,0,0,0,0,-2.7,0,9.1,34.13333333,21.7,53.7166801,0.237711523
JVASP-4358,89.8,23.9,10.5,0,0,0,23.9,89.8,10.5,0,0,0,10.5,10.5,32.4,0,0,0,0,0,0,32.9,0,0,0,0,0,0,8.9,0,0,0,0,0,0,8.9,33.53333333,21.28,52.6936659,0.238103052
JVASP-22517,110.4,30.2,12.1,0,0,0,30.2,110.4,12.1,0,0,0,12.1,12.1,34.6,0,0,0,0,0,0,40.1,0,0,0,0,0,0,10.4,0,0,0,0,0,0,10.4,40.46666667,25.58,63.38437883,0.238944074
JVASP-106072,110.1,22.9,5.5,0,0,0,22.9,52.7,25.9,0,0,0,5.5,25.9,82.1,0,0,0,0,0,0,30.8,0,0,0,0,0,0,30.8,0,0,0,0,0,0,11.4,39.27777778,27.30666667,66.50755592,0.21778972
JVASP-143,109.3,28.6,10.2,0,0,0,28.6,109.3,10.2,0,0,0,10.2,10.2,38.7,0,0,0,0,0,0,40.4,0,0,0,0,0,0,8.9,0,0,0,0,0,0,8.9,39.47777778,25.52666667,63.00100491,0.23402334
JVASP-9159,66.8,22.7,19.9,0,-0.4,0,22.7,63.7,16,0,3,0,19.9,16,108.4,0,5.2,0,0,0,0,22.9,0,1.8,-0.4,3,5.2,0,24,0,0,0,0,1.8,0,25.2,39.56666667,26.44,64.87035965,0.226746589
JVASP-4657,106.3,29.9,12.5,0,-0.1,0,29.9,106.3,12.5,0,0.1,0,12.5,12.5,41.1,0,0,0,0,0,0,38.2,0,-0.1,-0.1,0.1,0,0,9.7,0,0,0,0,-0.1,0,9.7,40.38888889,24.77333333,61.70417066,0.245374812
JVASP-9082,371.8,168.7,123.7,0,-17.2,0,168.7,371.8,123.7,0,17.2,0,123.7,123.7,334.1,0,0,0,0,0,0,101.5,0,-17.2,-17.2,17.2,0,0,78.6,0,0,0,0,-17.2,0,78.6,212.2111111,95.84666667,249.9147399,0.303721603
JVASP-9176,325.9,113.9,74.6,0,-12.2,0,113.9,222.5,124.2,0,17.4,0,74.6,124.2,321.5,0,-8.2,0,0,0,0,90.4,0,-17.7,-12.2,17.4,-8.2,0,65.5,0,0,0,0,-17.7,0,51,166.1444444,78.52666667,203.5165777,0.295843733
JVASP-136677,153.6,168.6,-10.7,0,0,0,168.6,153.6,-10.7,0,0,0,-10.7,-10.7,22.3,0,0,0,0,0,0,-7.5,0,0,0,0,0,0,2.2,0,0,0,0,0,0,2.2,69.32222222,11.53333333,32.78198937,0.42118451
JVASP-136680,93,50.3,58.8,1.9,21.7,-0.6,50.3,114.8,104.2,1.4,10.3,-1.5,58.8,104.2,132.8,-1.5,20.9,-0.8,1.9,1.4,-1.5,29.7,-0.6,-4.4,21.7,10.3,20.9,-0.6,12.9,0.2,-0.6,-1.5,-0.8,-4.4,0.2,22.9,85.24444444,21.58666667,59.71906342,0.383239579
JVASP-136682,70.6,5.8,7.4,0,0,0,5.8,133.4,5.6,0,0,0,7.4,5.6,44.8,0,0,0,0,0,0,-1,0,0,0,0,0,0,-7,0,0,0,0,0,0,6,31.82222222,14.93333333,38.74009662,0.297101449
JVASP-136685,-0.3,240.3,240.3,0,-128.8,0,240.3,-80.9,-86.1,0,75.6,0,240.3,-86.1,-80.9,0,75.6,0,0,0,0,-155.3,0,-113.5,-128.8,75.6,75.6,0,19.8,0,0,0,0,-113.5,0,-155.3,69.65555556,-95.26666667,-525.2653767,1.756816183
JVASP-136687,184,-3.6,20.6,0,0,0,-3.6,184,20.6,0,0,0,20.6,20.6,100.6,0,0,0,0,0,0,37.4,0,0,0,0,0,0,-2861.9,0,0,0,0,0,0,-2861.9,60.42222222,-1108.546667,650.1031806,-1.29322319
JVASP-135218,191.5,40.3,76.8,0.3,-7.7,15.5,40.3,99.8,46.9,-8.1,-4,11.6,76.8,46.9,236.2,-4.6,-21.6,12.6,0.3,-8.1,-4.6,26.4,-2.2,-13.3,-7.7,-4,-21.6,-2.2,11.2,1.4,15.5,11.6,12.6,-13.3,1.4,44.6,95.05555556,40.67333333,106.7887204,0.312760864
JVASP-1180,204.1,97.9,79.2,0,0,0,97.9,204.1,79.2,0,0,0,79.2,79.2,215.6,0,0,0,0,0,0,53.1,0,0,0,0,0,0,46.8,0,0,0,0,0,0,46.8,126.2666667,53.84,141.4196006,0.313332101
JVASP-17841,258,114.1,114.1,0,0,0,114.1,258,114.1,0,0,0,114.1,114.1,258,0,0,0,0,0,0,118.4,0,0,0,0,0,0,118.4,0,0,0,0,0,0,118.4,162.0666667,99.82,248.4513361,0.244496775
JVASP-17700,162.6,106.4,106.4,0,0,0,106.4,162.6,106.4,0,0,0,106.4,106.4,162.6,0,0,0,0,0,0,78.2,0,0,0,0,0,0,78.2,0,0,0,0,0,0,78.2,125.1333333,58.16,151.0743427,0.298782175
JVASP-1183,85.7,46.7,46.7,0,0,0,46.7,85.7,46.7,0,0,0,46.7,46.7,85.7,0,0,0,0,0,0,40.4,0,0,0,0,0,0,40.4,0,0,0,0,0,0,40.4,59.7,32.04,81.53401535,0.272378517
JVASP-85122,102.6,43.4,30.9,0,0,0,43.4,102.6,30.9,0,0,0,30.9,30.9,119.7,0,0,0,0,0,0,29.6,0,0,0,0,0,0,24.5,0,0,0,0,0,0,24.5,59.47777778,30.36666667,77.85094189,0.281848659
JVASP-82129,102.6,43.4,30.9,0,0,0,43.4,102.6,30.9,0,0,0,30.9,30.9,119.8,0,0,0,0,0,0,29.6,0,0,0,0,0,0,24.5,0,0,0,0,0,0,24.5,59.48888889,30.37333333,77.86766264,0.281842559
JVASP-266,85.7,46.7,46.7,0,0,0,46.7,85.7,46.7,0,0,0,46.7,46.7,85.7,0,0,0,0,0,0,40.4,0,0,0,0,0,0,40.4,0,0,0,0,0,0,40.4,59.7,32.04,81.53401535,0.272378517
JVASP-17716,140.9,36.7,36.7,0,0,0,36.7,140.9,36.7,0,0,0,36.7,36.7,140.9,0,0,0,0,0,0,27.9,0,0,0,0,0,0,27.9,0,0,0,0,0,0,27.9,71.43333333,37.58,95.91941401,0.276202954
JVASP-1186,71.1,39.5,39.5,0,0,0,39.5,71.1,39.5,0,0,0,39.5,39.5,71.1,0,0,0,0,0,0,32.8,0,0,0,0,0,0,32.8,0,0,0,0,0,0,32.8,50.03333333,26,66.48381601,0.278534923
JVASP-36119,84.7,37.3,26.1,0,0,0,37.3,84.7,26.1,0,0,0,26.1,26.1,99.7,0,0,0,0,0,0,23.7,0,0,0,0,0,0,19.7,0,0,0,0,0,0,19.7,49.78888889,24.59333333,63.34946348,0.287939756
JVASP-18070,124.8,28.7,28.7,0,0,0,28.7,124.8,28.7,0,0,0,28.7,28.7,124.8,0,0,0,0,0,0,17.1,0,0,0,0,0,0,17.1,0,0,0,0,0,0,17.1,60.73333333,29.48,76.12324263,0.291099773
JVASP-17666,71.1,39.5,39.5,0,0,0,39.5,71.1,39.5,0,0,0,39.5,39.5,71.1,0,0,0,0,0,0,32.8,0,0,0,0,0,0,32.8,0,0,0,0,0,0,32.8,50.03333333,26,66.48381601,0.278534923
JVASP-97,71.1,39.5,39.5,0,0,0,39.5,71.1,39.5,0,0,0,39.5,39.5,71.1,0,0,0,0,0,0,32.8,0,0,0,0,0,0,32.8,0,0,0,0,0,0,32.8,50.03333333,26,66.48381601,0.278534923
JVASP-1189,54.6,29.9,29.9,0,0,0,29.9,54.6,29.9,0,0,0,29.9,29.9,54.6,0,0,0,0,0,0,24.7,0,0,0,0,0,0,24.7,0,0,0,0,0,0,24.7,38.13333333,19.76,50.54883721,0.279069767
JVASP-14093,103.4,19.7,19.7,0,0,0,19.7,103.4,19.7,0,0,0,19.7,19.7,103.4,0,0,0,0,0,0,6.9,0,0,0,0,0,0,6.9,0,0,0,0,0,0,6.9,47.6,20.88,54.64926686,0.308651026
JVASP-103084,65.5,53.4,23.2,0,0,0,53.4,65.5,23.2,0,0,0,23.2,23.2,81.5,0,0,0,0,0,0,27.5,0,0,0,0,0,0,13.9,0,0,0,0,0,0,13.9,45.78888889,18.57333333,49.0834338,0.321341542
JVASP-36123,64.4,28.1,20,0,0,0,28.1,64.4,20,0,0,0,20,20,76.7,0,0,0,0,0,0,18.2,0,0,0,0,0,0,14.9,0,0,0,0,0,0,14.9,37.96666667,18.76,48.32121212,0.287878788
JVASP-15903,101.8,20.4,20.4,0,0,0,20.4,101.8,20.4,0,0,0,20.4,20.4,101.8,0,0,0,0,0,0,6.7,0,0,0,0,0,0,6.7,0,0,0,0,0,0,6.7,47.53333333,20.3,53.31086556,0.313075506
JVASP-18005,103.4,19.7,19.7,0,0,0,19.7,103.4,19.7,0,0,0,19.7,19.7,103.4,0,0,0,0,0,0,6.9,0,0,0,0,0,0,6.9,0,0,0,0,0,0,6.9,47.6,20.88,54.64926686,0.308651026
JVASP-4948,109.3,14,10.7,0,0,0,14,108.6,10.8,0,0,0,10.7,10.8,96.9,0,0,0,0,0,0,4.9,0,0,0,0,0,0,7.7,0,0,0,0,0,0,7.7,42.86666667,22.68,57.83939714,0.275118985
JVASP-17491,74.79838536,6.615731954,50.46884918,2.122596667,76.10175574,0.038013883,62.31081247,74.97399197,42.0103527,9.672805171,44.32118968,44.40769612,35.69602359,28.20003307,19.43325415,50.57356733,36.30399118,7.226072446,28.16172161,6.625045114,12.291021,12.32803329,76.20351586,15.31426564,35.72607059,0.623937525,60.19579943,9.662764617,28.79065679,23.79931064,13.76002716,60.08737318,19.46117633,17.66089841,7.198164681,36.39455608,40.82172213,20.17669574,51.96810454,0.287824954
JVASP-17580,54.6,29.9,29.9,0,0,0,29.9,54.6,29.9,0,0,0,29.9,29.9,54.6,0,0,0,0,0,0,24.7,0,0,0,0,0,0,24.7,0,0,0,0,0,0,24.7,38.13333333,19.76,50.54883721,0.279069767
JVASP-12001,51.3,37.6,27.9,0,0,0,37.6,51.3,27.9,0,0,0,27.9,27.9,36.5,0,0,0,0,0,0,15.3,0,0,0,0,0,0,22.1,0,0,0,0,0,0,22.1,36.21111111,14.94666667,39.41672331,0.318579058
JVASP-35987,42.2,26.5,26.5,0,0,0,26.5,42.2,26.5,0,0,0,26.5,26.5,42.2,0,0,0,0,0,0,16.9,0,0,0,0,0,0,16.9,0,0,0,0,0,0,16.9,31.73333333,13.28,34.96283186,0.316371681
JVASP-14973,64,29,29,0,0,0,29,64,29,0,0,0,29,29,64,0,0,0,0,0,0,11.7,0,0,0,0,0,0,11.7,0,0,0,0,0,0,11.7,40.66666667,14.02,37.72474636,0.345390384
JVASP-15070,47.7,32.6,32.6,0,0,0,32.6,47.7,32.6,0,0,0,32.6,32.6,47.7,0,0,0,0,0,0,4.1,0,0,0,0,0,0,4.1,0,0,0,0,0,0,4.1,37.63333333,5.48,15.67896604,0.430562595
JVASP-17671,35,13.7,15.1,0,0,0,13.7,35,15.1,0,0,0,15.1,15.1,55.2,0,0,0,0,0,0,14.2,0,0,0,0,0,0,14.2,0,0,0,0,0,0,14.2,23.66666667,13.94,34.9566753,0.25382623
JVASP-28366,88.5,31.1,15.3,0,-2.8,0,31.1,88.5,15.3,0,2.8,0,15.3,15.3,33.7,0,0,0,0,0,0,28.7,0,-2.8,-2.8,2.8,0,0,6.9,0,0,0,0,-2.8,0,6.9,37.12222222,18.43333333,47.44666153,0.286979969
JVASP-91686,60.9,20.8,13,0,0,0,20.8,61,12.9,0,0,0,13,12.9,32.4,0,0,0,0,0,0,20,0,0,0,0,0,0,9.2,0,0,0,0,0,0,9.3,27.52222222,14.87333333,37.80916119,0.271038588
JVASP-1915,62,20.2,13,0,-3,0,20.2,62,13,0,3,0,13,13,32.4,0,0,0,0,0,0,20.9,0,-3,-3,3,0,0,9.3,0,0,0,0,-3,0,9.3,27.64444444,15.24666667,38.63689821,0.267060501
JVASP-8490,69.2,25.4,15.1,0,11.6,0,25.4,103,27.7,0,-0.8,0,15.1,27.7,21.1,0,-6,0,0,0,0,21.7,0,7.7,11.6,-0.8,-6,0,23.6,0,0,0,0,7.7,0,15.7,36.63333333,20.54,51.91688132,0.263799448
JVASP-7974,60.4,20,12,0,0,0,20,60.4,12,0,0,0,12,12,34.5,0,0,0,0,0,0,20.2,0,0,0,0,0,0,7.7,0,0,0,0,0,0,7.7,27.03333333,14.54,36.98851945,0.27195734
JVASP-156323,32.5,19.3,7.6,0,0,0,19.3,32.5,7.6,0,0,0,7.6,7.6,31.8,0,0,0,0,0,0,6.6,0,0,0,0,0,0,18.4,0,0,0,0,0,0,18.4,18.42222222,12.83333333,31.24473813,0.21732746
JVASP-3414,75.5,19.7,16.6,0,0,0,19.7,25,30,0,0,0,16.6,30,110.2,0,0,0,0,0,0,20.6,0,0,0,0,0,0,30.2,0,0,0,0,0,0,19.5,38.14444444,23.68666667,58.87367989,0.242759919
JVASP-103609,39.6,36.1,36.1,0,0,0,36.1,39.6,36.1,0,0,0,36.1,36.1,39.6,0,0,0,0,0,0,9,0,0,0,0,0,0,9,0,0,0,0,0,0,9,37.26666667,6.1,17.35318066,0.422391858
JVASP-51076,110.3,17.1,30.3,0,0.1,0,17.1,75.7,20,0,0,0,30.3,20,25.4,0,0,0,0,0,0,19.8,0,0,0.1,0,0,0,20.6,0,0,0,0,0,0,30.2,38.46666667,23.72,59.02719954,0.244249569
JVASP-114314,47.6,79.4,-10.3,0,0,0,79.4,47.6,-10.3,0,0,0,-10.3,-10.3,9.2,0,0,0,0,0,0,-15.9,0,0,0,0,0,0,-2.5,0,0,0,0,0,0,-2.5,24.66666667,-1.14,-3.473510843,0.523469668
JVASP-114315,80.1,25.1,23.2,-0.1,12.5,-0.1,25.1,29.5,35.5,-0.2,14.7,0.2,23.2,35.5,113.1,-0.3,14.7,-0.4,-0.1,-0.2,-0.3,20.4,0.1,5.6,12.5,14.7,14.7,0.1,28.5,-0.1,-0.1,0.2,-0.4,5.6,-0.1,20.2,43.36666667,23.08,58.80744222,0.273991383
JVASP-115153,101,34.4,33.7,7.7,9.4,-4.2,34.4,103.4,39.6,-3.4,-0.4,-10.2,33.7,39.6,113.7,4.6,13.8,-21.4,7.7,-3.4,4.6,24.4,2.5,2,9.4,-0.4,13.8,2.5,20.1,-11.3,-4.2,-10.2,-21.4,2,-11.3,29.6,59.27777778,28.84666667,74.46147023,0.290642539
JVASP-150000,75.4,20.1,17.6,0,0,0,20.1,25.2,30.6,0,0,0,17.6,30.6,109.7,0,0,0,0,0,0,20.3,0,0,0,0,0,0,30.1,0,0,0,0,0,0,19.7,38.54444444,23.48666667,58.5647259,0.246765382
JVASP-12424,271.3,141.8,102.9,0,-7.9,0,141.8,271.3,102.9,0,7.9,0,102.9,102.9,194.5,0,0,0,0,0,0,64.7,0,-7.9,-7.9,7.9,0,0,58.8,0,0,0,0,-7.9,0,58.8,159.1444444,62.42666667,165.6238926,0.326547623
JVASP-14956,59.7,20.6,35.5,0,0,0,20.6,59.7,35.5,0,0,0,35.5,35.5,36.3,0,0,0,0,0,0,0.9,0,0,0,0,0,0,5.2,0,0,0,0,0,0,5.2,37.65555556,6.533333333,18.52842399,0.417991632
JVASP-4400,59.7,20.6,35.5,0,0,0,20.6,59.7,35.5,0,0,0,35.5,35.5,36.3,0,0,0,0,0,0,0.9,0,0,0,0,0,0,5.2,0,0,0,0,0,0,5.2,37.65555556,6.533333333,18.52842399,0.417991632
JVASP-8177,47.5,19.7,20.9,0,0,0,19.7,47.5,20.9,0,0,0,20.9,20.9,33.3,0,0,0,0,0,0,12.7,0,0,0,0,0,0,8.5,0,0,0,0,0,0,8.5,27.92222222,10.39333333,27.73836732,0.334430756
JVASP-36140,116,81.5,81.5,0,0,0,81.5,116,81.5,0,0,0,81.5,81.5,116,0,0,0,0,0,0,52,0,0,0,0,0,0,52,0,0,0,0,0,0,52,93,38.1,100.5666982,0.319772942
JVASP-35668,144.5,76.2,59.1,0,0,0,76.2,144.5,59.1,0,0,0,59.1,59.1,157.3,0,0,0,0,0,0,34.2,0,0,0,0,0,0,29.4,0,0,0,0,0,0,29.4,92.78888889,35.39333333,94.2024881,0.330794238
JVASP-36139,64.8,37.4,37.4,0,0,0,37.4,64.8,37.4,0,0,0,37.4,37.4,64.8,0,0,0,0,0,0,31.2,0,0,0,0,0,0,31.2,0,0,0,0,0,0,31.2,46.53333333,24.2,61.87399267,0.278388278
JVASP-36138,52.6,33,33,0,0,0,33,52.6,33,0,0,0,33,33,52.6,0,0,0,0,0,0,22.5,0,0,0,0,0,0,22.5,0,0,0,0,0,0,22.5,39.53333333,17.42,45.56709307,0.307895898
JVASP-15708,25.5,46.6,46.6,0,0,0,46.6,25.5,46.6,0,0,0,46.6,46.6,25.5,0,0,0,0,0,0,17.2,0,0,0,0,0,0,17.2,0,0,0,0,0,0,17.2,39.56666667,6.1,17.40552885,0.426682692
JVASP-100244,26.52476357,26.52874605,26.521319,47.37159998,69.19048722,47.37496706,35.32807959,45.13477589,35.32526316,0.025210416,47.37318562,69.1919731,35.32998819,47.37456771,26.52435253,35.32966295,26.52836154,78.25399496,47.3734543,35.33133597,53.74896534,63.58868665,61.68063934,76.45924699,45.13362899,26.52970849,63.58732385,76.45779601,78.25345991,63.59021776,26.52709777,35.33212296,61.67828226,78.25254881,83.61432467,35.33181939,30.54828315,36.08869744,77.67755593,0.076203374
JVASP-108896,38.1,31.2,31.2,0,0,0,31.2,38.1,31.2,0,0,0,31.2,31.2,38.1,0,0,0,0,0,0,-11.3,0,0,0,0,0,0,-11.3,0,0,0,0,0,0,-11.3,33.5,-5.4,-17.11987382,0.585173502
JVASP-13048,48.5,16.9,16,0,0.6,0,16.9,36.5,19,0,3.5,0,16,19,31.6,0,2.4,0,0,0,0,9.7,0,-1.5,0.6,3.5,2.4,0,11.6,0,0,0,0,-1.5,0,6.9,24.48888889,9.953333333,26.29722688,0.321026133
JVASP-91802,40.3,16.6,16.3,0,0,0,16.6,40.3,16.3,0,0,0,16.3,16.3,64.5,0,0,0,0,0,0,11.9,0,0,0,0,0,0,10.9,0,0,0,0,0,0,10.9,27.05555556,13.13333333,33.91269,0.291092259
JVASP-7846,40.4,16.7,16.4,0,0,0,16.7,40.4,16.4,0,0,0,16.4,16.4,64.5,0,0,0,0,0,0,11.9,0,0,0,0,0,0,10.9,0,0,0,0,0,0,10.9,27.14444444,13.12666667,33.91333192,0.29177242
JVASP-16288,44,36.9,36.9,0,0,0,36.9,44,36.9,0,0,0,36.9,36.9,44,0,0,0,0,0,0,4.6,0,0,0,0,0,0,4.6,0,0,0,0,0,0,4.6,39.26666667,4.18,12.11028037,0.448598131
JVASP-150795,21.2,22.4,24,0,17.2,0,22.4,-18.5,14.7,0,37.6,0,24,14.7,7.1,0,-2.2,0,0,0,0,-19.2,0,3.5,17.2,37.6,-2.2,0,-58.7,0,0,0,0,3.5,0,-6.1,14.66666667,-20.22,-112.2388562,1.775441548
JVASP-8034,47.3,16.9,16.6,0,0,0,16.9,47.3,16.6,0,0,0,16.6,16.6,80.1,0,0,0,0,0,0,10.4,0,0,0,0,0,0,9,0,0,0,0,0,0,9,30.54444444,13.98666667,36.40347156,0.301363378
JVASP-16279,76.5,29.9,29.9,0,0,0,29.9,76.5,29.9,0,0,0,29.9,29.9,76.5,0,0,0,0,0,0,-0.9,0,0,0,0,0,0,-0.9,0,0,0,0,0,0,-0.9,45.43333333,8.78,24.74594706,0.409222498
JVASP-8656,52.6,23.6,14.4,0,-2.1,0,23.6,52.6,14.4,0,2.1,0,14.4,14.4,28.7,0,0,0,0,0,0,14.5,0,-2.1,-2.1,2.1,0,0,9.7,0,0,0,0,-2.1,0,9.7,26.52222222,12.21333333,31.76424784,0.300392242
JVASP-24589,72.7,16.6,16.6,0,-0.3,0,16.6,41.7,12.4,0,-0.3,0,16.6,12.4,43,0,1.4,0,0,0,0,17.7,0,-0.5,-0.3,-0.3,1.4,0,11.3,0,0,0,0,-0.5,0,9.7,27.62222222,15.19333333,38.51787341,0.267591271
JVASP-136237,797.6,3,53.7,0,0,0,3,58.6,12.8,0,0,0,53.7,12.8,41.8,0,0,0,0,0,0,1.2,0,0,0,0,0,0,-0.5,0,0,0,0,0,0,-7.2,115.2222222,53.93333333,139.9621288,0.297547548
JVASP-104933,49.7,51.3,35.6,0,0,0,51.3,58.6,41.8,0,0,0,35.6,41.8,65.9,0,0,0,0,0,0,28.7,0,0,0,0,0,0,-5.4,0,0,0,0,0,0,20.1,47.95555556,11.71333333,32.49437374,0.387067746
JVASP-110178,58.8,44.4,34.8,0,0,0,44.4,58.8,34.8,0,0,0,34.8,34.8,57.7,0,0,0,0,0,0,7.2,0,0,0,0,0,0,8.6,0,0,0,0,0,0,8.6,44.81111111,8.966666667,25.21796839,0.406206416
JVASP-90810,73.3,45.6,5.2,0,0,0,45.6,73.3,5.2,0,0,0,5.2,5.2,113.8,0,0,0,0,0,0,54.2,0,0,0,0,0,0,13.9,0,0,0,0,0,0,13.9,41.37777778,30.02666667,72.53457879,0.207836015
JVASP-99391,44.7,49.1,34.5,0,0,0,49.1,44.7,34.5,0,0,0,34.5,34.5,47.4,0,0,0,0,0,0,23.7,0,0,0,0,0,0,-61.1,0,0,0,0,0,0,-61.1,41.44444444,-18.45333333,-65.00843722,0.761428032
JVASP-1103,117.5,3.2,3.2,0,0,0,3.2,117.5,3.2,0,0,0,3.2,3.2,117.5,0,0,0,0,0,0,14.5,0,0,0,0,0,0,14.5,0,0,0,0,0,0,14.5,41.3,31.56,75.45897337,0.195484369
JVASP-17886,59.2,35.7,35.7,0,0,0,35.7,59.2,35.7,0,0,0,35.7,35.7,59.2,0,0,0,0,0,0,12.1,0,0,0,0,0,0,12.1,0,0,0,0,0,0,12.1,43.53333333,11.96,32.86986532,0.374158249
JVASP-150058,107.4,3.3,3.3,0,0,0,3.3,94.9,8.6,0,0,0,3.3,8.6,94.9,0,0,0,0,0,0,4.9,0,0,0,0,0,0,2.2,0,0,0,0,0,0,4.9,36.4,21.2,53.2601227,0.256134969
JVASP-150063,93.8,10.6,10.6,0,0,0,10.6,53.8,40.2,0,0,0,10.6,40.2,53.8,0,0,0,0,0,0,4.7,0,0,0,0,0,0,2.9,0,0,0,0,0,0,4.7,36.02222222,11.79333333,31.8988709,0.352411146
JVASP-91670,86.5,52.8,11.5,0,0,0,52.8,86.5,11.5,0,0,0,11.5,11.5,128,0,0,0,0,0,0,57.8,0,0,0,0,0,0,16.9,0,0,0,0,0,0,16.9,50.28888889,33.33333333,81.90372783,0.228555917
JVASP-8506,114.1,6.3,2,0,0,0,6.3,114,2,0,0,0,2,2,41.2,0,0,0,0,0,0,16.3,0,0,0,0,0,0,-7.5,0,0,0,0,0,0,-7.5,32.21111111,17.52666667,44.50753913,0.26970918
JVASP-21,128.1,11.5,11.5,0,0,0,11.5,128.1,11.5,0,0,0,11.5,11.5,128.1,0,0,0,0,0,0,16.9,0,0,0,0,0,0,16.9,0,0,0,0,0,0,16.9,50.36666667,33.46,82.18150195,0.228055917
JVASP-1115,128.2,11.5,11.5,0,0,0,11.5,128.2,11.5,0,0,0,11.5,11.5,128.2,0,0,0,0,0,0,16.9,0,0,0,0,0,0,16.9,0,0,0,0,0,0,16.9,50.4,33.48,82.23157895,0.228070175
JVASP-18007,94,32,32,0,0,0,32,94,32,0,0,0,32,32,94,0,0,0,0,0,0,8.8,0,0,0,0,0,0,8.8,0,0,0,0,0,0,8.8,52.66666667,17.68,47.70218579,0.349043716
JVASP-28356,64.6,31.2,22.3,0,0,0,31.2,64.6,22.3,0,0,0,22.3,22.3,50.5,0,0,0,0,0,0,16.7,0,0,0,0,0,0,25.8,0,0,0,0,0,0,25.8,36.81111111,20.58666667,52.05588969,0.264310792
JVASP-91537,79.2,24.8,30.3,0,0,0,24.8,33.8,20.6,0,0,0,30.3,20.6,48.9,0,0,0,0,0,0,6.3,0,0,0,0,0,0,-2.2,0,0,0,0,0,0,19,34.81111111,10.36666667,28.29160859,0.364547038
JVASP-28369,88.8,5.1,49.6,0,0,0,5.1,51.9,16.7,0,0,0,49.6,16.7,86.8,0,0,0,0,0,0,-5.8,0,0,0,0,0,0,13.4,0,0,0,0,0,0,58.2,41.14444444,23.56666667,59.36555556,0.25952381
JVASP-90740,138,16,16,0,0,0,16,138,16,0,0,0,16,16,138,0,0,0,0,0,0,19.5,0,0,0,0,0,0,19.5,0,0,0,0,0,0,19.5,56.66666667,36.1,89.33042213,0.237263464
JVASP-90798,137.9,16.1,16.1,0,0,0,16.1,137.9,16.1,0,0,0,16.1,16.1,137.9,0,0,0,0,0,0,19.5,0,0,0,0,0,0,19.5,0,0,0,0,0,0,19.5,56.7,36.06,89.25794529,0.237630966
JVASP-91778,55.6,5.7,24.3,0,0.9,0,5.7,63.3,8.3,0,-1.1,0,24.3,8.3,43.5,0,6.4,0,0,0,0,5.3,0,1.3,0.9,-1.1,6.4,0,5.1,0,0,0,0,1.3,0,17.4,26.55555556,13.83333333,35.3600713,0.278074866
JVASP-254,138.8,16,16,0,0,0,16,138.8,16,0,0,0,16,16,138.8,0,0,0,0,0,0,19.5,0,0,0,0,0,0,19.5,0,0,0,0,0,0,19.5,56.93333333,36.26,89.7306288,0.237322515
JVASP-260,109.6,7.4,1.7,0,0,0,7.4,100.7,1,0,0,0,1.7,1,36.5,0,0,0,0,0,0,7.2,0,0,0,0,0,0,11.9,0,0,0,0,0,0,2.2,29.66666667,20.04,49.07079971,0.22432135
JVASP-79657,135.3,15.7,15.7,0,0,0,15.7,135.3,15.7,0,0,0,15.7,15.7,151.3,0,0,0,0,0,0,19.3,0,0,0,0,0,0,20.2,0,0,0,0,0,0,18.8,57.34444444,36.64666667,90.63324069,0.236582327
JVASP-36357,59.4,44.4,36.3,0,0,0,44.4,59.4,36.3,0,0,0,36.3,36.3,130.7,0,0,0,0,0,0,7.5,0,0,0,0,0,0,20.2,0,0,0,0,0,0,20.2,53.72222222,18.41333333,49.57593644,0.346196681
JVASP-1112,138.8,16,16,0,0,0,16,138.8,16,0,0,0,16,16,138.8,0,0,0,0,0,0,19.5,0,0,0,0,0,0,19.5,0,0,0,0,0,0,19.5,56.93333333,36.26,89.7306288,0.237322515
JVASP-35680,73.7,37.9,41.8,0,0,0,37.9,73.7,41.8,0,0,0,41.8,41.8,110.6,0,0,0,0,0,0,17.9,0,0,0,0,0,0,37.4,0,0,0,0,0,0,37.4,55.66666667,27.64,71.14488286,0.286991369
JVASP-13762,151.3,15.7,15.7,0,0,0,15.7,135.3,15.6,0,0,0,15.7,15.6,135.3,0,0,0,0,0,0,18.7,0,0,0,0,0,0,19.3,0,0,0,0,0,0,20.2,57.32222222,36.63333333,90.59988814,0.236577181
JVASP-17941,120.5,29.5,29.5,0,0,0,29.5,120.5,29.5,0,0,0,29.5,29.5,120.5,0,0,0,0,0,0,7.8,0,0,0,0,0,0,7.8,0,0,0,0,0,0,7.8,59.83333333,22.88,60.87992885,0.330418025
JVASP-115384,59.2,3.8,9.3,0,0,0,3.8,52.8,25.1,0,0,0,9.3,25.1,65.9,0,0,0,0,0,0,-0.3,0,0,0,0,0,0,-9,0,0,0,0,0,0,1.6,28.25555556,7.773333333,21.36112672,0.374000432
JVASP-115385,-3.2,1.3,-1.2,0,0.4,0,1.3,-4.5,7.8,0,3.3,0,-1.2,7.8,-9.4,0,0.2,0,0,0,0,-0.7,0,-2.4,0.4,3.3,0.2,0,0.4,0,0,0,0,-2.4,0,-3.6,-0.144444444,-2.446666667,-1.104398148,-0.774305556
JVASP-115387,48,21.4,34.1,0,0,0,21.4,37.5,8.6,0,0,0,34.1,8.6,53.5,0,0,0,0,0,0,-3.1,0,0,0,0,0,0,-7.3,0,0,0,0,0,0,39.2,29.68888889,10.75333333,28.78471916,0.338409136
JVASP-115388,7.2,38.3,46.7,0,2.4,0,38.3,26.5,41.1,0,-9.5,0,46.7,41.1,57.1,0,13.9,0,0,0,0,-0.9,0,-15.1,2.4,-9.5,13.9,0,12.9,0,0,0,0,-15.1,0,-60.2,38.11111111,-11.99333333,-40.19653443,0.675786594
JVASP-115391,168.7,1.4,1.4,0,0,0,1.4,135.2,19,0,0,0,1.4,19,135.2,0,0,0,0,0,0,1.9,0,0,0,0,0,0,20.6,0,0,0,0,0,0,1.9,53.63333333,32.7,81.53042355,0.246642562
JVASP-149870,114.5,12,12,0,0,0,12,119.6,19.7,0,0,0,12,19.7,119.6,0,0,0,0,0,0,3.2,0,0,0,0,0,0,0.4,0,0,0,0,0,0,3.2,49.01111111,22.02666667,57.47049963,0.304566426
JVASP-149658,34.5,13.9,10.8,0,0,0,13.9,27,9.1,0,0,0,10.8,9.1,38.8,0,0,0,0,0,0,-2.7,0,0,0,0,0,0,3.3,0,0,0,0,0,0,2.4,18.65555556,5.033333333,13.85404372,0.376229508
JVASP-149746,34.3,13.8,10.7,0,0,0,13.8,27,9,0,0,0,10.7,9,38.7,0,0,0,0,0,0,-2.7,0,0,0,0,0,0,3.4,0,0,0,0,0,0,2.3,18.55555556,5.033333333,13.84788578,0.375617792
JVASP-149749,34,13.8,10.8,0,0,0,13.8,27.3,8.9,0,0,0,10.8,8.9,38.5,0,0,0,0,0,0,-2.5,0,0,0,0,0,0,3.4,0,0,0,0,0,0,2.4,18.53333333,5.08,13.96413975,0.374423204
JVASP-8441,132.9,99.1,105.2,0,0,0,99.1,132.9,105.2,0,0,0,105.2,105.2,236.2,0,0,0,0,0,0,130.3,0,0,0,0,0,0,41.5,0,0,0,0,0,0,41.5,124.5555556,55.49333333,144.9529934,0.306039705
JVASP-29744,130.4,64.6,27,0,0.1,0,64.6,130,27.1,0,0,0,27,27.1,101.2,0,0,0,0,0,0,51.8,0,0,0.1,0,0,0,26.8,0,0,0,0,0,0,26.9,66.55555556,37.29333333,94.27205717,0.263926401
JVASP-29376,99.8,29.7,13.7,0.1,0,0,29.7,41.1,7.1,0,0.1,-0.1,13.7,7.1,31.3,0.1,0,0.1,0.1,0,0.1,35.4,-0.2,0.1,0,0.1,0,-0.2,0.6,-0.1,0,-0.1,0.1,0.1,-0.1,6.8,30.35555556,16.67333333,42.27914114,0.267867087
JVASP-29379,152.7128699,90.4010872,69.15326443,57.66872778,52.99439256,35.56591297,119.8387294,87.92853802,66.86400454,55.34135254,40.78947377,24.06431315,109.6071778,85.49628772,133.4888882,50.62329247,38.21036009,17.44899816,106.5675376,78.38344851,92.92087096,48.22308817,32.84477457,13.7858979,112.8034926,76.05725083,83.09823496,45.78829301,30.03309963,9.778880611,98.13555197,71.44606396,64.57462004,59.98075792,27.11363353,5.279932493,91.88522316,26.55468672,72.66412083,0.368197667
JVASP-8454,100.4,30,13.7,0,0,0,30,41.5,7.1,0,0,0,13.7,7.1,31.7,0,0,0,0,0,0,35.7,0,0,0,0,0,0,1,0,0,0,0,0,0,6.3,30.57777778,16.78666667,42.56994717,0.267969038
JVASP-50903,178.9,55.3,65.9,0,0,0,55.3,180.8,91.6,0,-0.3,0,65.9,91.6,128.3,0,-0.3,0,0,0,0,25.2,0,0,0,-0.3,-0.3,0,40.7,0,0,0,0,0,0,29.3,101.5111111,37.38666667,99.89605366,0.335985026
JVASP-59671,171,101.1,96.2,0,0,0,101.1,168.4,54.2,0,0,0,96.2,54.2,129.8,0,0,0,0,0,0,46.1,0,0,0,0,0,0,29.2,0,0,0,0,0,0,58.6,108.0222222,41.29333333,109.878965,0.330468579
JVASP-17616,296.6,58,58,0,0,0,58,296.6,58,0,0,0,58,58,296.6,0,0,0,0,0,0,4.5,0,0,0,0,0,0,4.5,0,0,0,0,0,0,4.5,137.5333333,50.42,134.7887262,0.336659324
JVASP-252,64.5,65.8,16.4,0,0,0,65.8,64.5,16.4,0,0,0,16.4,16.4,18.8,0,0,0,0,0,0,56.1,0,0,0,0,0,0,16.4,0,0,0,0,0,0,16.4,38.33333333,21.06,53.40070557,0.267823019
JVASP-149884,100.9,30.3,13.9,0,0,0,30.3,41.9,7.8,0,0,0,13.9,7.8,33.4,0,0,0,0,0,0,35.9,0,0,0,0,0,0,1.3,0,0,0,0,0,0,7.6,31.13333333,17.24,43.66095445,0.26626898
JVASP-107982,21.9,57.2,57.2,0,0,0,57.2,21.8,56.5,0,0,0,57.2,56.5,21.8,0,0,0,0,0,0,-1.7,0,0,0,0,0,0,-0.1,0,0,0,0,0,0,-1.7,45.25555556,-7.726666667,-24.57881391,0.590518588
JVASP-36408,198.1,86.7,86.7,0,0,0,86.7,198.1,86.7,0,0,0,86.7,86.7,198.1,0,0,0,0,0,0,112.1,0,0,0,0,0,0,112.1,0,0,0,0,0,0,112.1,123.8333333,89.54,216.4504815,0.208680375
JVASP-115777,254.5,97,0.2,0,0,0,97,254.5,0.2,0,0,0,0.2,0.2,16.8,0,0,0,0,0,0,78.7,0,0,0,0,0,0,-5,0,0,0,0,0,0,-5,80.06666667,42.3,107.8986903,0.27539823
JVASP-115778,90.6,4.5,20.4,0,-0.1,0,4.5,251.6,64.3,0,2.4,0,20.4,64.3,332.9,0,1.7,0,0,0,0,5.6,0,0.9,-0.1,2.4,1.7,0,63.5,0,0,0,0,0.9,0,2.1,94.83333333,53.3,134.670071,0.263321492
JVASP-115780,161.2,142.5,36.8,0,0,0,142.5,161.2,36.8,0,0,0,36.8,36.8,147.9,0,0,0,0,0,0,9.3,0,0,0,0,0,0,32.4,0,0,0,0,0,0,32.4,100.2777778,31.76666667,86.19788535,0.356734817
JVASP-14735,152.6,29.6,29.6,0,0,0,29.6,152.6,29.6,0,0,0,29.6,29.6,152.6,0,0,0,0,0,0,34.5,0,0,0,0,0,0,34.5,0,0,0,0,0,0,34.5,70.6,45.3,111.9549592,0.235705951
JVASP-111006,70.7,33.7,26.8,0,-6,0,33.7,70.7,26.8,0,6,0,26.8,26.8,54.2,0,0,0,0,0,0,18.5,0,-6,-6,6,0,0,25.4,0,0,0,0,-6,0,25.4,41.13333333,21.08,54.01312292,0.281146179
JVASP-56488,57.8,28.7,28.7,0,0,0,28.7,57.8,28.7,0,0,0,28.7,28.7,57.8,0,0,0,0,0,0,27.3,0,0,0,0,0,0,27.3,0,0,0,0,0,0,27.3,38.4,22.2,55.83930131,0.257641921
JVASP-30466,86.6,84.3,44.5,0,0,0,84.3,86.6,44.5,0,0,0,44.5,44.5,64.8,0,0,0,0,0,0,55.7,0,0,0,0,0,0,-14.5,0,0,0,0,0,0,-14.5,64.95555556,9.653333333,27.59308951,0.429200078
JVASP-20610,139.3,24.3,24.3,0,0,0,24.3,139.3,24.3,0,0,0,24.3,24.3,139.3,0,0,0,0,0,0,27.1,0,0,0,0,0,0,27.1,0,0,0,0,0,0,27.1,62.63333333,39.26,97.42411516,0.240755415
JVASP-101119,84.1,32.2,30.7,0.7,-17.5,1,32.2,66.2,41,-0.3,10.1,0.7,30.7,41,69.9,0.6,7.8,-0.5,0.7,-0.3,0.6,16,1.5,-2,-17.5,10.1,7.8,1.5,-48.5,2.2,1,0.7,-0.5,-2,2.2,16.3,47.55555556,4.513333333,13.12479051,0.454001902
JVASP-16282,121.9,15,15,0,0,0,15,121.9,15,0,0,0,15,15,121.9,0,0,0,0,0,0,14.6,0,0,0,0,0,0,14.6,0,0,0,0,0,0,14.6,50.63333333,30.14,75.4493408,0.251647989
JVASP-17404,24.9,33.9,33.9,0,0,0,33.9,24.9,33.9,0,0,0,33.9,33.9,24.9,0,0,0,0,0,0,-23.8,0,0,0,0,0,0,-23.8,0,0,0,0,0,0,-23.8,30.9,-16.08,-58.36397807,0.814800313
JVASP-101118,65,53.2,27.2,0,0,0,53.2,43.3,25.3,0,0,0,27.2,25.3,94.7,0,0,0,0,0,0,11,0,0,0,0,0,0,10.6,0,0,0,0,0,0,9.6,46.04444444,12.72666667,34.95910557,0.373458836
JVASP-106601,35.1,47.3,47.3,0,0,0,47.3,35.1,47.3,0,0,0,47.3,47.3,35.1,0,0,0,0,0,0,8.1,0,0,0,0,0,0,8.1,0,0,0,0,0,0,8.1,43.23333333,2.42,7.12702089,0.472524977
JVASP-7860,119.7,3.3,3.3,0,0,0,3.3,119.7,3.3,0,0,0,3.3,3.3,119.7,0,0,0,0,0,0,16.1,0,0,0,0,0,0,16.1,0,0,0,0,0,0,16.1,42.1,32.94,78.37833459,0.18971364
JVASP-7833,24.4,26.5,26.5,0,0,0,26.5,24.4,26.5,0,0,0,26.5,26.5,24.4,0,0,0,0,0,0,-10.8,0,0,0,0,0,0,-10.8,0,0,0,0,0,0,-10.8,25.8,-6.9,-22.72595745,0.646808511
JVASP-19726,63.4,31.3,31.3,0,0,0,31.3,63.4,31.3,0,0,0,31.3,31.3,63.4,0,0,0,0,0,0,6.5,0,0,0,0,0,0,6.5,0,0,0,0,0,0,6.5,42,10.32,28.61619718,0.386443662
JVASP-149916,105.4,2.9,2.9,0,0,0,2.9,104.4,7.9,0,0,0,2.9,7.9,104.4,0,0,0,0,0,0,8.2,0,0,0,0,0,0,2.8,0,0,0,0,0,0,8.2,37.95555556,23.87333333,59.20669861,0.240017424
JVASP-302,129.1,11.2,11.2,0,0,0,11.2,129.1,11.2,0,0,0,11.2,11.2,129.1,0,0,0,0,0,0,17.5,0,0,0,0,0,0,17.5,0,0,0,0,0,0,17.5,50.5,34.08,83.46459748,0.224539282
JVASP-296,80.6,6.5,41,0,0,0,6.5,52.6,7.5,0,0,0,41,7.5,74.1,0,0,0,0,0,0,-8.2,0,0,0,0,0,0,7.9,0,0,0,0,0,0,55.8,35.25555556,21.25333333,53.09150265,0.249015903
JVASP-29879,40.5,14.1,4.4,0,0,0,14.1,23.5,0.8,0,0,0,4.4,0.8,88.8,0,0,0,0,0,0,-4.8,0,0,0,0,0,0,-2.2,0,0,0,0,0,0,9.7,21.26666667,9.44,24.66979792,0.306663026
JVASP-122,95.4,27.6,16.6,0,-1.1,0,27.6,95.4,16.6,0,1.1,0,16.6,16.6,26.7,0,0,0,0,0,0,33.9,0,-1.1,-1.1,1.1,0,0,8.8,0,0,0,0,-1.1,0,8.8,37.67777778,20.74666667,52.5877909,0.267379279
JVASP-299,69.1,31.7,9.8,0,0,0,31.7,35.9,13.7,0,0,0,9.8,13.7,52.3,0,0,0,0,0,0,33.4,0,0,0,0,0,0,15,0,0,0,0,0,0,11.9,29.74444444,18.86666667,46.72161579,0.238205365
JVASP-131,119,32.6,13.7,0,0.9,0,32.6,119,13.7,0,-0.9,0,13.7,13.7,28.7,0,0,0,0,0,0,43.2,0,0.9,0.9,-0.9,0,0,9.7,0,0,0,0,0.9,0,9.7,42.96666667,26.3,65.52970361,0.245811856
JVASP-98977,88.1,22.8,21.7,0,0,0,22.8,34.9,19.2,0,0,0,21.7,19.2,40.6,0,0,0,0,0,0,29.2,0,0,0,0,0,0,16.9,0,0,0,0,0,0,17,32.33333333,19.28,48.249742,0.25128999
JVASP-8179,4.2,-5.4,-5.3,0,0,0,-5.4,124.1,-3.9,0,0,0,-5.3,-3.9,59.7,0,0,0,0,0,0,-16.4,0,0,0,0,0,0,18.6,0,0,0,0,0,0,8.2,17.64444444,15.58666667,36.12321463,0.158785756
JVASP-7855,137,15.4,15.4,0,0,0,15.4,137,15.4,0,0,0,15.4,15.4,137,0,0,0,0,0,0,18.7,0,0,0,0,0,0,18.7,0,0,0,0,0,0,18.7,55.93333333,35.54,87.98483328,0.237828268
JVASP-7785,49.7,8.2,8.4,0,0,0,8.2,22.1,8.6,0,0,0,8.4,8.6,65,0,0,0,0,0,0,-4.1,0,0,0,0,0,0,-3.8,0,0,0,0,0,0,14.3,20.8,8.72,22.95253093,0.316085489
JVASP-8397,28.3,7.3,22.3,0,0,0,7.3,28.3,22.3,0,0,0,22.3,22.3,41,0,0,0,0,0,0,11.3,0,0,0,0,0,0,20.2,0,0,0,0,0,0,20.1,22.37777778,13.36666667,33.4415735,0.250931677
JVASP-36000,28.3,7.4,22.3,0,0,0,7.4,28.3,22.3,0,0,0,22.3,22.3,41.2,0,0,0,0,0,0,11.5,0,0,0,0,0,0,20.2,0,0,0,0,0,0,20.2,22.42222222,13.43333333,33.59165634,0.250309789
JVASP-79527,78.4,34.4,12.2,0,1.3,0,34.4,44,18.7,0,6.6,0,12.2,18.7,55.2,0,2.3,0,0,0,0,41.1,0,-4.1,1.3,6.6,2.3,0,12.9,0,0,0,0,-4.1,0,16.2,34.24444444,21.52666667,53.39223134,0.240141638
JVASP-1109,77.2,33.5,13.1,0,0,0,33.5,36.7,16.8,0,0,0,13.1,16.8,51.5,0,0,0,0,0,0,35.1,0,0,0,0,0,0,19.1,0,0,0,0,0,0,18.5,32.46666667,21.34,52.51430015,0.230419404
JVASP-290,118.4,32.2,12.5,0,0,0,32.2,118.4,12.5,0,0,0,12.5,12.5,29.2,0,0,0,0,0,0,43.1,0,0,0,0,0,0,9.8,0,0,0,0,0,0,9.8,42.26666667,26.46,65.67521858,0.241028318
JVASP-7629,34.1,37.2,37.2,0,0,0,37.2,34.1,37.2,0,0,0,37.2,37.2,34.1,0,0,0,0,0,0,-15,0,0,0,0,0,0,-15,0,0,0,0,0,0,-15,36.16666667,-9.62,-31.66777913,0.645934466
JVASP-29475,85.8,10.1,40.2,0,0,0,10.1,49.3,11.9,0,0,0,40.2,11.9,82.6,0,0,0,0,0,0,16.2,0,0,0,0,0,0,13.4,0,0,0,0,0,0,56.8,38.01111111,27.64666667,66.7555383,0.207298137
JVASP-22565,164.8,8.4,13.7,0,0,0,8.4,164.6,13.8,0,0,0,13.7,13.8,29.2,0,0,0,0,0,0,4.1,0,0,0,0,0,0,24.6,0,0,0,0,0,0,25,47.82222222,32.25333333,78.99974201,0.22467562
JVASP-91773,98.5,42.4,10.7,0,0,0,42.4,41.2,4.9,0,0,0,10.7,4.9,33.9,0,0,0,0,0,0,2.3,0,0,0,0,0,0,2.6,0,0,0,0,0,0,12.2,32.17777778,11.12666667,29.93017524,0.344974921
JVASP-93336,220.3,157.2,133.8,0,0,0,157.2,220.3,133.8,0,0,0,133.8,133.8,384.9,0,0,0,0,0,0,186.8,0,0,0,0,0,0,87.5,0,0,0,0,0,0,87.5,186.1222222,99.07333333,252.4302456,0.273956559
JVASP-287,305.5,103.6,20.7,0,0,0,103.6,305.5,20.7,0,0,0,20.7,20.7,48.5,0,0,0,0,0,0,100.9,0,0,0,0,0,0,-9.7,0,0,0,0,0,0,-9.7,105.5,50.6,130.876328,0.293244348
JVASP-22567,220.4,157.2,133.8,0,0,0,157.2,220.4,133.8,0,0,0,133.8,133.8,385.4,0,0,0,0,0,0,187.1,0,0,0,0,0,0,87.7,0,0,0,0,0,0,87.7,186.2,99.26,252.8500106,0.27367525
JVASP-12197,296.6,90.3,28.1,0,9,0,90.3,295.9,28.2,0,-9.2,0,28.1,28.2,40.2,0,-0.2,0,0,0,0,102.5,0,9.3,9,-9.2,-0.2,0,20.4,0,0,0,0,9.3,0,20.3,102.8777778,61.04666667,152.8973941,0.252299286
JVASP-1228,385.9,133.7,133.5,0,0,0,133.7,220.2,157.2,0,0,0,133.5,157.2,220.8,0,0,0,0,0,0,87.5,0,0,0,0,0,0,187.2,0,0,0,0,0,0,87.7,186.1888889,99.31333333,252.9630824,0.273560528
JVASP-284,296,90.6,28,0.2,9.2,-0.1,90.6,295.9,28.1,0.3,-9.3,0.1,28,28.1,39.9,0.3,0,0,0.2,0.3,0.3,102.6,0,9.3,9.2,-9.3,0,0,20.1,-0.1,-0.1,0.1,0,9.3,-0.1,20.2,102.8,60.92,152.6134084,0.252572295
JVASP-29367,99.2,15.3,2.6,0,0,0,15.3,17.7,8.8,0,0,0,2.6,8.8,29.5,0,0,0,0,0,0,23.7,0,0,0,0,0,0,11,0,0,0,0,0,0,3.7,22.2,15.66,38.03632385,0.214442013
JVASP-8257,303.5,91.9,44.4,0,14,0,91.9,304.1,44.8,0,-14.2,0,44.4,44.8,44.7,0,-0.1,0.1,0,0,0,105.5,0,14.2,14,-14.2,-0.1,0,35.4,0,0,0,0.1,14.2,0,35,112.7222222,66.59333333,166.9110996,0.25321178
JVASP-8395,296.3,90.4,28.4,0,9,0,90.4,295.8,28.1,0,-9.5,0,28.4,28.1,40.3,0,0.2,0,0,0,0,102.7,0,9,9,-9.5,0.2,0,20.1,0,0,0,0,9,0,19.9,102.9111111,60.90666667,152.6126898,0.252840602
JVASP-12191,305.6,103.7,21,0,0,0,103.7,305.6,21,0,0,0,21,21,50,0,0,0,0,0,0,101,0,0,0,0,0,0,-9.7,0,0,0,0,0,0,-9.7,105.8444444,50.68666667,131.1284522,0.293520178
JVASP-11076,241.3,143.2,146.6,0,0,0,143.2,298.2,103.7,0,0,0,146.6,103.7,260.2,0,0,0,0,0,0,94.9,0,0,0,0,0,0,76.4,0,0,0,0,0,0,111.8,176.3,83.7,216.7920176,0.295053869
JVASP-8270,5.7,2.5,1.9,0,0,0,2.5,5.7,1.9,0,0,0,1.9,1.9,13.3,0,0,0,0,0,0,1.6,0,0,0,0,0,0,-12.9,0,0,0,0,0,0,-12.9,4.144444444,-3.613333333,-15.2808768,1.114512472
JVASP-30569,303.4,91.7,43.8,0,14,0,91.7,303.4,44,0,-13.9,0,43.8,44,43,0,0,0,0,0,0,105.4,0,14,14,-13.9,0,0,35.2,0,0,0,0,14,0,34.8,112.0888889,66.43333333,166.4215214,0.252545319
JVASP-11528,273.6,61.4,62.2,0,-1,0,61.4,120.7,71.8,0,-7.2,0,62.2,71.8,121.7,0,4.7,0,0,0,0,56,0,-0.2,-1,-7.2,4.7,0,4.4,0,0,0,0,-0.2,0,56.1,100.7555556,44.67333333,116.7630676,0.306854211
JVASP-50028,282.5,68.2,108.2,0,0,0,68.2,282.5,108.2,0,0,0,108.2,108.2,190.4,0,0,0,0,0,0,35.8,0,0,0,0,0,0,33.5,0,0,0,0,0,0,33.5,147.1777778,51.94666667,139.4353462,0.342100997
JVASP-9646,166.5,27.5,62.1,0,0,0,27.5,166.5,62.1,0,0,0,62.1,62.1,131.8,0,0,0,0,0,0,34.3,0,0,0,0,0,0,69.4,0,0,0,0,0,0,69.4,85.35555556,55.49333333,136.8275089,0.232828348
JVASP-281,91.1,83.4,14.7,0,0,0,83.4,91.1,14.7,0,0,0,14.7,14.7,30.1,0,0,0,0,0,0,77.7,0,0,0,0,0,0,25.2,0,0,0,0,0,0,25.2,48.65555556,32.25333333,79.24887592,0.228537762
JVASP-9923,266.8,31.3,33,0,0,0,31.3,123.8,77.1,0,0,0,33,77.1,158.5,0,0,0,0,0,0,17.2,0,0,0,0,0,0,29,0,0,0,0,0,0,15.8,92.43333333,39.58,103.9087415,0.31264201
JVASP-10037,220,156.7,133.4,0,0,0,156.7,220,133.4,0,0,0,133.4,133.4,386.1,0,0,0,0,0,0,186.6,0,0,0,0,0,0,87.7,0,0,0,0,0,0,87.7,185.9,99.24,252.7452187,0.273403964
JVASP-16884,477.5,49.7,49.7,0,0,0,49.7,477.5,49.7,0,0,0,49.7,49.7,477.5,0,0,0,0,0,0,14.7,0,0,0,0,0,0,14.7,0,0,0,0,0,0,14.7,192.3,94.38,243.3313461,0.289104398
JVASP-9171,328.1,135.5,135.5,0,0,0,135.5,328.1,135.5,0,0,0,135.5,135.5,328.1,0,0,0,0,0,0,109.4,0,0,0,0,0,0,109.4,0,0,0,0,0,0,109.4,199.7,104.16,266.1985155,0.277834656
JVASP-149190,218.6,156.5,132.1,0,0,0,156.5,218.6,132.1,0,0,0,132.1,132.1,383.5,0,0,0,0,0,0,186.7,0,0,0,0,0,0,87.6,0,0,0,0,0,0,87.6,184.6777778,99.04666667,252.0754956,0.272508728
JVASP-149227,218.6,156.4,132,0,0,0,156.4,218.6,132,0,0,0,132,132,383.5,0,0,0,0,0,0,186.7,0,0,0,0,0,0,87.6,0,0,0,0,0,0,87.6,184.6111111,99.06666667,252.1048655,0.272400061
JVASP-149754,91.3,82.3,14.1,0,0,0,82.3,91.3,14.1,0,0,0,14.1,14.1,31.6,0,0,0,0,0,0,78.6,0,0,0,0,0,0,25.9,0,0,0,0,0,0,25.9,48.35555556,32.99333333,80.63966453,0.22205998
JVASP-92177,144.6,53.4,53.4,0,0,0,53.4,144.6,53.4,0,0,0,53.4,53.4,144.6,0,0,0,0,0,0,72.3,0,0,0,0,0,0,72.3,0,0,0,0,0,0,72.3,83.8,61.62,148.4691202,0.204715354
JVASP-105410,130.6,46.8,46.8,0,0.2,0,46.8,129.7,46.5,0,-0.5,0,46.8,46.5,129.7,0,-0.5,0,0,0,0,66,0,1.2,0.2,-0.5,-0.5,0,67.4,0,0,0,0,1.2,0,66,74.46666667,56.54,135.3615346,0.197042223
JVASP-1073,154.7,38.8,22.2,0,0,0,38.8,154.7,22.2,0,0,0,22.2,22.2,177.6,0,0,0,0,0,0,57.9,0,0,0,0,0,0,43.8,0,0,0,0,0,0,43.8,72.6,56.02,133.6771164,0.193119568
JVASP-36018,311.8,101.8,101.8,0,0,0,101.8,311.8,101.8,0,0,0,101.8,101.8,311.8,0,0,0,0,0,0,183.8,0,0,0,0,0,0,183.8,0,0,0,0,0,0,183.8,171.8,152.28,352.6469806,0.157890007
JVASP-114970,-502,250.1,-21.5,0,-3.2,0,250.1,98.9,-35.3,0,40.7,0,-21.5,-35.3,59.1,0,25.8,0,0,0,0,-25.5,0,-20.3,-3.2,40.7,25.8,0,-25.8,0,0,0,0,-20.3,0,22,4.733333333,-41.68,64.61310044,-1.77510917
JVASP-114971,545.3,34.4,119.6,0,0,0,34.4,545.3,119.6,0,0,0,119.6,119.6,592,0,0,0,0,0,0,168.1,0,0,0,0,0,0,247,0,0,0,0,0,0,247,247.7555556,226.3533333,520.5365635,0.149831893
JVASP-115749,980.7,-12.1,64.4,0,0,0,-12.1,90.7,14.9,0,0,0,64.4,14.9,68.4,0,0,0,0,0,0,16.5,0,0,0,0,0,0,6.3,0,0,0,0,0,0,-2.2,141.5777778,75.62666667,192.5883337,0.273283236
JVASP-115748,363.6,6.6,59.6,0,0,0,6.6,84.1,3.8,0,0,0,59.6,3.8,594.2,0,0,0,0,0,0,0.7,0,0,0,0,0,0,5.2,0,0,0,0,0,0,88.6,131.3222222,83.69333333,207.0869461,0.237177072
JVASP-115752,74.6,8.8,-20.8,0,0,0,8.8,243.6,17.1,0,0,0,-20.8,17.1,43.1,0,0,0,0,0,0,15.1,0,0,0,0,0,0,-6.3,0,0,0,0,0,0,9.7,41.27777778,27.44666667,67.40108849,0.227855632
JVASP-11149,282.4,149.1,86,0,0,0,149.1,282.4,86,0,0,0,86,86,391,0,0,0,0,0,0,66.7,0,0,0,0,0,0,64.1,0,0,0,0,0,0,64.1,177.5555556,81.29333333,211.5882902,0.301387713
JVASP-9155,352.3,145.7,145.7,0,0,0,145.7,352.3,145.7,0,0,0,145.7,145.7,352.3,0,0,0,0,0,0,214.1,0,0,0,0,0,0,214.1,0,0,0,0,0,0,214.1,214.5666667,169.78,403.0365319,0.186937601
JVASP-115013,320.1,26.7,-2.8,0,-13.3,0,26.7,251.1,158.7,0,82.7,0,-2.8,158.7,9,0,-58.9,0,0,0,0,59.7,0,8.4,-13.3,82.7,-58.9,0,-96.9,0,0,0,0,8.4,0,18.2,105.0444444,22.70666667,63.54156603,0.399183045
JVASP-14895,194.1,42.3,15.4,0,0,0,42.3,194.1,15.4,0,0,0,15.4,15.4,135.2,0,0,0,0,0,0,63.9,0,0,0,0,0,0,22.7,0,0,0,0,0,0,22.7,74.4,51.88,126.2863458,0.21710048
JVASP-8171,12.5,60.7,60.7,0,0,0,60.7,12.5,60.7,0,0,0,60.7,60.7,12.5,0,0,0,0,0,0,-87.6,0,0,0,0,0,0,-87.6,0,0,0,0,0,0,-87.6,44.63333333,-62.2,-348.4761506,1.80125523
JVASP-118388,-1,2,1.6,0,0,0,2,-1,1.6,0,0,0,1.6,1.6,373,0,0,0,0,0,0,-1.3,0,0,0,0,0,0,-5.5,0,0,0,0,0,0,-5.5,42.37777778,21.92666667,56.10378818,0.279350597
JVASP-118390,184.3,-6.4,45.1,0,0,0,-6.4,101.2,72.4,0,0,0,45.1,72.4,132.3,0,0,0,0,0,0,41,0,0,0,0,0,0,14,0,0,0,0,0,0,55.1,71.11111111,42.46666667,106.2496742,0.250977326
JVASP-118391,108.3,-9.7,34.2,0,-0.1,0,-9.7,27.3,2.5,0,-0.2,0,34.2,2.5,83.3,0,-0.5,0,0,0,0,7.2,0,0,-0.1,-0.2,-0.5,0,4.5,0,0,0,0,0,0,32.6,30.32222222,21.65333333,52.47020659,0.211596519
JVASP-118392,-245.6,0.4,109.2,0,6.5,0,0.4,34.2,37.3,0,-8.8,0,109.2,37.3,7.5,0,-7.4,0,0,0,0,10.5,0,2.1,6.5,-8.8,-7.4,0,13.6,0,0,0,0,2.1,0,1.4,9.988888889,-18.28666667,-140.7509703,2.848458904
JVASP-118393,88.4,82.5,7.1,0,0,0,82.5,88.4,7.1,0,0,0,7.1,7.1,222.8,0,0,0,0,0,0,3,0,0,0,0,0,0,56.7,0,0,0,0,0,0,56.7,65.88888889,43.47333333,106.9075502,0.22957618
JVASP-14896,152.1,47.5,18.6,0,0,0,47.5,152.1,18.6,0,0,0,18.6,18.6,99.7,0,0,0,0,0,0,71.1,0,0,0,0,0,0,17.4,0,0,0,0,0,0,17.3,63.7,42.44,104.1828038,0.227412863
JVASP-56261,78.8,34.7,34.7,0,0,0,34.7,78.8,34.7,0,0,0,34.7,34.7,78.8,0,0,0,0,0,0,34.8,0,0,0,0,0,0,34.8,0,0,0,0,0,0,34.8,49.4,29.7,74.22495784,0.249578415
JVASP-16206,86.1,52.9,32.7,0,0,0,52.9,86,32.7,0,0,0,32.7,32.7,117.6,0,0,0,0,0,0,62.3,0,0,0,0,0,0,13.3,0,0,0,0,0,0,13.4,58.47777778,29.22666667,75.1587739,0.285791068
JVASP-107556,28.1,41.3,41.3,0,2.9,0,41.3,20.7,29.4,0,-8.9,0,41.3,29.4,20.7,0,-8.9,0,0,0,0,-33.6,0,-3.7,2.9,-8.9,-8.9,0,-43.2,0,0,0,0,-3.7,0,-33.6,32.61111111,-24.91333333,-100.2751417,1.01247943
JVASP-1157,87,18.9,20.6,0,16,0,18.9,87,20.6,0,-16,0,20.6,20.6,37.8,0,0,0,0,0,0,34,0,16,16,-16,0,0,26.3,0,0,0,0,16,0,26.3,36.88888889,27.43333333,65.95124306,0.202027516
JVASP-1154,147.2,-0.1,-0.1,0,0,0,-0.1,147.2,-0.1,0,0,0,-0.1,-0.1,147.2,0,0,0,0,0,0,25.8,0,0,0,0,0,0,25.8,0,0,0,0,0,0,25.8,49,44.94,103.2538293,0.148796499
JVASP-78377,147.3,0.1,0.1,0,0,0,0.1,147.3,0.1,0,0,0,0.1,0.1,147.3,0,0,0,0,0,0,25.9,0,0,0,0,0,0,25.9,0,0,0,0,0,0,25.9,49.16666667,44.98,103.4063279,0.149470075
JVASP-107879,43.4,51.3,5.8,0,-2.9,0,51.3,43.4,5.8,0,2.9,0,5.8,5.8,37.1,0,0,0,0,0,0,-4,0,-2.9,-2.9,2.9,0,0,14.6,0,0,0,0,-2.9,0,14.6,27.74444444,9.106666667,24.62567324,0.352068443
JVASP-7676,161.8,6.9,6.9,0,0,0,6.9,161.8,6.9,0,0,0,6.9,6.9,161.8,0,0,0,0,0,0,30.3,0,0,0,0,0,0,30.3,0,0,0,0,0,0,30.3,58.53333333,49.16,115.222851,0.171916711
JVASP-7634,36.8,2.8,24.1,0,0,0,2.8,36.7,24.1,0,0,0,24.1,24.1,40.7,0,0,0,0,0,0,11.3,0,0,0,0,0,0,24.9,0,0,0,0,0,0,24.9,24.02222222,16.43333333,40.14561205,0.221468927
JVASP-8129,44.5,2.3,28,0,0,0,2.3,44.5,28,0,0,0,28,28,48.4,0,0,0,0,0,0,13.2,0,0,0,0,0,0,30.4,0,0,0,0,0,0,30.4,28.22222222,20.07333333,48.6788874,0.212526255
JVASP-207,107.1,2.1,45.1,0,0,0,2.1,54.5,1.2,0,0,0,45.1,1.2,101.2,0,0,0,0,0,0,11.5,0,0,0,0,0,0,5.8,0,0,0,0,0,0,69.2,39.95555556,31.59333333,75.00965712,0.187112109
JVASP-139017,90.2,-3.5,-4.5,0,0,0,-3.5,30.4,-1.1,0,0,0,-4.5,-1.1,31,0,0,0,0,0,0,-4.6,0,0,0,0,0,0,-5.6,0,0,0,0,0,0,-2.6,14.82222222,8.153333333,20.66998606,0.267578867
JVASP-139018,90.1,-0.1,1.5,0,0,0,-0.1,21.8,8,0,0,0,1.5,8,52.8,0,0,0,0,0,0,1.4,0,0,0,0,0,0,-3.2,0,0,0,0,0,0,18.7,20.38888889,13.73333333,33.64574989,0.224966622
JVASP-139019,215.3,-24.8,-4.3,0,0.2,0,-24.8,110.6,15.6,0,0.2,0,-4.3,15.6,79.4,0,0.1,0,0,0,0,43.2,0,-0.2,0.2,0.2,0.1,0,20.2,0,0,0,0,-0.2,0,12.9,42.03333333,43.18,96.49689272,0.11737949
JVASP-139021,125.8,-14.9,12.3,0,0,0,-14.9,125.8,12.3,0,0,0,12.3,12.3,24.1,0,0,0,0,0,0,19.5,0,0,0,0,0,0,-9.7,0,0,0,0,0,0,-9.7,32.78888889,17.75333333,45.11719486,0.270668274
JVASP-90143,59.8,25,26.6,0,3.2,0,25,59.8,26.6,0,-3.2,0,26.6,26.6,109.7,0,0,0,0,0,0,17.4,0,3.2,3.2,-3.2,0,0,29.9,0,0,0,0,3.2,0,29.9,42.85555556,25.51333333,63.86612582,0.251622534
JVASP-93342,276.9,168.5,156.3,0,0,0,168.5,276.9,156.3,0,0,0,156.3,156.3,509.5,0,0,0,0,0,0,237.3,0,0,0,0,0,0,135.7,0,0,0,0,0,0,135.7,225.0555556,140.5533333,349.0055125,0.241541215
JVASP-7992,59.9,24.9,26.3,0,-3.2,0,24.9,59.9,26.3,0,3.2,0,26.3,26.3,107.5,0,0,0,0,0,0,17.5,0,-3.2,-3.2,3.2,0,0,30.4,0,0,0,0,-3.2,0,30.4,42.47777778,25.64666667,64.0496516,0.248693494
JVASP-8065,277.2,167.9,156.3,0,0,0,167.9,277.2,156.3,0,0,0,156.3,156.3,509.8,0,0,0,0,0,0,237.4,0,0,0,0,0,0,136.3,0,0,0,0,0,0,136.3,225.0222222,140.9133333,349.7361243,0.240961788
JVASP-8456,91.6,15.6,50.5,0,13.1,0,15.6,91.6,50.5,0,-13.1,0,50.5,50.5,110.8,0,0,0,0,0,0,38,0,13.1,13.1,-13.1,0,0,37.2,0,0,0,0,13.1,0,37.2,58.57777778,34.30666667,86.109668,0.254999048
JVASP-10181,49,2.5,14.3,0,0,0,2.5,49,14.3,0,0,0,14.3,14.3,44.4,0,0,0,0,0,0,10.5,0,0,0,0,0,0,42.8,0,0,0,0,0,0,42.8,22.73333333,26.64,57.47094053,0.078658794
JVASP-37693,307.1,124.2,124.2,0,0,0,124.2,307.1,124.2,0,0,0,124.2,124.2,307.1,0,0,0,0,0,0,122.1,0,0,0,0,0,0,122.1,0,0,0,0,0,0,122.1,185.1666667,109.84,275.1200289,0.252367211
JVASP-9134,430.4,144,144,0,0,0,144,430.4,144,0,0,0,144,144,430.4,0,0,0,0,0,0,151.5,0,0,0,0,0,0,151.5,0,0,0,0,0,0,151.5,239.4666667,148.18,368.5263172,0.243508966
JVASP-120203,62.6,-1.2,14.9,-1.4,-10.1,-0.3,-1.2,114.2,11.8,-2.5,9.9,-2.4,14.9,11.8,31.9,0.7,3.8,-3,-1.4,-2.5,0.7,4.8,-3,-5.8,-10.1,9.9,3.8,-3,23.7,1,-0.3,-2.4,-3,-5.8,1,11,28.85555556,20.11333333,48.9635608,0.217191601
JVASP-121057,206.5,14.6,17,0,1,0,14.6,43.2,12,0,-0.8,0,17,12,35.6,0,0.1,0,0,0,0,2.7,0,-1.7,1,-0.8,0.1,0,8,0,0,0,0,-1.7,0,5.2,41.38888889,19.29333333,50.09596171,0.298271295
JVASP-121059,145.6,13.7,3.7,2.8,6.5,1.9,13.7,80.2,26.3,-7,-18.8,-0.4,3.7,26.3,96.8,1.9,-23,-0.6,2.8,-7,1.9,14.8,0.9,-2,6.5,-18.8,-23,0.9,40.3,-2,1.9,-0.4,-0.6,-2,-2,17.9,45.55555556,33.19333333,80.12049139,0.206876251
JVASP-121061,131.1,10.9,47.1,0.1,-1.4,0.2,10.9,38,6.8,-1.6,-1.2,0,47.1,6.8,82.6,-2,-0.9,-0.9,0.1,-1.6,-2,12.9,0.1,-0.1,-1.4,-1.2,-0.9,0.1,20.3,-0.5,0.2,0,-0.9,-0.1,-0.5,51.1,42.36666667,29.32,71.47242041,0.218833909
JVASP-121063,-0.3,-0.2,0.2,0,0,0,-0.2,-0.3,0.2,0,0,0,0.2,0.2,-12.3,0,0,0,0,0,0,0.1,0,0,0,0,0,0,-4.7,0,0,0,0,0,0,-4.7,-1.388888889,-2.733333333,-4.951690821,-0.094202899
JVASP-121068,98.4,-30.7,-27.4,0,0,0,-30.7,198.6,174,0,0,0,-27.4,174,259.6,0,0,0,0,0,0,16.6,0,0,0,0,0,0,38.4,0,0,0,0,0,0,5.7,87.6,41.52,107.5656151,0.295347003
JVASP-148914,277.5,165.8,152.4,0,0,0,165.8,277.5,152.4,0,0,0,152.4,152.4,509,0,0,0,0,0,0,238.8,0,0,0,0,0,0,138.8,0,0,0,0,0,0,138.8,222.8,142.84,353.0678566,0.235885804
JVASP-150253,54,13.6,8.8,-0.2,13.3,-0.4,13.6,34.3,6.7,5.7,7.1,5,8.8,6.7,42.7,-0.2,6.1,-8.3,-0.2,5.7,-0.2,28.2,2.8,4.7,13.3,7.1,6.1,2.8,22.5,-1.1,-0.4,5,-8.3,4.7,-1.1,17.7,21.02222222,20.47333333,46.36766419,0.132391669
JVASP-149077,277.4,165.7,152.2,0,0,0,165.7,277.4,152.2,0,0,0,152.2,152.2,508.8,0,0,0,0,0,0,238.9,0,0,0,0,0,0,138.8,0,0,0,0,0,0,138.8,222.6444444,142.8666667,353.0787206,0.235693143
JVASP-22644,489,103.7,49.2,0,0,0,103.7,489,49.2,0,0,0,49.2,49.2,537.4,0,0,0,0,0,0,192.7,0,0,0,0,0,0,161.4,0,0,0,0,0,0,161.4,213.2888889,190.6533333,440.6614394,0.155661513
JVASP-107,490.6,103.2,48.8,0,0,0,103.2,490.5,48.8,0,0,0,48.8,48.8,537.4,0,0,0,0,0,0,193.7,0,0,0,0,0,0,160.1,0,0,0,0,0,0,160.1,213.3444444,190.6266667,440.6402892,0.155767703
JVASP-8118,497.4,100.6,47,0,0,0,100.6,497.4,47,0,0,0,47,47,537.8,0,0,0,0,0,0,198.4,0,0,0,0,0,0,153.4,0,0,0,0,0,0,153.4,213.5333333,190.24,440.0404795,0.156540369
JVASP-8158,386.1,126.1,126.1,0,0,0,126.1,386.1,126.1,0,0,0,126.1,126.1,386.1,0,0,0,0,0,0,242.7,0,0,0,0,0,0,242.7,0,0,0,0,0,0,242.7,212.7666667,197.62,452.701859,0.145384726
JVASP-22633,486.6,104.3,49.9,0,0,0,104.3,486.6,49.9,0,0,0,49.9,49.9,537.4,0,0,0,0,0,0,191.1,0,0,0,0,0,0,163.6,0,0,0,0,0,0,163.6,213.2,190.76,440.8091527,0.155402476
JVASP-36027,451.7,158.1,158.1,0,0,0,158.1,451.7,158.1,0,0,0,158.1,158.1,451.7,0,0,0,0,0,0,360.4,0,0,0,0,0,0,360.4,0,0,0,0,0,0,360.4,255.9666667,274.96,607.3925091,0.104510673
JVASP-22643,494.8,97.7,49.2,0,-31,0,97.7,494.8,49.2,0,31,0,49.2,49.2,537.9,0,0,0,0,0,0,198.5,0,-31,-31,31,0,0,161.4,0,0,0,0,-31,0,161.4,213.3,193.02,444.8692479,0.152391586
JVASP-35061,344.6,2.5,92.3,0,0,0,2.5,344.6,92.3,0,0,0,92.3,92.3,513.7,0,0,0,0,0,0,11.8,0,0,0,0,0,0,30,0,0,0,0,0,0,30,175.2333333,82.08,212.9855671,0.2974267
JVASP-182,488,104,49.5,0,0,0,104,488,49.5,0,0,0,49.5,49.5,537.5,0,0,0,0,0,0,192,0,0,0,0,0,0,162.4,0,0,0,0,0,0,162.4,213.2777778,190.7266667,440.7867423,0.155545656
JVASP-30467,581.9,129.4,1.4,0,0,0,129.4,581.9,1.4,0,0,0,1.4,1.4,43.6,0,0,0,0,0,0,161.9,0,0,0,0,0,0,-11.9,0,0,0,0,0,0,-11.9,163.5333333,99.3,247.7534158,0.247499576
JVASP-10867,489.7,103,49.2,0,-10.3,0,103,489.7,49.2,0,10.3,0,49.2,49.2,537.5,0,0,0,0,0,0,193.3,0,-10.3,-10.3,10.3,0,0,161.5,0,0,0,0,-10.3,0,161.5,213.3,190.96,441.2126134,0.155248778
JVASP-115773,660.5,3.5,59.3,0,0,0,3.5,660.5,59.3,0,0,0,59.3,59.3,134,0,0,0,0,0,0,166.8,0,0,0,0,0,0,25.5,0,0,0,0,0,0,25.5,188.8,132.42,321.9828625,0.215763716
JVASP-117952,413.8,11.2,72.1,0,0,0,11.2,72.8,7.7,0,0,0,72.1,7.7,772.1,0,0,0,0,0,0,-2.8,0,0,0,0,0,0,3.5,0,0,0,0,0,0,140.2,160.0777778,106.0266667,260.5543934,0.228721045
JVASP-117953,446.9,131.7,-2.6,0,0,0,131.7,446.9,-2.6,0,0,0,-2.6,-2.6,24,0,0,0,0,0,0,157.6,0,0,0,0,0,0,-6,0,0,0,0,0,0,-6,130.0888889,81.87333333,203.0272772,0.239886474
JVASP-97470,15.9,182.7,115.8,0,0,25.7,182.7,15.9,115.8,0,0,-25.7,115.8,115.8,631.3,0,0,0,0,0,0,-83.4,-25.7,0,0,0,0,-25.7,125.4,0,25.7,-25.7,0,0,0,125.4,165.7444444,50.06666667,136.4597966,0.362780925
JVASP-18997,404,139.9,121.8,0,0,13.9,139.9,404,121.8,0,0,-13.9,121.8,121.8,441.9,0,0,0,0,0,0,132,-13.9,0,0,0,0,-13.9,125.8,0,13.9,-13.9,0,0,0,125.8,224.1,134.48,336.1916656,0.249969013
JVASP-9180,405.3,187.8,105.7,0,0,0,187.8,405.3,105.7,0,0,0,105.7,105.7,532.7,0,0,0,0,0,0,108.7,0,0,0,0,0,0,100,0,0,0,0,0,0,100,237.9666667,124.68,318.427766,0.276980133
JVASP-10793,377.3,194.9,194.9,0,0,0,194.9,377.3,194.9,0,0,0,194.9,194.9,377.3,0,0,0,0,0,0,213.4,0,0,0,0,0,0,213.4,0,0,0,0,0,0,213.4,255.7,164.52,406.3994719,0.235106589
JVASP-9113,523.3,184.8,184.8,0,0,0,184.8,523.3,184.8,0,0,0,184.8,184.8,523.3,0,0,0,0,0,0,331.5,0,0,0,0,0,0,331.5,0,0,0,0,0,0,331.5,297.6333333,266.6,615.9046313,0.155109961
JVASP-137921,453.5,-99.5,6.1,0,0,0,-99.5,453.5,6.1,0,0,0,6.1,6.1,130.8,0,0,0,0,0,0,104.3,0,0,0,0,0,0,-221,0,0,0,0,0,0,-221,95.91111111,7.466666667,21.83342367,0.462059621
JVASP-137924,403.3,4.6,43.1,0,0,0,4.6,221,-49.7,0,0,0,43.1,-49.7,202.9,0,0,0,0,0,0,39.5,0,0,0,0,0,0,49.2,0,0,0,0,0,0,-7.2,91.46666667,71.58,170.3123186,0.189664142
JVASP-16013,8.4,79.1,79.1,0,0,0,79.1,8.4,79.1,0,0,0,79.1,79.1,8.4,0,0,0,0,0,0,-84.4,0,0,0,0,0,0,-84.4,0,0,0,0,0,0,-84.4,55.53333333,-64.78,-317.9831467,1.454331173
JVASP-152,162.5,17.6,11.2,0,0,0,17.6,30,9.8,0,0,0,11.2,9.8,33.9,0,0,0,0,0,0,41.8,0,0,0,0,0,0,13.5,0,0,0,0,0,0,7.6,33.73333333,25.1,60.33539192,0.201900238
JVASP-4216,135,25,11.6,0,-6.9,0,25,37.7,18.5,0,-12.1,0,11.6,18.5,92.9,0,-18.4,0,0,0,0,26.9,0,-16.1,-6.9,-12.1,-18.4,0,19.5,0,0,0,0,-16.1,0,24.4,41.75555556,28.19333333,69.04114862,0.224423302
JVASP-56593,97.8,40.3,40.3,0,0,0,40.3,97.8,40.3,0,0,0,40.3,40.3,97.8,0,0,0,0,0,0,49.6,0,0,0,0,0,0,49.6,0,0,0,0,0,0,49.6,59.46666667,41.26,100.5296913,0.218246381
JVASP-137203,95,88.2,-0.4,0,0,0,88.2,95,-0.4,0,0,0,-0.4,-0.4,236.6,0,0,0,0,0,0,3.4,0,0,0,0,0,0,53.9,0,0,0,0,0,0,53.9,66.82222222,44.85333333,109.9575847,0.225745964
JVASP-137205,74.9,11.7,20,-0.1,0,-2.1,11.7,83.2,24.8,-0.3,-0.1,-2.2,20,24.8,75.2,0,0,-3.8,-0.1,-0.3,0,5.6,-2.6,0,0,-0.1,0,-2.6,29.6,0.2,-2.1,-2.2,-3.8,0,0.2,25.9,38.47777778,24.00666667,59.62068751,0.241752725
JVASP-135683,217.6,11.2,9,0,0,0,11.2,86.7,86.3,0,0,0,9,86.3,135.6,0,0,0,0,0,0,42.2,0,0,0,0,0,0,1.9,0,0,0,0,0,0,52.3,72.54444444,41.50666667,104.5755293,0.259743768
JVASP-603,75.7,47.9,11.5,0,-2.7,0,47.9,75.7,11.5,0,2.7,0,11.5,11.5,26.7,0,0,0,0,0,0,13.9,0,-2.7,-2.7,2.7,0,0,7.3,0,0,0,0,-2.7,0,7.3,35.54444444,12.84666667,34.39612208,0.338717777
JVASP-103216,16.7,-0.6,12.2,0,0,0,-0.6,96.3,5.5,0,0,0,12.2,5.5,14,0,0,0,0,0,0,0.2,0,0,0,0,0,0,4.6,0,0,0,0,0,0,11.5,17.91111111,10.58666667,26.53250415,0.253109453
JVASP-8514,14,8.9,8.9,0,-3.2,0,8.9,28.3,27.8,0,20,0,8.9,27.8,28.5,0,20.1,0,0,0,0,8.2,0,-3.3,-3.2,20,20.1,0,28.7,0,0,0,0,-3.3,0,8.1,18,10.68,26.74953618,0.252319109
JVASP-22639,96.6,-0.6,5.7,0,0,0,-0.6,16.7,12.2,0,0,0,5.7,12.2,14.1,0,0,0,0,0,0,0.3,0,0,0,0,0,0,11.5,0,0,0,0,0,0,4.7,18,10.64,26.66584158,0.253094059
JVASP-28397,24.2,-3.5,0,0,0,0.2,-3.5,42.5,0,0,0,0,0,0,0,0,0,0.1,0,0,0,3.8,0.1,0,0,0,0,0.1,0,0,0.2,0,0.1,0,0,0,6.633333333,5.44,12.81641673,0.177979479
JVASP-8130,58.8,0.3,32.2,0,0,0,0.3,58.8,32.2,0,0,0,32.2,32.2,56.4,0,0,0,0,0,0,17.2,0,0,0,0,0,0,38.5,0,0,0,0,0,0,38.5,33.71111111,26.12666667,62.2884698,0.192047776
JVASP-137,16.7,-0.3,12.9,0,0,0,-0.3,133.5,4.8,0,0,0,12.9,4.8,15.6,0,0,0,0,0,0,0.9,0,0,0,0,0,0,4.6,0,0,0,0,0,0,12,22.28888889,13.39333333,33.47498962,0.249688512
JVASP-90508,183,49.6,67.4,0,30.4,0,49.6,187.7,57.4,0,46,0,67.4,57.4,166.3,0,33.2,0,0,0,0,94.6,0,2.9,30.4,46,33.2,0,67.1,0,0,0,0,2.9,0,129.5,98.42222222,82.41333333,193.2899033,0.172685872
JVASP-91448,132.6,40.2,71.4,-26.3,-13.2,-13.5,40.2,135.4,27.4,-37.9,-15.8,-4.8,71.4,27.4,143,-16.8,-20.6,-14.1,-26.3,-37.9,-16.8,43.2,10.7,-0.3,-13.2,-15.8,-20.6,10.7,17.3,-15.2,-13.5,-4.8,-14.1,-0.3,-15.2,55.5,76.55555556,41.33333333,105.0873309,0.271217712
JVASP-22571,67.2,8.3,-2.2,0,0,0,8.3,57.4,-0.5,0,0,0,-2.2,-0.5,45.7,0,0,0,0,0,0,23.3,0,0,0,0,0,0,31.3,0,0,0,0,0,0,64.9,20.16666667,34.88,66.37366324,-0.048542671
JVASP-28392,360.9,242.2,242.2,0,0,0,242.2,360.9,242.2,0,0,0,242.2,242.2,360.9,0,0,0,0,0,0,231.9,0,0,0,0,0,0,231.9,0,0,0,0,0,0,231.9,281.7666667,162.88,409.6960781,0.257662322
JVASP-22572,51.5,37.6,-4.2,-5.9,0,0,37.6,51.5,-4.2,5.9,0,0,-4.2,-4.2,68.4,0,0,0,-5.9,5.9,0,26.2,0,0,0,0,0,0,40.3,0,0,0,0,0,0,40.3,25.53333333,30.84,65.96269546,0.069434103
JVASP-7633,959.6,-65,-65,0,0,0,-65,959.6,-65,0,0,0,-65,-65,959.6,0,0,0,0,0,0,-108.9,0,0,0,0,0,0,-108.9,0,0,0,0,0,0,-108.9,276.5333333,139.58,358.4336284,0.283972018
JVASP-22611,77.3,-9.9,24.9,0,0,0,-9.9,77.3,24.9,0,0,0,24.9,24.9,233,0,0,0,0,0,0,43.6,0,0,0,0,0,0,44.3,0,0,0,0,0,0,44.3,51.93333333,49.62,112.902288,0.137669166
JVASP-22578,67.9,9.2,-14.2,0,18.4,0,9.2,65.6,19.6,0,5.2,0,-14.2,19.6,67.5,0,1.2,0,0,0,0,15.4,0,-9.7,18.4,5.2,1.2,0,31,0,0,0,0,-9.7,0,26.4,25.57777778,26.98666667,59.89520504,0.109718473
JVASP-8150,543.3,12,12.3,0,0,0,12,29,24,0,0,0,12.3,24,29.4,0,0,0,0,0,0,13,0,0,0,0,0,0,27.6,0,0,0,0,0,0,13.5,77.58888889,47.71333333,118.7900052,0.244830291
JVASP-54225,164,48.2,57,0,0,0,48.2,164,57,0,0,0,57,57,121.9,0,0,0,0,0,0,12.2,0,0,0,0,0,0,3.8,0,0,0,0,0,0,3.8,86.03333333,23.14,63.70822785,0.376582278
JVASP-34733,83.2,11.6,-28.9,0,20.9,0,11.6,100.2,15.2,0,9.3,0,-28.9,15.2,58.4,0,-2,0,0,0,0,11.3,0,-1.6,20.9,9.3,-2,0,28.8,0,0,0,0,-1.6,0,35.2,26.4,31.32,67.33289902,0.074918567
JVASP-34659,119.8,32.8,26.6,-5.2,-5.9,-9.6,32.8,80.5,50.8,-6.1,-10.3,-7.7,26.6,50.8,70.6,-2.5,1,-7.9,-5.2,-6.1,-2.5,13.7,0,3.7,-5.9,-10.3,1,0,19,1.6,-9.6,-7.7,-7.9,3.7,1.6,17.8,54.58888889,20.81333333,55.3992343,0.330859248
JVASP-34219,81.6,12.7,15.7,0,-14.5,0,12.7,81.6,15.7,0,14.5,0,15.7,15.7,104.7,0,0,0,0,0,0,34.4,0,-14.5,-14.5,14.5,0,0,55.5,0,0,0,0,-14.5,0,55.5,39.56666667,44,96.30239705,0.094345421
JVASP-34660,119.5,22.8,21.8,-11,9.8,22.8,22.8,90.8,30.3,-7.8,2.7,13,21.8,30.3,139.4,4.6,21.3,46.1,-11,-7.8,4.6,24,4.1,1,9.8,2.7,21.3,4.1,21.8,0.4,22.8,13,46.1,1,0.4,39.6,55.5,35.4,87.5794948,0.236998514
JVASP-58260,193.3,86.5,118.1,0,0,0,86.5,193.3,118.1,0,0,0,118.1,118.1,195.2,0,0,0,0,0,0,53.4,0,0,0,0,0,0,-36.8,0,0,0,0,0,0,-36.8,136.3555556,13.23333333,38.45594759,0.452995501
JVASP-34291,251.6,80.6,47.5,0,4.9,0,80.6,209.9,41.2,0,5.1,0,47.5,41.2,58.2,0,2.9,0,0,0,0,95.9,0,19.7,4.9,5.1,2.9,0,60.4,0,0,0,0,19.7,0,55,95.36666667,65.62,160.1320539,0.220146708
JVASP-57544,120.3,37.6,77.1,0,0,0,37.6,120.3,77.1,0,0,0,77.1,77.1,195.3,0,0,0,0,0,0,41.4,0,0,0,0,0,0,40.7,0,0,0,0,0,0,40.7,91.05555556,40.83333333,106.5697983,0.304936306
JVASP-10500,638.8,160.9,160.9,0,0,0,160.9,638.8,160.9,0,0,0,160.9,160.9,638.8,0,0,0,0,0,0,214.4,0,0,0,0,0,0,214.4,0,0,0,0,0,0,214.4,320.2,224.22,545.3631742,0.216134096
JVASP-58267,529,164.4,170.3,0,0,0,164.4,642.6,161.4,0,0,0,170.3,161.4,573,0,0,0,0,0,0,228,0,0,0,0,0,0,203,0,0,0,0,0,0,244.3,304.0888889,218.2933333,528.4329842,0.21037362
JVASP-34375,119.5,87.9,12.4,0,0,0,87.9,119.5,12.4,0,0,0,12.4,12.4,217.5,0,0,0,0,0,0,43.8,0,0,0,0,0,0,1.8,0,0,0,0,0,0,1.8,75.76666667,32.4,85.07339238,0.312860993
JVASP-34484,185.4,69.7,106.8,0,0,0,69.7,178.7,101.2,0,0,0,106.8,101.2,175.4,0,0,0,0,0,0,50.1,0,0,0,0,0,0,7.1,0,0,0,0,0,0,99.4,121.6555556,48.77333333,129.0712106,0.323173974
JVASP-57525,529.1,164.4,170.4,0,0,0,164.4,642.7,161.4,0,0,0,170.4,161.4,573,0,0,0,0,0,0,228,0,0,0,0,0,0,203,0,0,0,0,0,0,244.2,304.1333333,218.28,528.4218488,0.210422047
JVASP-58394,184.6,128.5,128.5,0,0,0,128.5,184.6,128.5,0,0,0,128.5,128.5,184.6,0,0,0,0,0,0,79.2,0,0,0,0,0,0,79.2,0,0,0,0,0,0,79.2,147.2,58.74,155.5317424,0.323899748
JVASP-58345,193.3,86.5,118.1,0,0,0,86.5,193.3,118.1,0,0,0,118.1,118.1,195.2,0,0,0,0,0,0,53.4,0,0,0,0,0,0,-36.9,0,0,0,0,0,0,-36.9,136.3555556,13.19333333,38.34333981,0.453133141
JVASP-58347,61.5,3.4,-4.4,0,0,0,3.4,61.5,-4.4,0,0,0,-4.4,-4.4,44.5,0,0,0,0,0,0,24.3,0,0,0,0,0,0,68,0,0,0,0,0,0,68,17.41111111,43.58666667,71.27980241,-0.182321019
JVASP-58348,418.2,194,178.6,0,0,0,194,418.2,178.6,0,0,0,178.6,178.6,704.7,0,0,0,0,0,0,301.7,0,0,0,0,0,0,236.3,0,0,0,0,0,0,236.3,293.7222222,220.8533333,529.7778504,0.199388396
JVASP-58349,81.5,12.6,15.6,0,-14.5,0,12.6,81.5,15.6,0,14.5,0,15.6,15.6,104.5,0,0,0,0,0,0,34.4,0,-14.5,-14.5,14.5,0,0,55.5,0,0,0,0,-14.5,0,55.5,39.45555556,43.99333333,96.21848156,0.093557526
JVASP-41,81.5,12.6,15.5,0,14.5,0,12.6,81.5,15.5,0,-14.5,0,15.5,15.5,104.5,0,0,0,0,0,0,34.4,0,14.5,14.5,-14.5,0,0,55.6,0,0,0,0,14.5,0,55.6,39.41111111,44.04666667,96.27404897,0.092864185
JVASP-39095,74.6,-20.5,22.8,0,-0.5,0,-20.5,61.5,-1,0,0.3,0,22.8,-1,81.2,0,-0.2,0,0,0,0,25.2,0,0,-0.5,0.3,-0.2,0,14.1,0,0,0,0,0,0,29.8,24.43333333,28.22,61.12665485,0.083037825
JVASP-58354,223.4,124.7,94.3,0,0,0,124.7,223.4,94.3,0,0,0,94.3,94.3,252.4,0,0,0,0,0,0,49.4,0,0,0,0,0,0,44.5,0,0,0,0,0,0,44.5,147.3111111,53.40666667,142.9453682,0.338272702
JVASP-40636,58.5,7.9,-4,0,0,0,7.9,24.3,13.9,0,0,0,-4,13.9,270.5,0,0,0,0,0,0,37.7,0,0,0,0,0,0,10.6,0,0,0,0,0,0,-23.1,43.21111111,27.40666667,67.87094159,0.238219562
JVASP-22614,61,23,-10.7,0,-0.3,5.8,23,61,-10.7,0,0.3,-5.8,-10.7,-10.7,13.5,0,0,0,0,0,0,19,-5.8,-0.3,-0.3,0.3,0,-5.8,9.2,0,5.8,-5.8,0,-0.3,0,9.2,15.41111111,16.40666667,36.32829928,0.107120051
JVASP-34674,24.8,6.4,13.5,0,0,0,6.4,84.3,39.2,0,0,0,13.5,39.2,146.6,0,0,0,0,0,0,30.2,0,0,0,0,0,0,77.9,0,0,0,0,0,0,57,41.54444444,46.12666667,101.0000039,0.094811431
JVASP-34685,156.7,1.4,83,0,0,0,1.4,46.3,29.7,0,0,0,83,29.7,169.4,0,0,0,0,0,0,16.8,0,0,0,0,0,0,12.5,0,0,0,0,0,0,90.3,66.73333333,41.14,102.3812215,0.244302644
JVASP-34676,127.5,55.4,46.8,0,-18.4,0,55.4,47.4,46.6,0,-17.9,0,46.8,46.6,141.1,0,-67.6,0,0,0,0,27.4,0,-12.5,-18.4,-17.9,-67.6,0,38.9,0,0,0,0,-12.5,0,25.7,68.17777778,29.54666667,77.4514468,0.310663021
JVASP-34447,109,-16.8,15.4,0,-6.4,0,-16.8,104.4,8,0,-0.2,0,15.4,8,233.7,0,20.8,0,0,0,0,13.4,0,11.2,-6.4,-0.2,20.8,0,39.3,0,0,0,0,11.2,0,57.9,51.14444444,51.48666667,115.6515356,0.123121218
JVASP-57447,535,154.7,153,0,-9.1,0,154.7,513.2,139,0,17.7,0,153,139,540.8,0,6,0,0,0,0,218.6,0,-4.4,-9.1,17.7,6,0,197.3,0,0,0,0,-4.4,0,198.5,275.8222222,199.0333333,481.3252281,0.209157331
JVASP-57276,65,47.3,7.9,0,-39,0,47.3,51.1,20.5,0,-27.3,0,7.9,20.5,69.7,0,-13.9,0,0,0,0,15.9,0,-26.8,-39,-27.3,-13.9,0,38.2,0,0,0,0,-26.8,0,47.3,37.46666667,27.62,66.51524068,0.204113698
JVASP-85272,809.9,189.8,189.8,0,0,0,189.8,809.9,189.8,0,0,0,189.8,189.8,809.9,0,0,0,0,0,0,437.2,0,0,0,0,0,0,437.2,0,0,0,0,0,0,437.2,396.5,386.34,874.8694601,0.132253274
JVASP-28374,849.7,104.9,7.6,0,3.1,0,104.9,849.7,7.6,0,-3.1,0,7.6,7.6,42.2,0,0,0,0,0,0,372.4,0,3.1,3.1,-3.1,0,0,7,0,0,0,0,3.1,0,7,220.2,185.38,434.2727771,0.171304286
JVASP-93685,900.7,27.3,95.7,0,0,0,27.3,1190.6,157.1,0,0,0,95.7,157.1,806.6,0,0,0,0,0,0,274,0,0,0,0,0,0,442.1,0,0,0,0,0,0,183.6,384.2333333,354.46,813.2899798,0.147223918
JVASP-28383,778.3,19.2,20.4,0,0,0,19.2,778.3,20.4,0,0,0,20.4,20.4,47,0,0,0,0,0,0,480.5,0,0,0,0,0,0,26.1,0,0,0,0,0,0,26.1,191.5111111,209.4466667,460.4738318,0.099262736
JVASP-29550,782.4,135.2,-2.3,0,0,0,135.2,782.4,-2.3,0,0,0,-2.3,-2.3,44.6,0,0,0,0,0,0,323.6,0,0,0,0,0,0,4,0,0,0,0,0,0,4,207.8444444,164.9066667,391.2465256,0.186266552
JVASP-9110,836.7,265.1,118.3,0,0,0,265.1,836.7,118.3,0,0,0,118.3,118.3,1046.9,0,0,0,0,0,0,285.8,0,0,0,0,0,0,288.4,0,0,0,0,0,0,288.4,413.7444444,320.4266667,764.041327,0.19222494
JVASP-12765,12.2,6.5,5.5,0,0,0,6.5,11.5,5.6,0,0,0,5.5,5.6,16.2,0,0,0,0,0,0,5.4,0,0,0,0,0,0,2.5,0,0,0,0,0,0,8.4,8.344444444,4.746666667,11.97027088,0.260913365
JVASP-9162,422.3,368.6,368.6,0,0,0,368.6,422.3,368.6,0,0,0,368.6,368.6,422.3,0,0,0,0,0,0,454.6,0,0,0,0,0,0,454.6,0,0,0,0,0,0,454.6,386.5,283.5,683.4059252,0.205301455
JVASP-29635,782,135,-2.5,0,0.4,0,135,782,-2.5,0,-0.4,0,-2.5,-2.5,44.7,0,0,0,0,0,0,323.5,0,0.4,0.4,-0.4,0,0,4.2,0,0,0,0,0.4,0,4.2,207.6333333,164.96,391.2633615,0.185934049
JVASP-36406,959.7,14.5,58.2,0,0,0,14.5,959.7,58.2,0,0,0,58.2,58.2,1580.8,0,0,0,0,0,0,126.7,0,0,0,0,0,0,252.1,0,0,0,0,0,0,252.1,418,350.8,822.3514457,0.172108674
JVASP-9141,805.2,264.4,264.4,0,0,0,264.4,805.2,264.4,0,0,0,264.4,264.4,805.2,0,0,0,0,0,0,480.4,0,0,0,0,0,0,480.4,0,0,0,0,0,0,480.4,444.6666667,396.4,916.778086,0.156380028
JVASP-116940,781.3,90.9,90.9,0,0,0,90.9,781.3,90.9,0,0,0,90.9,90.9,781.3,0,0,0,0,0,0,322.9,0,0,0,0,0,0,322.9,0,0,0,0,0,0,322.9,321.0333333,331.82,740.3758734,0.115628765
JVASP-135286,1019.3,-154.2,6.5,0,0,0,-154.2,1019.3,6.5,0,0,0,6.5,6.5,52.1,0,0,0,0,0,0,134.1,0,0,0,0,0,0,-3.9,0,0,0,0,0,0,-3.9,200.9222222,174.0533333,405.1654729,0.163911846
JVASP-135290,14.1,0.2,-8,0,0,0,0.2,-13.9,4.8,0,0,0,-8,4.8,-72.9,0,0,0,0,0,0,-11.8,0,0,0,0,0,0,-41.9,0,0,0,0,0,0,0.2,-8.744444444,-15.34666667,-29.04720218,-0.053631554
JVASP-152779,563.8,170.4,178.2,0,0,0,170.4,668.4,177.1,0,0,0,178.2,177.1,665.3,0,0,0,0,0,0,177.2,0,0,0,0,0,0,82.5,0,0,0,0,0,0,-769.9,327.6555556,-10.58666667,-32.10578306,0.516331064
JVASP-151998,590.4,196.2,170.4,-66.2,0,0,196.2,590.4,170.4,66.2,0,0,170.4,170.4,849.8,0,0,0,-66.2,66.2,0,-181,0,0,0,0,0,0,188.3,0,0,0,0,0,0,188.3,344.9555556,138.6933333,366.9069521,0.322727428
JVASP-152846,887.8,144.1,166.3,0,0,0,144.1,887.8,166.3,0,0,0,166.3,166.3,866.1,0,0,0,0,0,0,470.3,0,0,0,0,0,0,469.5,0,0,0,0,0,0,469.5,399.4555556,426.1933333,943.1523937,0.106484217
JVASP-136235,291.5,8,1.3,0,0,0,8,59.1,-0.8,0,0,0,1.3,-0.8,50.8,0,0,0,0,0,0,4.4,0,0,0,0,0,0,-8.1,0,0,0,0,0,0,4.5,46.48888889,26.35333333,66.49520363,0.261608974
JVASP-138405,68.6,4.7,-1.5,0,0,0,4.7,68.6,-1.5,0,0,0,-1.5,-1.5,47.1,0,0,0,0,0,0,2.5,0,0,0,0,0,0,-5.8,0,0,0,0,0,0,-5.8,20.85555556,10.35333333,26.65003657,0.287026879
JVASP-120368,73.3,23.1,8.3,0.4,3,0.2,23.1,30,22.3,0.3,5.6,0,8.3,22.3,122.4,0.5,30.2,0.3,0.4,0.3,0.5,20.4,0,0.7,3,5.6,30.2,0,18,0.2,0.2,0,0.3,0.7,0.2,11.9,37.01111111,21.52666667,54.09273285,0.256412191
JVASP-120369,102.6,-10.6,-3.9,0,0,0,-10.6,59.7,-25.5,0,0,0,-3.9,-25.5,279.1,0,0,0,0,0,0,-2.1,0,0,0,0,0,0,18.4,0,0,0,0,0,0,11.1,40.15555556,37.57333333,85.92130262,0.143381422
JVASP-120370,219.9,91.8,1.8,0,0,0,91.8,219.9,1.8,0,0,0,1.8,1.8,266.8,0,0,0,0,0,0,23.6,0,0,0,0,0,0,55.8,0,0,0,0,0,0,55.8,99.71111111,67.78666667,165.7902395,0.222882372
JVASP-120372,1014.5,-29.6,111.9,0,0,0,-29.6,138.1,44.2,0,0,0,111.9,44.2,20.7,0,0,0,0,0,0,16.6,0,0,0,0,0,0,4.8,0,0,0,0,0,0,-35.7,158.4777778,66.92666667,176.0039543,0.314901541
JVASP-120374,229.7,6.4,6.9,0,0,0,6.4,46.7,-2.5,0,0,0,6.9,-2.5,48.6,0,0,0,0,0,0,1.8,0,0,0,0,0,0,-8.8,0,0,0,0,0,0,4,38.51111111,20.34666667,51.89987244,0.27539005
JVASP-138216,41.7,29.2,92.9,0,20.3,0,29.2,46.2,70.5,0,-16.2,0,92.9,70.5,238.9,0,45,0,0,0,0,-13,0,-12.6,20.3,-16.2,45,0,11.9,0,0,0,0,-12.6,0,-186.3,79.11111111,-28.53333333,-97.29757344,0.704980843
JVASP-148931,-23.2,-3.4,78.3,0,0,0,-3.4,2.1,2.1,0,0,0,78.3,2.1,-26.6,0,0,0,0,0,0,-56.1,0,0,0,0,0,0,-1.4,0,0,0,0,0,0,23.8,11.81111111,-15.05333333,-78.51665031,1.60794897
JVASP-4388,12.4,3.9,8.5,0,0,0,3.9,11.5,6.5,0,0,0,8.5,6.5,8.4,0,0,0,0,0,0,2.9,0,0,0,0,0,0,4.1,0,0,0,0,0,0,9.3,7.788888889,4.153333333,10.57953004,0.273619186
JVASP-117942,-54.7,273.8,6.5,0,0,0,273.8,-54.7,6.5,0,0,0,6.5,6.5,44,0,0,0,0,0,0,-164.3,0,0,0,0,0,0,11.6,0,0,0,0,0,0,11.6,56.46666667,-51.7,-223.2280374,1.158878505
JVASP-117944,-0.4,-0.2,2.3,0,-0.6,0,-0.2,-12.7,-2.1,0,3.4,0,2.3,-2.1,-10.6,0,-3.2,0,0,0,0,-4.6,0,0.3,-0.6,3.4,-3.2,0,-3.6,0,0,0,0,0.3,0,0,-2.633333333,-3.22,-6.862769784,0.065647482
JVASP-117945,397.2,214.6,-3.5,0,0,0,214.6,397.2,-3.5,0,0,0,-3.5,-3.5,36.7,0,0,0,0,0,0,295.8,0,0,0,0,0,0,-20.1,0,0,0,0,0,0,-20.1,138.4777778,92.68666667,227.3388032,0.226383531
JVASP-117947,536.9,-167,6.4,0,0,0,-167,536.9,6.4,0,0,0,6.4,6.4,64.2,0,0,0,0,0,0,127.5,0,0,0,0,0,0,6.2,0,0,0,0,0,0,6.2,92.17777778,114.1266667,242.3577604,0.061792863
JVASP-117941,3.3,-1.2,-2.5,0,0,0,-1.2,5.6,-0.9,0,0,0,-2.5,-0.9,11.4,0,0,0,0,0,0,-1,0,0,0,0,0,0,-1.6,0,0,0,0,0,0,-2,1.233333333,0.74,1.85,0.25
JVASP-117948,-4.4,-1.8,5.1,0,0.6,0,-1.8,-3.2,-0.6,0,-0.6,0,5.1,-0.6,-0.1,0,-0.7,0,0,0,0,-2.4,0,0.2,0.6,-0.6,-0.7,0,-0.2,0,0,0,0,0.2,0,0,-0.255555556,-1.213333333,-1.409427609,-0.419191919
JVASP-94296,314.2,-16.6,128.3,0,0,0,-16.6,314.2,128.3,0,0,0,128.3,128.3,314.3,0,0,0,0,0,0,108.8,0,0,0,0,0,0,174.1,0,0,0,0,0,0,174.1,158.0777778,138.2466667,321.1264575,0.161425679
JVASP-94314,18.2,4.4,9.3,0,0,0,4.4,18,6.9,0,0,0,9.3,6.9,18.4,0,0,0,0,0,0,2,0,0,0,0,0,0,5.1,0,0,0,0,0,0,15.1,10.64444444,6.706666667,16.62781228,0.239648033
JVASP-22523,16,8.8,8.8,0,0,0,8.8,16,8.8,0,0,0,8.8,8.8,16,0,0,0,0,0,0,6.6,0,0,0,0,0,0,6.6,0,0,0,0,0,0,6.6,11.2,5.4,13.95692308,0.292307692
JVASP-23369,16,8.8,8.8,0,0,0,8.8,16,8.8,0,0,0,8.8,8.8,16,0,0,0,0,0,0,6.6,0,0,0,0,0,0,6.6,0,0,0,0,0,0,6.6,11.2,5.4,13.95692308,0.292307692
JVASP-58288,11.7,8.7,9.4,0,0,0,8.7,11.7,9.4,0,0,0,9.4,9.4,15.5,0,0,0,0,0,0,10.2,0,0,0,0,0,0,9.4,0,0,0,0,0,0,9.4,10.43333333,6.56,16.27004754,0.240095087
JVASP-33885,270.1,6.3,6.2,0,3.9,0,6.3,25.3,16.6,0,1.4,0,6.2,16.6,21.7,0,0.8,0,0,0,0,2.5,0,0.3,3.9,1.4,0.8,0,11.3,0,0,0,0,0.3,0,5.1,41.7,22.98,58.24145057,0.267220421
JVASP-111410,12,8.1,10,0,0,0,8.1,12,10,0,0,0,10,10,15.8,0,0,0,0,0,0,10.5,0,0,0,0,0,0,9.8,0,0,0,0,0,0,9.8,10.66666667,6.8,16.82474227,0.237113402
JVASP-138385,816.3,-3.1,86.5,1.7,-7.4,0,-3.1,74.7,22.6,-5.1,3.5,1.6,86.5,22.6,1067.1,3.4,-129.4,1.2,1.7,-5.1,3.4,13.4,1.8,-32.4,-7.4,3.5,-129.4,1.8,21.5,1.4,0,1.6,1.2,-32.4,1.4,246,241.1222222,179.6533333,431.7353975,0.201579146
JVASP-138388,348.1,21.6,58.7,5.7,-18.1,-5,21.6,173.3,56.7,17.8,5.8,-12.8,58.7,56.7,152.1,4.5,-34.2,-38,5.7,17.8,4.5,-14.9,-4.8,-14,-18.1,5.8,-34.2,-4.8,47,9.1,-5,-12.8,-38,-14,9.1,24.9,105.2777778,47.16666667,123.1140955,0.305096419
JVASP-138390,223.6,5.8,-15.9,0,0.1,0,5.8,979.5,163.2,0,4.7,0,-15.9,163.2,1472.3,0,0,0,0,0,0,-12.6,0,-4.4,0.1,4.7,0,0,304.9,0,0,0,0,-4.4,0,-6.2,331.2888889,225.3733333,551.1409818,0.222728913
JVASP-138391,-900.1,123.8,-76.7,0,-14.2,0,123.8,8.1,58.4,0,0.5,0,-76.7,58.4,-91,0,0.1,0,0,0,0,-549.3,0,23.8,-14.2,0.5,0.1,0,-145.1,0,0,0,0,23.8,0,32.8,-85.77777778,-204.8866667,-342.2017798,-0.164899831
JVASP-138392,603.4,52.7,-26.8,0,0,0,52.7,603.4,-26.8,0,0,0,-26.8,-26.8,202.8,0,0,0,0,0,0,92.4,0,0,0,0,0,0,84.5,0,0,0,0,0,0,84.5,156.4222222,146.3133333,334.6111158,0.143474447
JVASP-138395,346.5,-4,-4.6,0,2.1,0,-4,196.9,302.4,0,-34.2,0,-4.6,302.4,297.2,0,-59.1,0,0,0,0,-45,0,2,2.1,-34.2,-59.1,0,219.8,0,0,0,0,2,0,-54,158.6888889,60.61333333,161.3027552,0.33058806
JVASP-138396,12.3,-0.8,-1,0,0,0,-0.8,18.9,-0.5,0,0,0,-1,-0.5,11.4,0,0,0,0,0,0,-0.9,0,0,0,0,0,0,-0.2,0,0,0,0,0,0,-0.7,4.222222222,2.633333333,6.540305011,0.241830065
JVASP-138398,6.2,5.7,4.4,0,0,0,5.7,6.2,4.4,0,0,0,4.4,4.4,6.7,0,0,0,0,0,0,6.7,0,0,0,0,0,0,3.2,0,0,0,0,0,0,3.2,5.344444444,2.926666667,7.424718706,0.268459916
JVASP-152293,16.8,8,13.4,0,0,0,8,16.8,13.4,0,0,0,13.4,13.4,18.8,0,0,0,0,0,0,13.2,0,0,0,0,0,0,12.2,0,0,0,0,0,0,12.2,13.55555556,8.693333333,21.48676391,0.235818476
JVASP-149172,15.8,11.4,10.9,0,0,0,11.4,16.3,10.9,0,0,0,10.9,10.9,20.8,0,0,0,0,0,0,12.1,0,0,0,0,0,0,11.1,0,0,0,0,0,0,11.2,13.25555556,8.193333333,20.38083125,0.243744787
JVASP-152488,17.3,7.5,14,0,0,0,7.5,17.3,14,0,0,0,14,14,17.5,0,0,0,0,0,0,14.3,0,0,0,0,0,0,12.1,0,0,0,0,0,0,12.1,13.67777778,8.806666667,21.75161851,0.234951846
JVASP-7903,828.6,27.8,13.8,0,0,0,27.8,189.5,40.2,0,0,0,13.8,40.2,278.3,0,0,0,0,0,0,118.6,0,0,0,0,0,0,74,0,0,0,0,0,0,100.6,162.2222222,139.6133333,325.4701837,0.165612825
JVASP-22634,198.1,99.9,116.7,0,12.1,0,99.9,292.1,82.5,0,40.8,0,116.7,82.5,219.1,0,23.5,0,0,0,0,104.5,0,32.2,12.1,40.8,23.5,0,116.5,0,0,0,0,32.2,0,105.9,145.2777778,92.72666667,229.3781532,0.236851067
JVASP-133802,-41.6,335.9,58.4,0,0,0,335.9,-41.6,58.4,0,0,0,58.4,58.4,283.9,0,0,0,0,0,0,-188.8,0,0,0,0,0,0,68.3,0,0,0,0,0,0,68.3,122.9,-27.24,-88.23921982,0.619662625
JVASP-133810,12.2,-3,-0.1,0,0,0,-3,22.6,0,0,0,0,-0.1,0,-3.7,0,0,0,0,0,0,-0.5,0,0,0,0,0,0,-3.5,0,0,0,0,0,0,0.1,2.766666667,1.5,3.81122449,0.270408163
JVASP-115424,264.4,3.4,13.6,1.4,4.5,2.3,3.4,92.6,36.7,-1,0.4,0.2,13.6,36.7,51.4,-1.2,-5.4,0,1.4,-1,-1.2,17.6,-0.5,-5.8,4.5,0.4,-5.4,-0.5,32,0.6,2.3,0.2,0,-5.8,0.6,8.7,57.31111111,35.30666667,87.87482468,0.244450878
JVASP-116440,78.8,19.3,14.9,-4.1,2.2,-0.3,19.3,75.8,22.9,3.2,-1.8,3.4,14.9,22.9,36.3,-5.9,-3.8,-3.1,-4.1,3.2,-5.9,22.5,-2.3,-0.1,2.2,-1.8,-3.8,-2.3,21.1,-11,-0.3,3.4,-3.1,-0.1,-11,4.2,33.9,18.48,46.91502746,0.269345981
JVASP-116441,158.9,2,5.9,0,0,0,2,241.8,64.3,0,0,0,5.9,64.3,211.4,0,0,0,0,0,0,16.2,0,0,0,0,0,0,65.9,0,0,0,0,0,0,-39.3,84.05555556,44.55333333,113.5905792,0.274770828
JVASP-116445,73.9,26.1,3.7,0,0,0,26.1,73.9,3.7,0,0,0,3.7,3.7,77.1,0,0,0,0,0,0,0.8,0,0,0,0,0,0,-4.3,0,0,0,0,0,0,-4.3,32.43333333,11.2,30.1316129,0.34516129
JVASP-116449,98.9,8.7,-19.7,0,0,0,8.7,87.2,-14.4,0,0,0,-19.7,-14.4,828.3,0,0,0,0,0,0,-0.1,0,0,0,0,0,0,12.3,0,0,0,0,0,0,-55.6,107.0666667,60.64,153.0292898,0.261785041
JVASP-102243,79.9,-6.2,5.7,0,0,0,-6.2,54.8,3.6,0,0,0,5.7,3.6,32.9,0,0,0,0,0,0,47.7,0,0,0,0,0,0,0.6,0,0,0,0,0,0,2.6,19.31111111,21.14666667,46.47560277,0.098887203
JVASP-8241,299.3,34.3,34.3,0,0,0,34.3,299.3,34.3,0,0,0,34.3,34.3,299.3,0,0,0,0,0,0,-34.6,0,0,0,0,0,0,-34.6,0,0,0,0,0,0,-34.6,122.6333333,32.24,88.92709552,0.3791423
JVASP-8329,33.6,27,11.4,0,0,0,27,201.5,4.2,0,0.1,0,11.4,4.2,29.1,0,0.4,0,0,0,0,46.7,0,-0.2,0,0.1,0.4,0,3.5,0,0,0,0,-0.2,0,31.9,38.82222222,31.19333333,73.81112466,0.183123392
JVASP-30632,33.7,27,11.4,0,0,0,27,201.4,4.2,0,-0.1,0,11.4,4.2,29.1,0,0.1,0,0,0,0,46.6,0,-0.1,0,-0.1,0.1,0,3.6,0,0,0,0,-0.1,0,31.9,38.82222222,31.19333333,73.81112466,0.183123392
JVASP-16929,292.1,29.9,29.9,0,0,0,29.9,292.1,29.9,0,0,0,29.9,29.9,292.1,0,0,0,0,0,0,-19.3,0,0,0,0,0,0,-19.3,0,0,0,0,0,0,-19.3,117.3,40.86,109.8276352,0.343950504
JVASP-8288,61.3,34.5,33.7,0,-0.1,0,34.5,137.7,31.1,0,0,0,33.7,31.1,35.7,0,0,0,0,0,0,53.2,0,0,-0.1,0,0,0,22.4,0,0,0,0,0,0,10.9,48.14444444,26.32666667,66.80337706,0.268739752
JVASP-117733,-1.8,-0.2,1.5,0,0,0,-0.2,-1.8,1.5,0,0,0,1.5,1.5,-9,0,0,0,0,0,0,0.2,0,0,0,0,0,0,-4.3,0,0,0,0,0,0,-4.3,-0.777777778,-2.706666667,-3.759259259,-0.305555556
JVASP-117736,77.8,48.7,13.7,7,3.1,0.7,48.7,83.4,13.7,12.8,5.3,4.7,13.7,13.7,64.8,-6.5,11.2,9,7,12.8,-6.5,21.1,4.1,1.4,3.1,5.3,11.2,4.1,23,4,0.7,4.7,9,1.4,4,16.7,42.02222222,22.15333333,56.52672154,0.275806234
JVASP-117738,81.3,40.8,36.4,0,-8.6,0,40.8,157.9,38.8,0,-10.4,0,36.4,38.8,53,0,-3.4,0,0,0,0,46.8,0,-1.4,-8.6,-10.4,-3.4,0,22.5,0,0,0,0,-1.4,0,13.4,58.24444444,28.28666667,73.03650215,0.291005812
JVASP-117739,108.7,41.5,16,1.2,-2,-1.1,41.5,65.4,29.2,4.2,-2.1,-0.7,16,29.2,49.1,-1.9,5,2.9,1.2,4.2,-1.9,4.5,5.1,2,-2,-2.1,5,5.1,16,-9.3,-1.1,-0.7,2.9,2,-9.3,-3.6,44.06666667,12.48,34.21045065,0.370611004
JVASP-91804,38.3,4.5,13.6,0,0,0,4.5,60,17.1,0,0,0,13.6,17.1,36.8,0,0,0,0,0,0,-2.2,0,0,0,0,0,0,7.6,0,0,0,0,0,0,-1.5,22.83333333,7.44,20.1332631,0.353041875
JVASP-14870,133.7,5.9,5.7,0,-2.8,0,5.9,17.9,15.5,0,2,0,5.7,15.5,22.3,0,-4,0,0,0,0,7.8,0,-9.7,-2.8,2,-4,0,11.8,0,0,0,0,-9.7,0,16.5,25.34444444,17.00666667,41.69411723,0.225816853
JVASP-10087,16.2,9.8,9.8,0,0,0,9.8,16.2,9.8,0,0,0,9.8,9.8,16.2,0,0,0,0,0,0,6.7,0,0,0,0,0,0,6.7,0,0,0,0,0,0,6.7,11.93333333,5.3,13.84963504,0.306569343
JVASP-9103,19,3.9,12.1,0,1.6,0,3.9,27.6,6,0,-0.9,0,12.1,6,19.3,0,0,0,0,0,0,3.6,0,2.2,1.6,-0.9,0,0,6,0,0,0,0,2.2,0,12.6,12.21111111,7.366666667,18.39992424,0.248863636
JVASP-22551,47.6,26.3,14.1,0,0,0,26.3,47.6,14.1,0,0,0,14.1,14.1,33,0,0,0,0,0,0,10.6,0,0,0,0,0,0,6.9,0,0,0,0,0,0,6.9,26.35555556,9.793333333,26.14200615,0.334683772
JVASP-9139,29.1,4.7,4.7,0,0,0,4.7,29.1,4.7,0,0,0,4.7,4.7,29.1,0,0,0,0,0,0,6.4,0,0,0,0,0,0,6.4,0,0,0,0,0,0,6.4,12.83333333,8.72,21.32909784,0.222998729
JVASP-139531,48.6,6,7.5,-1.4,-0.3,-1.9,6,22,14.4,-1.6,-0.6,3.6,7.5,14.4,19.3,0.9,2.7,4.3,-1.4,-1.6,0.9,2.1,4.6,1.6,-0.3,-0.6,2.7,4.6,12.3,2.7,-1.9,3.6,4.3,1.6,2.7,9.4,16.18888889,8.893333333,22.55062072,0.267838496
JVASP-139533,116.3,-9.1,-3.8,0,0,0,-9.1,520.7,82.5,0,0,0,-3.8,82.5,145.4,0,0,0,0,0,0,-9.7,0,0,0,0,0,0,-34.5,0,0,0,0,0,0,-18.7,102.4,34.94,94.11557842,0.346817092
JVASP-139536,59.5,5.7,40.4,-0.4,8.6,0.5,5.7,34.5,10.7,1.9,-4.5,0.2,40.4,10.7,51.9,-3.4,4,-1.2,-0.4,1.9,-3.4,2.4,1.3,-0.3,8.6,-4.5,4,1.3,12.8,-4,0.5,0.2,-1.2,-0.3,-4,9.9,28.83333333,10.96,29.18243382,0.331315411
JVASP-137024,23.2,7.2,9.2,0.4,-2.1,-0.4,7.2,11.8,14.8,-0.6,-0.3,-0.1,9.2,14.8,19.5,-1.1,-1.9,-0.6,0.4,-0.6,-1.1,6.3,-0.3,-0.8,-2.1,-0.3,-1.9,-0.3,16.3,-1.4,-0.4,-0.1,-0.6,-0.8,-1.4,8.3,12.98888889,7.733333333,19.35817273,0.251605996
JVASP-149663,15.8,12.9,12.3,0,18.2,0,12.9,20.3,-12.7,0,-6.6,0,12.3,-12.7,-94,0,51.3,0,0,0,0,-9.8,0,10.1,18.2,-6.6,51.3,0,13.1,0,0,0,0,10.1,0,-33.3,-3.655555556,-10.69333333,-16.24241305,-0.240535549
JVASP-151067,28.5,11.4,5.2,0,3.5,0,11.4,22.4,12.6,0,-5.6,0,5.2,12.6,21.9,0,-5.8,0,0,0,0,12.4,0,1.1,3.5,-5.6,-5.8,0,13.7,0,0,0,0,1.1,0,5.8,14.57777778,9.286666667,22.98020873,0.237268955
JVASP-154841,19.1,8.8,13.1,0,0,0,8.8,19,5.8,0,0,0,13.1,5.8,21.1,0,0,0,0,0,0,6.6,0,0,0,0,0,0,10.2,0,0,0,0,0,0,7.1,12.73333333,6.88,17.48997338,0.271073647
JVASP-120377,70.1,103.1,6.5,0,0,0,103.1,70.1,6.5,0,0,0,6.5,6.5,114.6,0,0,0,0,0,0,-16.5,0,0,0,0,0,0,22.1,0,0,0,0,0,0,22.1,54.11111111,14.78666667,40.65665462,0.374774164
JVASP-120380,185.1,25.3,37.3,0,0,0,25.3,84.3,59,0,0,0,37.3,59,102.4,0,0,0,0,0,0,24.9,0,0,0,0,0,0,-14.4,0,0,0,0,0,0,35.8,68.33333333,25.94,69.07898155,0.331514679
JVASP-120381,129.9,47.5,27.2,0,-2.4,0,47.5,95.8,25.6,0,-1.2,0,27.2,25.6,21.8,0,-2.5,0,0,0,0,10.5,0,-0.9,-2.4,-1.2,-2.5,0,-12.3,0,0,0,0,-0.9,0,39.5,49.78888889,17.35333333,46.6412468,0.343869962
JVASP-120382,77.4,126.8,34.2,0,0,0,126.8,77.4,34.2,0,0,0,34.2,34.2,167.1,0,0,0,0,0,0,-24.7,0,0,0,0,0,0,15,0,0,0,0,0,0,15,79.14444444,9.506666667,27.42204044,0.442253179
JVASP-5596,61.4,8,5.9,0,0.4,0,8,18.5,6.9,0,-2.1,0,5.9,6.9,19.6,0,0.2,0,0,0,0,4.3,0,-0.6,0.4,-2.1,0.2,0,4.6,0,0,0,0,-0.6,0,4.9,15.67777778,8.006666667,20.52581153,0.281795058
JVASP-4346,17.4,7.9,8.5,0,0,0,7.9,18.2,6.3,0,0,0,8.5,6.3,20.5,0,0,0,0,0,0,3.4,0,0,0,0,0,0,5.6,0,0,0,0,0,0,10.3,11.27777778,6.086666667,15.4758684,0.271292585
JVASP-4531,23.1,8.4,7.9,0,2.9,0,8.4,29,7.7,0,-4.1,0,7.9,7.7,30.6,0,-1.8,0,0,0,0,9.9,0,2.9,2.9,-4.1,-1.8,0,9.3,0,0,0,0,2.9,0,8.1,14.52222222,9.373333333,23.14119129,0.23441632
JVASP-9170,27.2,6.7,6.8,0,-1.9,0,6.7,25.4,4.4,0,0.6,0,6.8,4.4,25.1,0,0.5,0,0,0,0,8.9,0,-1.7,-1.9,0.6,0.5,0,5.1,0,0,0,0,-1.7,0,7.1,12.61111111,8.206666667,20.23146539,0.232623805
JVASP-137189,96.5,37.5,29.9,0,18.9,0,37.5,76.4,40,0,0,0,29.9,40,28.9,0,-11.4,0,0,0,0,8.9,0,64.9,18.9,0,-11.4,0,16.3,0,0,0,0,64.9,0,-62.1,46.28888889,-1.086666667,-3.285711521,0.511830454
JVASP-102668,73.7,35.9,46.8,0,0,0,35.9,73.6,51,0,0,0,46.8,51,111.6,0,0,0,0,0,0,24.1,0,0,0,0,0,0,9.3,0,0,0,0,0,0,16.5,58.47777778,18.32666667,49.77975158,0.358123452
JVASP-9156,83.6,8.9,26.3,0,-9.9,0,8.9,40.4,10.2,0,7.1,0,26.3,10.2,42.4,0,0,0,0,0,0,10.6,0,-7.3,-9.9,7.1,0,0,16.1,0,0,0,0,-7.3,0,35.1,28.57777778,20.42666667,49.48887214,0.21137905
JVASP-8215,87.5,21.2,23.1,0,12.9,0,21.2,87.5,23.1,0,-12.9,0,23.1,23.1,34,0,0,0,0,0,0,33.1,0,12.9,12.9,-12.9,0,0,24.3,0,0,0,0,12.9,0,24.3,38.2,25.78,63.13694258,0.224533409
JVASP-12181,31.7,4.5,12.3,0,-1.7,0,4.5,27.5,21.2,0,0.8,0,12.3,21.2,81,0,1.3,0,0,0,0,4.2,0,-1.7,-1.7,0.8,1.3,0,26.6,0,0,0,0,-1.7,0,11.8,24.02222222,15.33333333,37.92982456,0.236842105
JVASP-137192,62.6,25.6,11.2,0,0,0,25.6,24,20.1,0,0,0,11.2,20.1,121.9,0,0,0,0,0,0,-9.3,0,0,0,0,0,0,-7.1,0,0,0,0,0,0,11.9,35.81111111,9.206666667,25.43988912,0.381601509
JVASP-137195,223.8,7.8,13.5,0,0,0,7.8,223.8,13.5,0,0,0,13.5,13.5,251.7,0,0,0,0,0,0,19.8,0,0,0,0,0,0,17.8,0,0,0,0,0,0,17.8,85.43333333,55.38,136.6198729,0.233476643
JVASP-137199,39.8,25.2,-45.6,0,0,0,25.2,39.8,-45.6,0,0,0,-45.6,-45.6,35.5,0,0,0,0,0,0,50.8,0,0,0,0,0,0,4.2,0,0,0,0,0,0,4.2,-1.877777778,23.91333333,-22.10805981,-1.462253829
JVASP-137200,73.5,21,31.7,0,3.6,0,21,36.7,12.3,0,0.8,0,31.7,12.3,26.1,0,8.6,0,0,0,0,8.3,0,6.8,3.6,0.8,8.6,0,-9.3,0,0,0,0,6.8,0,26,29.58888889,9.753333333,26.36330356,0.351502233
JVASP-137201,43.5,36,5.4,0.5,7.2,0.6,36,61.6,13.9,-1.4,-0.1,0.2,5.4,13.9,41.7,-0.7,-11,-3.9,0.5,-1.4,-0.7,18.5,-0.1,-1.1,7.2,-0.1,-11,-0.1,11.4,0.3,0.6,0.2,-3.9,-1.1,0.3,0.8,28.6,12.24,32.13561812,0.312729498
JVASP-5362,14.2,9,10.7,0,0,0,9,19.6,8.3,0,0,0,10.7,8.3,16.4,0,0,0,0,0,0,7.5,0,0,0,0,0,0,9.6,0,0,0,0,0,0,8.1,11.8,6.52,16.51774809,0.266698473
JVASP-5833,18.9,10.8,12.7,0,-0.6,0,10.8,26.4,8.8,0,2.4,0,12.7,8.8,19.2,0,0.9,0,0,0,0,10.7,0,-0.9,-0.6,2.4,0.9,0,10.1,0,0,0,0,-0.9,0,10.7,14.34444444,8.446666667,21.18229733,0.253885004
JVASP-9158,22.3,9.8,12.4,0,-1.8,0,9.8,21.7,12.1,0,1.4,0,12.4,12.1,24.2,0,1.4,0,0,0,0,9,0,-0.8,-1.8,1.4,1.4,0,12.3,0,0,0,0,-0.8,0,12.2,15.2,8.96,22.46568915,0.253665689
JVASP-139725,200.5,6.9,17.5,0,23.2,0,6.9,108.9,76.1,0,23.7,0,17.5,76.1,128,0,25.9,0,0,0,0,21.3,0,2.6,23.2,23.7,25.9,0,20.3,0,0,0,0,2.6,0,23.1,70.93333333,35.4,91.05302176,0.286059629
JVASP-139726,170.9,18.3,5.6,0,0,0,18.3,170.9,5.6,0,0,0,5.6,5.6,39.6,0,0,0,0,0,0,41.6,0,0,0,0,0,0,2,0,0,0,0,0,0,2,48.93333333,32.58,79.98791393,0.227561601
JVASP-139727,95.8,-1.6,-1.8,0,0,0,-1.6,25.2,-0.5,0,0,0,-1.8,-0.5,25.7,0,0,0,0,0,0,-2.2,0,0,0,0,0,0,-2.1,0,0,0,0,0,0,-1.8,15.43333333,8.82,22.22601597,0.259978229
JVASP-139730,76.2,-14.3,-0.1,0,1.5,0,-14.3,36.7,15,0,2,0,-0.1,15,60.4,0,15,0,0,0,0,-3.5,0,3.7,1.5,2,15,0,15.1,0,0,0,0,3.7,0,3.7,19.38888889,14.57333333,34.96077353,0.199477591
JVASP-139732,43.7,17.4,0.3,0,0,0,17.4,54.8,3.9,0,0,0,0.3,3.9,27.3,0,0,0,0,0,0,9,0,0,0,0,0,0,3.1,0,0,0,0,0,0,-3.2,18.77777778,8.726666667,22.66840865,0.298801107
JVASP-139734,141.6,39.4,73.2,0,-14.2,0,39.4,63.2,34.6,0,-6.1,0,73.2,34.6,109.9,0,-35.6,0,0,0,0,11.9,0,-12.9,-14.2,-6.1,-35.6,0,6.2,0,0,0,0,-12.9,0,42.4,67.67777778,23.26666667,62.62362645,0.345779938
JVASP-139735,137.4,41.3,75.6,0,-13.2,0,41.3,62.2,33.7,0,-6.2,0,75.6,33.7,109.3,0,-37.2,0,0,0,0,9.5,0,-12.4,-13.2,-6.2,-37.2,0,3.4,0,0,0,0,-12.4,0,43.1,67.78888889,21.75333333,58.95392976,0.355055082
JVASP-139736,48,30.3,3.9,1.5,6.8,-0.2,30.3,51.2,9.6,1,-1.6,-0.3,3.9,9.6,43.4,0.2,-8.1,0.2,1.5,1,0.2,10.6,-0.1,1.8,6.8,-1.6,-8.1,-0.1,11.6,0.1,-0.2,-0.3,0.2,1.8,0.1,2.4,25.57777778,11.50666667,30.01852523,0.304397099
JVASP-4361,58.8,18,1.2,0,-2.1,0,18,42.3,13.2,0,-3,0,1.2,13.2,25.7,0,-1.5,0,0,0,0,19.3,0,1.9,-2.1,-3,-1.5,0,11.9,0,0,0,0,1.9,0,7.8,21.28888889,14.09333333,34.63677099,0.2288353
JVASP-29240,160.6,41,24.9,0,0,0,41,57.5,18.7,0,0,0,24.9,18.7,39.8,0,0,0,0,0,0,8.1,0,0,0,0,0,0,25.5,0,0,0,0,0,0,8.3,47.45555556,19.93333333,52.45549394,0.315773259
JVASP-138128,173.5,231.9,0.4,0,0,0,231.9,173.5,0.4,0,0,0,0.4,0.4,143.7,0,0,0,0,0,0,-29.2,0,0,0,0,0,0,15.9,0,0,0,0,0,0,15.9,106.2333333,17.72,50.35994293,0.420991618
JVASP-135676,172.7,-0.5,50.6,0,1.8,0,-0.5,153.8,-3,0,0.3,0,50.6,-3,58.1,0,1.8,0,0,0,0,25.7,0,0.8,1.8,0.3,1.8,0,4.6,0,0,0,0,0.8,0,31.4,53.2,34.84,85.79197696,0.231228142
JVASP-135677,176.3,44.3,25.1,0.4,0.8,11,44.3,55,13.2,-3.6,-1.9,-2.8,25.1,13.2,160.3,3.7,27.8,10.2,0.4,-3.6,3.7,24.4,-0.2,4.3,0.8,-1.9,27.8,-0.2,15.9,2,11,-2.8,10.2,4.3,2,40.9,61.86666667,36.84,92.21593239,0.251573458
JVASP-101741,76.3,24.3,22.1,0,12,0,24.3,76.3,22.1,0,-12,0,22.1,22.1,34.7,0,0,0,0,0,0,26,0,12,12,-12,0,0,19.3,0,0,0,0,12,0,19.3,36.03333333,20.84,52.41516985,0.257561657
JVASP-15721,76,23.8,24.7,0,16.2,0,23.8,76,24.7,0,-16.2,0,24.7,24.7,38.3,0,0,0,0,0,0,26.1,0,16.2,16.2,-16.2,0,0,30.7,0,0,0,0,16.2,0,30.7,37.41111111,25.30666667,61.95110271,0.224007561
JVASP-106749,104.7,24.8,24.8,0,0,0,24.8,119.2,5.4,0,0,0,24.8,5.4,119.2,0,0,0,0,0,0,6.5,0,0,0,0,0,0,6.3,0,0,0,0,0,0,6.5,50.34444444,23.06666667,60.03162933,0.301263642
JVASP-10173,72.2,21.3,23.4,0,14.3,0,21.3,72.2,23.4,0,-14.3,0,23.4,23.4,37.7,0,0,0,0,0,0,25.4,0,14.3,14.3,-14.3,0,0,27.8,0,0,0,0,14.3,0,27.8,35.36666667,23.8,58.3182448,0.22517321
JVASP-18993,74.9,22.8,15.9,0,0,0,22.8,47.2,16.2,0,0,0,15.9,16.2,28.3,0,0,0,0,0,0,22.1,0,0,0,0,0,0,16.2,0,0,0,0,0,0,3,28.91111111,14.62666667,37.54793475,0.283543804
JVASP-1100,74.9,22.8,15.9,0,0,0,22.8,47.2,16.2,0,0,0,15.9,16.2,28.3,0,0,0,0,0,0,22.1,0,0,0,0,0,0,16.2,0,0,0,0,0,0,3,28.91111111,14.62666667,37.54793475,0.283543804
JVASP-8396,13.8,15.3,9.1,0,0,0,15.3,13.8,9.1,0,0,0,9.1,9.1,23.6,0,0,0,0,0,0,9.4,0,0,0,0,0,0,-25.8,0,0,0,0,0,0,-25.8,13.13333333,-7.26,-26.69981332,0.838830118
JVASP-4285,90.7,25.4,17.3,0,0,0,25.4,49.6,15,0,0,0,17.3,15,33.7,0,0,0,0,0,0,29.6,0,0,0,0,0,0,14.8,0,0,0,0,0,0,6.2,32.15555556,17.87333333,45.23826016,0.265523876
JVASP-16913,14.27603632,34.91078809,55.68061311,3.437801465,26.43585838,68.89105859,3.67557458,20.80136768,62.93160746,5.778789795,3.444064033,86.11281037,14.28182155,3.66860356,78.8752138,5.769746255,40.30954209,86.11221727,14.27097493,34.91413098,78.87468434,26.43971817,61.34423901,97.02004879,20.80534541,55.68233539,88.26010127,40.30746312,68.88964235,0.004382333,34.91204168,62.9302592,5.773966387,40.30621574,61.34246086,8.531075273,46.77762612,18.1340611,48.17670486,0.328348476
JVASP-18991,38.3,19.8,9.9,0,0,0,19.8,93.4,-1.7,0,0,0,9.9,-1.7,112.6,0,0,0,0,0,0,16.8,0,0,0,0,0,0,31.5,0,0,0,0,0,0,29.4,33.36666667,29.96,69.17567277,0.154467169
JVASP-14096,38.3,19.7,9.9,0,0,0,19.7,93.4,-1.7,0,0,0,9.9,-1.7,112.7,0,0,0,0,0,0,16.7,0,0,0,0,0,0,31.6,0,0,0,0,0,0,29.3,33.35555556,29.95333333,69.1585192,0.154437779
JVASP-9105,181.6,58.5,62.5,0,4.9,0,58.5,114.6,58.7,0,-30.1,0,62.5,58.7,280.5,0,-7.8,0,0,0,0,67.7,0,20.4,4.9,-30.1,-7.8,0,77.4,0,0,0,0,20.4,0,83,104.0111111,72.08666667,175.6751241,0.218499427
JVASP-8394,220.9,96.8,34.5,0,12,0,96.8,220.9,34.6,0,-12.1,0,34.5,34.6,33.4,0,0,0,0,0,0,62.2,0,12.1,12,-12.1,0,0,23.4,0,0,0,0,12.1,0,23.3,89.66666667,42.4,109.8805395,0.295761079
JVASP-10034,268.2,114.9,75,0,0,0,114.9,139,15.4,0,0,0,75,15.4,220.8,0,0,0,0,0,0,95.5,0,0,0,0,0,0,5.7,0,0,0,0,0,0,30.6,115.4,54.54,141.3516095,0.295852673
JVASP-10360,225.9,77.5,55.1,0,0,0,77.5,152.8,61.1,0,0,0,55.1,61.1,207.9,0,0,0,0,0,0,30.8,0,0,0,0,0,0,19.8,0,0,0,0,0,0,15.8,108.2222222,39.47333333,105.5830908,0.337397704
JVASP-9642,169.1,26.6,41.7,0,0,0,26.6,96.2,61.1,0,0,0,41.7,61.1,109,0,0,0,0,0,0,22.2,0,0,0,0,0,0,55.3,0,0,0,0,0,0,43.6,70.34444444,40.54666667,102.0355142,0.258247873
JVASP-9099,210.1,73.1,108.4,0,13.3,0,73.1,268.7,82.5,0,-6.4,0,108.4,82.5,228.9,0,20.2,0,0,0,0,73.2,0,29.1,13.3,-6.4,20.2,0,59.1,0,0,0,0,29.1,0,141.7,137.3,84.38,210.0998751,0.244962521
JVASP-9458,169.1,26.7,41.8,0,0,0,26.7,96.2,61.1,0,0,0,41.8,61.1,109,0,0,0,0,0,0,22.2,0,0,0,0,0,0,55.3,0,0,0,0,0,0,43.5,70.38888889,40.51333333,101.9755112,0.258542594
JVASP-29490,111.1,19.7,71.6,0,0,0,19.7,35,17.4,0,0,0,71.6,17.4,91.7,0,0,0,0,0,0,14.6,0,0,0,0,0,0,3.3,0,0,0,0,0,0,42.3,50.57777778,20.64666667,54.52118962,0.320338786
JVASP-30687,203.3,11.6,3.3,0,-0.1,0,11.6,92.3,-0.7,0,-0.1,0,3.3,-0.7,19.6,0,0,0,0,0,0,41.8,0,0,-0.1,-0.1,0,0,-1,0,0,0,0,0,0,-4.8,38.17777778,27.26666667,66.07070992,0.211565585
JVASP-25,65.9,17.7,20.4,0,11.9,0,17.7,65.9,20.4,0,-11.9,0,20.4,20.4,34,0,0,0,0,0,0,24.1,0,11.9,11.9,-11.9,0,0,22.5,0,0,0,0,11.9,0,22.5,31.42222222,20.97333333,51.46874928,0.227004512
JVASP-5215,71.6,25.4,19.8,0,0,0,25.4,59.3,18.2,0,0,0,19.8,18.2,32.2,0,0,0,0,0,0,24.4,0,0,0,0,0,0,21.1,0,0,0,0,0,0,2.9,32.21111111,16.32666667,41.90067871,0.283197592
JVASP-1067,80.4,23.3,20.7,0,10.4,0,23.3,80.4,20.7,0,-10.4,0,20.7,20.7,35.9,0,0,0,0,0,0,28.6,0,10.4,10.4,-10.4,0,0,20.2,0,0,0,0,10.4,0,20.2,36.23333333,22.6,56.12993145,0.241812643
JVASP-5410,73.7,27.5,24.2,0,11.3,0,27.5,73.7,24.2,0,-11.3,0,24.2,24.2,37.3,0,0,0,0,0,0,23.1,0,11.3,11.3,-11.3,0,0,22.1,0,0,0,0,11.3,0,22.1,37.38888889,20.71333333,52.4536173,0.266180012
JVASP-136067,8.3,35.4,15.7,0,8.1,0,35.4,19.6,23.3,0,12.9,0,15.7,23.3,4.1,0,6.5,0,0,0,0,6.2,0,-5.2,8.1,12.9,6.5,0,8.3,0,0,0,0,-5.2,0,-7.4,20.08888889,-1.406666667,-4.320851739,0.535847774
JVASP-15834,49.2,28.8,11.9,0,-3.3,0,28.8,96.8,41.1,0,-4,0,11.9,41.1,40.9,0,12.1,0,0,0,0,15.7,0,-3.4,-3.3,-4,12.1,0,12.3,0,0,0,0,-3.4,0,-0.3,38.94444444,12.54666667,33.98984902,0.354537023
JVASP-30460,78.8,35.9,13.7,0,-1.4,0,35.9,101,19.6,0,-3.1,0,13.7,19.6,43.2,0,-6.9,0,0,0,0,29.7,0,6.1,-1.4,-3.1,-6.9,0,24.7,0,0,0,0,6.1,0,7.6,40.15555556,22.65333333,57.20314887,0.262576859
JVASP-138273,-813.4,997.9,1131.3,0,697.8,0,997.9,-1001.5,-1140.2,0,-790.7,0,1131.3,-1140.2,-1328.8,0,-901.1,0,0,0,0,-13.7,0,12.4,697.8,-790.7,-901.1,0,-562.3,0,0,0,0,12.4,0,-5.5,-129.5222222,-391.8133333,-585.2748695,-0.253120275
JVASP-138274,31.3,7.1,46.2,0,0,0,7.1,31.3,46.2,0,0,0,46.2,46.2,139.5,0,0,0,0,0,0,3.7,0,0,0,0,0,0,3.5,0,0,0,0,0,0,3.5,44.56666667,8.98,25.24444912,0.405592935
JVASP-138276,47.4,30.8,18.5,0,0.8,0,30.8,70.5,15.5,0.9,4.1,-0.2,18.5,15.5,24.1,-0.1,-2.2,0,0,0.9,-0.1,5.2,0,1.2,0.8,4.1,-2.2,0,8.8,0,0,-0.2,0,1.2,0,12.7,30.17777778,10.48666667,28.19420577,0.34428826
JVASP-1225,88.6,60.1,32.5,0,-2.2,0,60.1,111.8,59.3,0,-10,0,32.5,59.3,152,0,-11,0,0,0,0,45.2,0,-7.9,-2.2,-10,-11,0,35.2,0,0,0,0,-7.9,0,30.6,72.91111111,35.56666667,91.77682527,0.290208415
JVASP-12066,108.5,109.1,67.6,0,0,0,109.1,108.5,67.6,0,0,0,67.6,67.6,36,0,0,0,0,0,0,-0.3,0,0,0,0,0,0,27.7,0,0,0,0,0,0,27.7,82.4,11.6,33.24018547,0.432766615
JVASP-18476,93.2,107.3,66.5,0,15.3,0,107.3,93.2,66.5,0,-15.3,0,66.5,66.5,58,0,0,0,0,0,0,-7,0,15.3,15.3,-15.3,0,0,-35,0,0,0,0,15.3,0,-35,80.55555556,-15.12666667,-48.41014096,0.600158912
JVASP-15829,213.8,104.1,92.9,0,49.7,0,104.1,214.9,93.2,0,-49.9,0,92.9,93.2,128.8,0,-0.1,0,0,0,0,55,0,49.8,49.7,-49.9,-0.1,0,63.3,0,0,0,0,49.8,0,63.1,126.4333333,54.1,142.0405861,0.312759575
JVASP-18881,254.1,89.4,89.4,0,0,0,89.4,254.1,89.4,0,0,0,89.4,89.4,254.1,0,0,0,0,0,0,33.7,0,0,0,0,0,0,33.7,0,0,0,0,0,0,33.7,144.3,53.16,142.0377978,0.335946179
JVASP-8363,108.5,109.1,67.6,0,0,0,109.1,108.5,67.6,0,0,0,67.6,67.6,36,0,0,0,0,0,0,-0.3,0,0,0,0,0,0,27.7,0,0,0,0,0,0,27.7,82.4,11.6,33.24018547,0.432766615
JVASP-52600,153,100.9,56,1.5,-5.4,-0.5,100.9,104.3,34.9,0.3,-5.9,-0.1,56,34.9,122.6,1.7,-6.9,-0.6,1.5,0.3,1.7,4.8,0,-3.2,-5.4,-5.9,-6.9,0,15.9,-0.9,-0.5,-0.1,-0.6,-3.2,-0.9,16.7,84.83333333,20.02,55.67998689,0.390609063
JVASP-36671,135.7,100.3,65,0,0,0,100.3,135.7,65,0,0,0,65,65,162.7,0,0,0,0,0,0,51,0,0,0,0,0,0,-9.8,0,0,0,0,0,0,-9.8,99.41111111,19.86666667,55.87773237,0.406318768
JVASP-36672,185.8,118.7,94.2,0,22.8,0,118.7,185.8,94.2,0,-22.8,0,94.2,94.2,143.3,0,0,0,0,0,0,33.6,0,22.8,22.8,-22.8,0,0,51,0,0,0,0,22.8,0,51,125.4555556,40.97333333,110.8520407,0.352733982
JVASP-9644,121.3,1.4,1,0,-1.2,0,1.4,37.5,22.3,0,12.6,0,1,22.3,46.6,0,14.1,0,0,0,0,17.9,0,3.3,-1.2,12.6,14.1,0,14.3,0,0,0,0,3.3,0,19,28.31111111,22.28666667,52.96253187,0.188211155
JVASP-9647,117.4,29.5,26.7,0,-4.5,0,29.5,109.4,24.7,0,6.2,0,26.7,24.7,107.7,0,-8.9,0,0,0,0,28.5,0,-6.6,-4.5,6.2,-8.9,0,20.2,0,0,0,0,-6.6,0,24.4,55.14444444,31.52666667,79.4409254,0.259900487
JVASP-30727,214.1,104,93.2,0,49.8,0,104,214.6,92.8,0,-49.8,0,93.2,92.8,128.8,0,0,0,0,0,0,55,0,49.8,49.8,-49.8,0,0,63.1,0,0,0,0,49.8,0,63.4,126.3888889,54.13333333,142.1109316,0.312600969
JVASP-53341,149.6,97,56.2,0,-0.1,0,97,103.4,26.2,0,-9,0,56.2,26.2,118.9,0,-5,0,0,0,0,-7.4,0,-2.2,-0.1,-9,-5,0,21.5,0,0,0,0,-2.2,0,17.2,81.18888889,19.09333333,53.11619077,0.3909617
JVASP-24934,148.8,65.8,66.1,0,-4.5,0,65.8,174.4,66,0,23.1,0,66.1,66,127.5,0,25.7,0,0,0,0,42.2,0,8.8,-4.5,23.1,25.7,0,56.2,0,0,0,0,8.8,0,61.9,94.05555556,48.91333333,125.0608212,0.278391929
JVASP-120893,-3,-0.1,1,0,0,0,-0.1,-3,1,0,0,0,1,1,4.2,0,0,0,0,0,0,0.5,0,0,0,0,0,0,-3.6,0,0,0,0,0,0,-3.6,0.222222222,-1.586666667,3.449275362,-2.086956522
JVASP-120894,69.8,3.4,-6.2,0,1,0,3.4,37.7,-4.9,0,-6,0,-6.2,-4.9,-75.1,0,-1.9,0,0,0,0,-26.1,0,0.3,1,-6,-1.9,0,-13.1,0,0,0,0,0.3,0,3.1,1.888888889,-4.546666667,-69.01190476,6.589285714
JVASP-120896,232.7,162.5,4.1,0,0,0,162.5,232.7,4.1,0,0,0,4.1,4.1,127.1,0,0,0,0,0,0,83.2,0,0,0,0,0,0,5.7,0,0,0,0,0,0,5.7,103.7666667,47.04,122.5948987,0.303092035
JVASP-120897,100.5,92.7,41.4,0,0,0,92.7,100.5,41.4,0,0,0,41.4,41.4,67.6,0,0,0,0,0,0,26.8,0,0,0,0,0,0,-18.7,0,0,0,0,0,0,-18.7,68.84444444,4.086666667,12.02211882,0.470895452
JVASP-120000,152.2,88,34.3,0,4.1,0.3,88,214.9,39.2,0.2,14.8,0,34.3,39.2,133.3,-0.4,-1.9,0.5,0,0.2,-0.4,41.2,0,-3.8,4.1,14.8,-1.9,0,35.2,-0.3,0.3,0,0.5,-3.8,-0.3,28.5,91.48888889,43.57333333,112.8105982,0.294491259
JVASP-120895,89.5,62,53.2,-3.4,-21.1,-1.6,62,90.6,63.4,-8.5,-19,-2.7,53.2,63.4,76.9,-6.7,-10.8,-4.1,-3.4,-8.5,-6.7,21.7,-1.5,-9.7,-21.1,-19,-10.8,-1.5,27.7,-2.2,-1.6,-2.7,-4.1,-9.7,-2.2,17.2,68.24444444,18.54666667,51.01828496,0.375403081
JVASP-120898,97.8,-5.2,15.2,0,0,0,-5.2,198.7,151.1,0,0,0,15.2,151.1,286.8,0,0,0,0,0,0,-5.2,0,0,0,0,0,0,37.2,0,0,0,0,0,0,0.6,100.6111111,34.66666667,93.28578504,0.345468053
JVASP-154728,97.4,35.6,11.2,0,0,-2.3,35.6,97.4,11.2,0,0,2.3,11.2,11.2,110.1,0,0,0,0,0,0,30.9,2.3,0,0,0,0,2.3,31.5,0,-2.3,2.3,0,0,0,31.5,46.76666667,35.24,84.49650222,0.198872052
JVASP-154813,30.6,19.8,21.7,0,0,0,19.8,103.4,47.8,0,0,0,21.7,47.8,110.6,0,0,0,0,0,0,12.8,0,0,0,0,0,0,39.3,0,0,0,0,0,0,41.7,47.02222222,29.11333333,72.39841736,0.243389352
JVASP-100334,34.6,11.1,23.1,0.9,9.8,0.2,11.1,31.3,25.3,0.1,-9.6,-0.5,23.1,25.3,72.3,-0.5,-2.4,-1,0.9,0.1,-0.5,12.7,0.8,12.5,9.8,-9.6,-2.4,0.8,27.5,0.7,0.2,-0.5,-1,12.5,0.7,31,28.57777778,19.48666667,47.63325097,0.222201102
JVASP-23439,88.4,23,48.7,0,0,0,23,192.3,84.7,0,0,0,48.7,84.7,183.5,0,0,0,0,0,0,17.4,0,0,0,0,0,0,49.5,0,0,0,0,0,0,53.8,86.33333333,44.66,114.275242,0.279391425
JVASP-94309,317.6,5.7,139.9,0,0,0,5.7,62.7,52.9,0,0,0,139.9,52.9,304.1,0,0,0,0,0,0,-92.3,0,0,0,0,0,0,56.5,0,0,0,0,0,0,102.4,120.1555556,45.71333333,121.7056445,0.331183219
JVASP-18990,50,39.7,31.7,0,0,0,39.7,97.3,27.6,0,0,0,31.7,27.6,51,0,0,0,0,0,0,45.7,0,0,0,0,0,0,30.9,0,0,0,0,0,0,19.9,44.03333333,25.92,65.00503734,0.253955196
JVASP-8307,80.2,120.9,7.7,0,0,0,120.9,80.2,7.7,0,0,0,7.7,7.7,31.4,0,0,0,0,0,0,-20.3,0,0,0,0,0,0,5.4,0,0,0,0,0,0,5.4,51.6,1.8,5.337931034,0.482758621
JVASP-12065,80.3,120.8,7.6,0,0,0,120.8,80.3,7.6,0,0,0,7.6,7.6,31.8,0,0,0,0,0,0,-20.2,0,0,0,0,0,0,5.4,0,0,0,0,0,0,5.4,51.6,1.88,5.57232576,0.482001532
JVASP-30615,80.3,120.8,7.7,0,0,0,120.8,80.3,7.7,0,0,0,7.7,7.7,31.2,0,0,0,0,0,0,-20.2,0,0,0,0,0,0,5.4,0,0,0,0,0,0,5.4,51.57777778,1.826666667,5.416062,0.482498723
JVASP-30621,56,107.1,-5.2,0,0,0,107.1,56,-5.2,0,0,0,-5.2,-5.2,23.1,0,0,0,0,0,0,-25.6,0,0,0,0,0,0,7.8,0,0,0,0,0,0,7.8,36.5,0.56,1.671451935,0.492367799
JVASP-4391,167.1,136.4,124.3,0,0,0,136.4,167.1,124.3,0,0,0,124.3,124.3,255.5,0,0,0,0,0,0,121.2,0,0,0,0,0,0,47.6,0,0,0,0,0,0,47.6,151.0777778,56.92666667,151.7233587,0.332621138
JVASP-10889,125.5,64.8,15,0,12.1,0,64.8,170.5,9.3,0,11.4,0,15,9.3,71.3,0,14.5,0,0,0,0,102.5,0,15,12.1,11.4,14.5,0,21.2,0,0,0,0,15,0,28.6,60.61111111,49.00666667,115.8080777,0.181554323
JVASP-9161,56.5,48.9,23.1,0,0,0,48.9,56.5,23.1,0,0,0,23.1,23.1,114.7,0,0,0,0,0,0,72.6,0,0,0,0,0,0,29,0,0,0,0,0,0,29,46.43333333,34.96,83.8389992,0.199070355
JVASP-9247,193.4,111,-39.5,0,0,0,111,243.7,-17.5,0,0,0,-39.5,-17.5,413.6,0,0,0,0,0,0,216.6,0,0,0,0,0,0,43.8,0,0,0,0,0,0,55.9,106.5222222,116.3733333,255.9230965,0.099577924
JVASP-20635,167.1,136.5,124.3,0,0,0,136.5,167.1,124.3,0,0,0,124.3,124.3,255.6,0,0,0,0,0,0,121.2,0,0,0,0,0,0,47.6,0,0,0,0,0,0,47.6,151.1111111,56.92666667,151.7270934,0.332653941
JVASP-9137,56.7,49,23.2,0,0,0,49,56.7,23.2,0,0,0,23.2,23.2,115.1,0,0,0,0,0,0,72.7,0,0,0,0,0,0,28.9,0,0,0,0,0,0,28.9,46.58888889,34.97333333,83.92078898,0.199782534
JVASP-10241,55.8,14,4.4,0,0,0,14,57.3,35.4,0,0,0,4.4,35.4,65.8,0,0,0,0,0,0,31.6,0,0,0,0,0,0,52.4,0,0,0,0,0,0,36.3,31.83333333,32.4,72.57701329,0.120015637
JVASP-86373,202.7,-9.9,84.1,0,73,0,-9.9,202.7,84.1,0,-73,0,84.1,84.1,255.3,0,0,0,0,0,0,106.3,0,73,73,-73,0,0,161.4,0,0,0,0,73,0,161.4,108.5888889,119.3133333,261.9864309,0.097892514
JVASP-57128,56.3,49.1,23,0,0,0,49.1,56.9,23.1,0,0,0,23,23.1,114.7,0,0,0,0,0,0,72.7,0,0,0,0,0,0,29.1,0,0,0,0,0,0,28.8,46.47777778,34.96666667,83.8678708,0.199254587
JVASP-133141,166.5,26.3,2.2,0,-6.1,0,26.3,90.8,58,0,-20.4,0,2.2,58,88.8,0,-31.3,0,0,0,0,3.9,0,7.4,-6.1,-20.4,-31.3,0,51.1,0,0,0,0,7.4,0,-3,57.67777778,27.70666667,71.64755737,0.292966026
JVASP-14958,104.2,62.9,62.9,0,0,0,62.9,104.2,62.9,0,0,0,62.9,62.9,104.2,0,0,0,0,0,0,9.9,0,0,0,0,0,0,9.9,0,0,0,0,0,0,9.9,76.66666667,14.2,40.12285012,0.412776413
JVASP-57072,44.5,12.1,21.7,0,0,0,12.1,120.8,8.2,0,0,0,21.7,8.2,24.9,0,0,0,0,0,0,9.7,0,0,0,0,0,0,11.2,0,0,0,0,0,0,9.4,30.46666667,15.94,40.71872554,0.27724986
JVASP-22625,65.9,10.9,2.3,0,-1.6,0,10.9,27.5,9.3,0,-1.9,0,2.3,9.3,24.2,0,1.4,0,0,0,0,13.1,0,1.8,-1.6,-1.9,1.4,0,7.6,0,0,0,0,1.8,0,7.7,18.06666667,12.02,29.51452733,0.227725763
JVASP-92737,6,4.5,4.5,0,0,0,4.5,6,4.5,0,0,0,4.5,4.5,6,0,0,0,0,0,0,3.1,0,0,0,0,0,0,3.1,0,0,0,0,0,0,3.1,5,2.16,5.664335664,0.311188811
JVASP-102349,326.4,62,57.8,0,0,0,62,326.4,57.8,0,0,0,57.8,57.8,282.2,0,0,0,0,0,0,132.2,0,0,0,0,0,0,130.3,0,0,0,0,0,0,130.2,143.3555556,129.0333333,297.7621296,0.153818637
JVASP-36202,551.9,42.4,165.5,0,0,0,42.4,551.9,165.5,0,0,0,165.5,165.5,509.5,0,0,0,0,0,0,105.2,0,0,0,0,0,0,212.7,0,0,0,0,0,0,212.7,262.2333333,188.78,456.7389162,0.209712142
JVASP-35107,556.6,184.8,184.8,0,0,0,184.8,556.6,184.8,0,0,0,184.8,184.8,556.6,0,0,0,0,0,0,286.4,0,0,0,0,0,0,286.4,0,0,0,0,0,0,286.4,308.7333333,246.2,583.49652,0.185005118
JVASP-35108,351.6,164.4,164.4,0,0,0,164.4,351.6,164.4,0,0,0,164.4,164.4,351.6,0,0,0,0,0,0,202,0,0,0,0,0,0,202,0,0,0,0,0,0,202,226.8,158.64,385.93627,0.21639016
JVASP-114885,649.1,-17.7,141.1,0,0,0,-17.7,649.1,141.1,0,0,0,141.1,141.1,354.1,0,0,0,0,0,0,41.3,0,0,0,0,0,0,169.9,0,0,0,0,0,0,169.9,242.3666667,168.74,410.8686395,0.217460707
JVASP-114887,550.7,42.6,164.5,0,0,0,42.6,550.7,164.5,0,0,0,164.5,164.5,508.8,0,0,0,0,0,0,106.7,0,0,0,0,0,0,213.7,0,0,0,0,0,0,213.7,261.4888889,189.3933333,457.6820802,0.208284558
JVASP-114888,48,-3.5,4.8,0,0.7,0,-3.5,266.8,78.3,0,-4,0,4.8,78.3,490.8,0,-5.8,0,0,0,0,-10,0,0.3,0.7,-4,-5.8,0,68.9,0,0,0,0,0.3,0,-6.6,107.2,58.86,149.2617568,0.267938811
JVASP-58388,505,140.8,89.8,0,-24.7,0,140.8,505,89.8,0,24.7,0,89.8,89.8,332.9,0,0,0,0,0,0,182.1,0,-24.7,-24.7,24.7,0,0,114.7,0,0,0,0,-24.7,0,114.7,220.4111111,150.4666667,367.72296,0.221941604
JVASP-114892,-0.3,-0.3,-0.2,0,0,0,-0.3,-8.9,-0.4,0,3.5,0,-0.2,-0.4,0.4,0,4.4,0,0,0,0,-5.8,0,0.9,0,3.5,4.4,0,-6,0,0,0,0,0.9,0,-6.6,-1.177777778,-4.206666667,-5.761068045,-0.315245478
JVASP-114893,46.2,386.8,-6.9,0,0,0,386.8,46.2,-6.9,0,0,0,-6.9,-6.9,140.7,0,0,0,0,0,0,-170.3,0,0,0,0,0,0,9.4,0,0,0,0,0,0,9.4,108.7888889,-39.62666667,-135.3088838,0.707295808
JVASP-114895,197.1,-17.7,143.8,0,0,0,-17.7,197.1,143.8,0,0,0,143.8,143.8,461,0,0,0,0,0,0,8.5,0,0,0,0,0,0,-611.9,0,0,0,0,0,0,-611.9,155,-204.04,-1090.725782,1.672823421
JVASP-114897,350,66.1,332.8,-19.5,0,0,66.1,25.3,160.2,-42.5,0,0,332.8,160.2,154.1,-20.4,0,0,-19.5,-42.5,-20.4,-182.2,0,0,0,0,0,0,23.7,-22.4,0,0,0,0,-22.4,-104.1,183.0666667,-54.5,-181.5124318,0.665251668
JVASP-36144,511.4,60.1,166.4,0,0,0,60.1,511.4,166.4,0,0,0,166.4,166.4,494.2,0,0,0,0,0,0,119.9,0,0,0,0,0,0,206.7,0,0,0,0,0,0,206.7,255.8666667,181.6,440.5694058,0.213021492
JVASP-35150,557,179.9,179.9,0,0,0,179.9,557,179.9,0,0,0,179.9,179.9,557,0,0,0,0,0,0,271.8,0,0,0,0,0,0,271.8,0,0,0,0,0,0,271.8,305.6,238.5,567.7922618,0.190340171
JVASP-35152,336.7,152,152,0,0,0,152,336.7,152,0,0,0,152,152,336.7,0,0,0,0,0,0,176.8,0,0,0,0,0,0,176.8,0,0,0,0,0,0,176.8,213.5666667,143.02,350.7614224,0.226267034
JVASP-135732,163.7,267.5,-7.9,0,0,0,267.5,163.7,-7.9,0,0,0,-7.9,-7.9,64.3,0,0,0,0,0,0,-51.9,0,0,0,0,0,0,1.1,0,0,0,0,0,0,1.1,99.45555556,-0.606666667,-1.823708132,0.503056153
JVASP-135733,519.7,25.1,104.9,0,0,0,25.1,519.7,104.9,0,0,0,104.9,104.9,467.5,0,0,0,0,0,0,-53.7,0,0,0,0,0,0,123.5,0,0,0,0,0,0,123.5,219.6333333,123.46,311.9323355,0.263293113
JVASP-135734,506.9,60.2,164.3,0,0,0,60.2,506.9,164.3,0,0,0,164.3,164.3,491.1,0,0,0,0,0,0,117.9,0,0,0,0,0,0,204.2,0,0,0,0,0,0,204.2,253.6111111,179.6666667,436.0331384,0.213450292
JVASP-135740,-0.1,-0.3,-0.2,0,-0.1,0,-0.3,-2.4,3,0,-4.1,0,-0.2,3,-4.2,0,5.6,0,0,0,0,-7.6,0,0.5,-0.1,-4.1,5.6,0,-7.6,0,0,0,0,0.5,0,-2.6,-0.188888889,-4.173333333,-1.49676512,-0.820675105
JVASP-135741,-82.1,80.8,45.7,0.7,-20.8,-7.1,80.8,-84.7,121.1,-1.9,5.3,16.7,45.7,121.1,-65.1,6.5,-22.1,-16.8,0.7,-1.9,6.5,-67.8,7.9,0.7,-20.8,5.3,-22.1,7.9,-84,-21.7,-7.1,16.7,-16.8,0.7,-21.7,-75.9,29.25555556,-77.50666667,-1989.035608,11.83138402
JVASP-75891,156.9,140.1,140.1,0,0,0,140.1,156.9,140.1,0,0,0,140.1,140.1,156.9,0,0,0,0,0,0,14,0,0,0,0,0,0,14,0,0,0,0,0,0,14,145.7,11.76,34.35567438,0.460700441
JVASP-10073,313.2,132.8,108.7,0,-21,0,132.8,313.2,108.7,0,21,0,108.7,108.7,179.5,0,0,0,0,0,0,90.2,0,-21,-21,21,0,0,67.8,0,0,0,0,-21,0,67.8,167.3666667,75.54,196.9841112,0.303839762
JVASP-13067,86.3,16.1,11.8,-7.1,0,0,16.1,28.5,17.8,3.9,0,0,11.8,17.8,36.2,4,0,0,-7.1,3.9,4,14.2,0,0,0,0,0,0,7.3,3.9,0,0,0,0,3.9,11.2,26.93333333,13.56,34.83408224,0.28444256
JVASP-12920,29.5,14.7,13.7,0,-1.2,0,14.7,22.4,15.9,0,-0.2,0,13.7,15.9,39.4,0,2.5,0,0,0,0,7.4,0,-3.3,-1.2,-0.2,2.5,0,5.3,0,0,0,0,-3.3,0,5.8,19.98888889,6.833333333,18.40294411,0.346556886
JVASP-120836,32,74.4,13.8,0,0,0,74.4,32,13.8,0,0,0,13.8,13.8,112.2,0,0,0,0,0,0,-21.2,0,0,0,0,0,0,13.9,0,0,0,0,0,0,13.9,42.24444444,6.266666667,17.91418546,0.429323308
JVASP-120837,131.7,14.8,19.5,0,0,0,14.8,131.7,19.5,0,0,0,19.5,19.5,67.3,0,0,0,0,0,0,4.9,0,0,0,0,0,0,-2.5,0,0,0,0,0,0,-2.5,48.7,18.44,49.12028686,0.33189498
JVASP-133817,-545.3,-157.5,184.4,0,0,0,-157.5,-274.9,67.1,0,0,0,184.4,67.1,-57.5,0,0,0,0,0,0,-43.7,0,0,0,0,0,0,-47.3,0,0,0,0,0,0,-24.5,-76.63333333,-87.88,-190.7320662,0.085184719
JVASP-133821,163.8,-2.8,22.9,0,0,0,-2.8,163.8,22.9,0,0,0,22.9,22.9,85.4,0,0,0,0,0,0,-1.4,0,0,0,0,0,0,-3.9,0,0,0,0,0,0,-3.9,55.44444444,22.82666667,60.21625432,0.318989215
JVASP-51267,50.8,51.3,51.3,0,0,0,51.3,50.8,51.3,0,0,0,51.3,51.3,50.8,0,0,0,0,0,0,-50.7,0,0,0,0,0,0,-50.7,0,0,0,0,0,0,-50.7,51.13333333,-30.52,-114.3009766,0.872558594
JVASP-75725,93.9,40.9,40.9,0,0,0,40.9,93.9,40.9,0,0,0,40.9,40.9,93.9,0,0,0,0,0,0,-18.6,0,0,0,0,0,0,-18.6,0,0,0,0,0,0,-18.6,58.56666667,-0.56,-1.685371703,0.504796163
JVASP-37875,170.3,212.1,212.1,0,0,0,212.1,170.3,212.1,0,0,0,212.1,212.1,170.3,0,0,0,0,0,0,172.5,0,0,0,0,0,0,172.5,0,0,0,0,0,0,172.5,198.1666667,95.14,246.0445885,0.293065947
JVASP-115486,-30.2,50,18.3,0,-11.6,0,50,-30.2,18.3,0,11.6,0,18.3,18.3,236.7,0,0,0,0,0,0,-40.1,0,-11.6,-11.6,11.6,0,0,-144.1,0,0,0,0,-11.6,0,-144.1,38.83333333,-59.68,-367.0918691,2.075501584
JVASP-115487,238.1,-30.1,40.1,0,0,0,-30.1,238.1,40.1,0,0,0,40.1,40.1,204.6,0,0,0,0,0,0,-69.1,0,0,0,0,0,0,1,0,0,0,0,0,0,1,86.77777778,28.62666667,77.37204688,0.351398117
JVASP-115488,-3.9,3.3,-1.7,0,0,0,3.3,-3.9,-1.7,0,0,0,-1.7,-1.7,-41.6,0,0,0,0,0,0,-0.3,0,0,0,0,0,0,-4.2,0,0,0,0,0,0,-4.2,-5.511111111,-5.026666667,-11.56413111,0.150278293
JVASP-115489,169.3,178.2,73.4,0,0,0,178.2,169.3,73.4,0,0,0,73.4,73.4,107.8,0,0,0,0,0,0,57.3,0,0,0,0,0,0,68.3,0,0,0,0,0,0,68.3,121.8222222,46.87333333,124.6348224,0.329485376
JVASP-75876,0.5,0,0.25,0,0.5,0.75,0,0,0.75,0,0,0.75,0,0,0.75,0.5,0.5,0.25,0.25,0.5,0,0.75,0,0.5,0.25,0.5,0.5,0.25,0.5,0.5,0.25,0.5,0.5,0.75,0,0,0.361111111,0.266666667,0.641975309,0.203703704
JVASP-39019,249.2,221.6,221.6,0,0,0,221.6,249.2,221.6,0,0,0,221.6,221.6,249.2,0,0,0,0,0,0,195.9,0,0,0,0,0,0,195.9,0,0,0,0,0,0,195.9,230.8,123.06,313.46753,0.273636966
JVASP-115517,288.8,-52.7,21.9,0,0,0,-52.7,288.8,21.9,0,0,0,21.9,21.9,247.3,0,0,0,0,0,0,-73.5,0,0,0,0,0,0,-50.7,0,0,0,0,0,0,-50.7,89.67777778,20.60666667,57.42176725,0.393281315
JVASP-115518,267.6,58.9,83.1,0,0,0,58.9,192.7,138.8,0,0,0,83.1,138.8,150.1,0,0,0,0,0,0,-30.4,0,0,0,0,0,0,-103.6,0,0,0,0,0,0,-178.1,130.2222222,-40.44666667,-135.3534731,0.673233967
JVASP-115520,316.5,80.9,162.4,36.3,0,0,80.9,63.1,102.4,-5.6,0,0,162.4,102.4,128.1,1.2,0,0,36.3,-5.6,1.2,-281.7,0,0,0,0,0,0,16.1,-17.7,0,0,0,0,-17.7,-24,133.2333333,-47.12,-160.251835,0.700465143
JVASP-133766,90,316.8,5.9,0,0,0,316.8,90,5.9,0,0,0,5.9,5.9,126.2,0,0,0,0,0,0,-113.4,0,0,0,0,0,0,28.3,0,0,0,0,0,0,28.3,107.0444444,-12.85333333,-40.16770901,0.562540548
JVASP-133768,78.9,31.5,-17.1,0,0,0,31.5,78.9,-17.1,0,0,0,-17.1,-17.1,119.1,0,0,0,0,0,0,-2.2,0,0,0,0,0,0,3.4,0,0,0,0,0,0,3.4,30.16666667,19.56,48.25131746,0.233418136
JVASP-39094,69.1,332.5,109.7,0,0,0,332.5,69.1,109.7,0,0,0,109.7,109.7,243.3,0,0,0,0,0,0,265.9,0,0,0,0,0,0,50.6,0,0,0,0,0,0,50.6,165.0333333,62.06,165.4420956,0.332920526
JVASP-115515,200.1,64.8,8,0,0,0,64.8,200.1,8,0,0,0,8,8,48,0,0,0,0,0,0,-1.2,0,0,0,0,0,0,-59.9,0,0,0,0,0,0,-59.9,67.75555556,0.293333333,0.878731905,0.497838475
JVASP-91700,819.9,16.4,150,0,0,0,16.4,755.5,178.5,0,0,0,150,178.5,707.7,0,0,0,0,0,0,246.8,0,0,0,0,0,0,383.2,0,0,0,0,0,0,332.8,330.3222222,321.7733333,728.7048027,0.132326279
JVASP-91752,997.9,43,147.7,0,-2,0,43,478.6,107.4,0,0.2,0,147.7,107.4,983.2,0,-40.2,0,0,0,0,156.5,0,-18.5,-2,0.2,-40.2,0,118.6,0,0,0,0,-18.5,0,428.3,339.5444444,284.7866667,667.6892902,0.172262203
JVASP-91679,944.7,35.7,129.8,0,4.5,0,35.7,828.3,111.8,0,-55.9,0,129.8,111.8,853.1,0,-21.8,0,0,0,0,373.8,0,-3.7,4.5,-55.9,-21.8,0,378.2,0,0,0,0,-3.7,0,449,353.4111111,396.7866667,866.1921941,0.091508696
JVASP-8703,864.4,135.9,137.8,0,0,0,135.9,867.5,121.9,0,0,0,137.8,121.9,886.3,0,0,0,0,0,0,461,0,0,0,0,0,0,462.3,0,0,0,0,0,0,458.3,378.8222222,424.4933333,927.1650591,0.092084358
JVASP-36192,862,16.8,120.4,0,0,0,16.8,862,120.4,0,0,0,120.4,120.4,865.9,0,0,0,0,0,0,373.6,0,0,0,0,0,0,416.6,0,0,0,0,0,0,416.6,345.0111111,396.8466667,860.5809039,0.084273822
JVASP-51070,1017.5,26.7,145,0,0,0,26.7,901.8,128.1,0,0,0,145,128.1,883,0,0,0,0,0,0,371,0,0,0,0,0,0,407.6,0,0,0,0,0,0,476.9,377.9888889,417.9333333,916.1462766,0.09604356
JVASP-113973,0.4,-0.4,-0.1,0,0.1,0,-0.4,-113.7,0.1,0,6.1,0,-0.1,0.1,-3,0,0.3,0,0,0,0,-10.8,0,-0.2,0.1,6.1,0.3,0,-0.1,0,0,0,0,-0.2,0,0.2,-13.01111111,-9.866666667,-23.6275392,0.197341513
JVASP-113976,991.8,-264.8,50.4,0,0,0,-264.8,991.8,50.4,0,0,0,50.4,50.4,978.8,0,0,0,0,0,0,-56.5,0,0,0,0,0,0,130,0,0,0,0,0,0,130,292.7111111,249.1266667,582.207557,0.168497064
JVASP-137768,-2.7,0,-0.1,0,0,0,0,-2.7,-0.1,0,0,0,-0.1,-0.1,-31.4,0,0,0,0,0,0,0.4,0,0,0,0,0,0,-6.7,0,0,0,0,0,0,-6.7,-4.133333333,-5.04,-10.75045872,0.066513761
JVASP-137769,237.7,223.9,7.7,0,0,0,223.9,632.1,-1.3,0,0,0,7.7,-1.3,8.2,0,0,0,0,0,0,203.5,0,0,0,0,0,0,-66.5,0,0,0,0,0,0,3.1,148.7333333,71.2,184.2062621,0.293583301
JVASP-36197,351,22.3,69.3,0,0,0,22.3,351,69.3,0,0,0,69.3,69.3,302.3,0,0,0,0,0,0,115.7,0,0,0,0,0,0,161.8,0,0,0,0,0,0,161.8,147.3444444,144.0866667,325.9969437,0.131252986
JVASP-115283,181.1,20,39.8,0,0,0,20,181.1,39.8,0,0,0,39.8,39.8,219.6,0,0,0,0,0,0,4.4,0,0,0,0,0,0,-102.8,0,0,0,0,0,0,-102.8,86.77777778,-8.093333333,-25.0590443,0.548128766
JVASP-3846,170.9,-1,5.3,0,0,0,-1,18.3,13.3,0,0,0,5.3,13.3,15.7,0,0,0,0,0,0,0.3,0,0,0,0,0,0,12.3,0,0,0,0,0,0,5,26.67777778,16.00666667,40.01666667,0.25
JVASP-117506,69,0.5,16.4,0,0,0,0.5,69,16.4,0,0,0,16.4,16.4,31.1,0,0,0,0,0,0,-0.7,0,0,0,0,0,0,17.6,0,0,0,0,0,0,17.6,26.18888889,15.95333333,39.78206376,0.246826069
JVASP-117508,-1.9,0,0.9,0,1.3,0,0,-2.2,0.1,0,1.4,0,0.9,0.1,-8.8,0,-5.2,0,0,0,0,-7.5,0,0.8,1.3,1.4,-5.2,0,-8.1,0,0,0,0,0.8,0,0.3,-1.211111111,-3.986666667,-5.702712161,-0.284776903
JVASP-117509,382,69.3,304.2,-28.4,0,0,69.3,74.1,241.3,9.5,0,0,304.2,241.3,-241.9,-67.4,0,0,-28.4,9.5,-67.4,-97.3,0,0,0,0,0,0,0.8,-1.5,0,0,0,0,-1.5,-24.4,160.4222222,-50.88666667,-170.7099989,0.677354896
JVASP-75499,3.164055,0,1.5820275,0,3.164055,4.7460825,0,0,4.7460825,0,0,4.7460825,0,0,4.7460825,3.164055,3.164055,1.5820275,1.5820275,3.164055,0,4.7460825,0,3.164055,1.5820275,3.164055,3.164055,1.5820275,3.164055,3.164055,1.5820275,3.164055,3.164055,4.7460825,0,0,2.285150833,1.687496,4.06249037,0.203703704
JVASP-61574,115,-7.2,50.9,0.7,0,0,-7.2,115,50.9,-0.7,0,0,50.9,50.9,113.6,0,0,0,0.7,-0.7,0,36.4,0,0,0,0,0,0,54,0,0,0,0,0,0,54,59.2,45.48,108.6235611,0.194190425
JVASP-86404,115.1,-7.1,51,-0.7,0,0,-7.1,115.1,51,0.7,0,0,51,51,114,0,0,0,-0.7,0.7,0,36.4,0,0,0,0,0,0,54,0,0,0,0,0,0,54,59.33333333,45.5,108.7114094,0.194630872
JVASP-62390,115,-7.1,51,0.7,0,0,-7.1,115,51,-0.7,0,0,51,51,113.8,0,0,0,0.7,-0.7,0,36.4,0,0,0,0,0,0,54,0,0,0,0,0,0,54,59.28888889,45.47333333,108.6440882,0.194591206
JVASP-85908,115.1,-7.1,51,-0.7,0,0,-7.1,115.1,51,0.7,0,0,51,51,114,0,0,0,-0.7,0.7,0,36.4,0,0,0,0,0,0,54,0,0,0,0,0,0,54,59.33333333,45.5,108.7114094,0.194630872
JVASP-10797,133.8,43.9,49.9,0,-4.7,0,43.9,133.8,49.9,0,4.7,0,49.9,49.9,213.7,0,0,0,0,0,0,44.9,0,-4.7,-4.7,4.7,0,0,73.3,0,0,0,0,-4.7,0,73.3,85.41111111,60.80666667,147.4327677,0.212307595
JVASP-115274,-1.1,-1.4,-0.8,0,-0.4,0,-1.4,-0.8,-1.6,0,-2.1,0,-0.8,-1.6,-6.7,0,0.9,0,0,0,0,-7.4,0,0,-0.4,-2.1,0.9,0,-1.1,0,0,0,0,0,0,0.2,-1.8,-1.98,-4.346341463,0.097560976
JVASP-115277,311.4,-52.1,-12.8,0,0,0,-52.1,311.4,-12.8,0,0,0,-12.8,-12.8,284.8,0,0,0,0,0,0,-46.9,0,0,0,0,0,0,-53.4,0,0,0,0,0,0,-53.4,83.57777778,34.94666667,92.01513115,0.316507981
JVASP-115278,49,75.7,118.7,10.6,0,0,75.7,-130.9,107.8,14.1,0,0,118.7,107.8,59.5,-16.3,0,0,10.6,14.1,-16.3,-34.6,0,0,0,0,0,0,-71.1,-5.9,0,0,0,0,-5.9,-43.3,64.66666667,-51.44,-210.003367,1.041245791
JVASP-115279,-206.7,148.8,171.6,-42.1,147.5,-83.2,148.8,-52.4,40.6,4.5,-4.9,27.9,171.6,40.6,-66.6,10.8,-38.4,24.9,-42.1,4.5,10.8,-102.2,17.2,46.4,147.5,-4.9,-38.4,17.2,-13.3,26.1,-83.2,27.9,24.9,46.4,26.1,-96.5,44.03333333,-88.18,-795.6678962,3.511612022
JVASP-50826,68.3,27.9,15,-10.6,4.8,-3.1,27.9,126.4,1.8,-22.6,10.4,4.4,15,1.8,46.2,-3.3,-0.5,-9,-10.6,-22.6,-3.3,47.2,-10.9,1.1,4.8,10.4,-0.5,-10.9,12.1,6,-3.1,4.4,-9,1.1,6,14,36.7,27.74,66.47215612,0.198128265
JVASP-115501,87.8,275.6,2.2,0,0,0,275.6,87.8,2.2,0,0,0,2.2,2.2,118.7,0,0,0,0,0,0,-93.9,0,0,0,0,0,0,11.1,0,0,0,0,0,0,11.1,94.92222222,-13.38666667,-42.14101752,0.573992188
JVASP-115504,274.6,211,211,0,0,0,211,274.6,211,0,0,0,211,211,274.6,0,0,0,0,0,0,234,0,0,0,0,0,0,234,0,0,0,0,0,0,234,232.2,153.12,376.5830815,0.229699195
JVASP-115505,197.9,172.5,219.3,-32.2,0,0,172.5,-336.7,-182.2,32.9,0,0,219.3,-182.2,-330,69.3,0,0,-32.2,32.9,69.3,-244.9,0,0,0,0,0,0,-60.8,-61.5,0,0,0,0,-61.5,-65.5,-5.511111111,-119.4666667,-43.57019608,-0.817647059
JVASP-12517,40.8,63.9,8.6,0,-12,0,63.9,227.2,69.6,0,62.9,0,8.6,69.6,125.3,0,55.9,0,0,0,0,71.5,0,3.9,-12,62.9,55.9,0,82.4,0,0,0,0,3.9,0,17,75.27777778,50.92666667,124.6669196,0.22398468
JVASP-59147,135.8,41.4,72.3,0,11.7,0,41.4,148.1,58,0,9.9,0,72.3,58,91.3,0,2.6,0,0,0,0,32.2,0,25.4,11.7,9.9,2.6,0,28.5,0,0,0,0,25.4,0,66.1,79.84444444,38.92666667,100.4550121,0.290310996
JVASP-115468,57.1,20.8,-4,0,0,0,20.8,57.1,-4,0,0,0,-4,-4,141.9,0,0,0,0,0,0,2.9,0,0,0,0,0,0,-25.4,0,0,0,0,0,0,-25.4,31.3,6.64,18.60441615,0.400934951
JVASP-115470,240.2,-25.7,16.5,0,0,0,-25.7,240.2,16.5,0,0,0,16.5,16.5,189.1,0,0,0,0,0,0,-36.7,0,0,0,0,0,0,8.8,0,0,0,0,0,0,8.8,76.01111111,40.32666667,102.800241,0.274593829
JVASP-115471,274.5,46.8,114.9,3.1,0,0,46.8,87,208,4.9,0,0,114.9,208,-11.1,17.3,0,0,3.1,4.9,17.3,-244,0,0,0,0,0,0,-60.2,226.4,0,0,0,0,226.4,-1432.5,121.0888889,-348.6266667,-25951.73097,36.21994536
JVASP-115472,275.6,210.5,210.5,0,0,0,210.5,275.6,210.5,0,0,0,210.5,210.5,275.6,0,0,0,0,0,0,234.1,0,0,0,0,0,0,234.1,0,0,0,0,0,0,234.1,232.2,153.48,377.308611,0.22917843
JVASP-115498,37,37.3,5.3,0,0,0,37.3,37,5.3,0,0,0,5.3,5.3,65.7,0,0,0,0,0,0,20.2,0,0,0,0,0,0,11.5,0,0,0,0,0,0,11.5,26.16666667,14.76,37.27192794,0.262599185
JVASP-115499,215.7,302.6,8,0,0,0,302.6,215.7,8,0,0,0,8,8,290.7,0,0,0,0,0,0,278.3,0,0,0,0,0,0,95.9,0,0,0,0,0,0,95.9,151.0333333,120.92,286.3429079,0.184017978
JVASP-115500,286.1,185.5,82.6,0,8.9,0,185.5,286.1,82.6,0,-8.9,0,82.6,82.6,76.5,0,0,0,0,0,0,50.3,0,8.9,8.9,-8.9,0,0,-108.4,0,0,0,0,8.9,0,-108.4,150.0111111,-13.43333333,-41.53995266,0.546152084
JVASP-104764,373.3,92.3,127.3,0,1.3,0,92.3,379.1,92.6,0,-0.1,0,127.3,92.6,370.9,0,-0.8,0,0,0,0,106.6,0,1.6,1.3,-0.1,-0.8,0,106.3,0,0,0,0,1.6,0,121.5,194.1888889,120.9533333,300.4749555,0.242111098
JVASP-104766,358.5,124.6,87.8,0,-2,0,124.6,358.5,87.8,0,2,0,87.8,87.8,380.4,0,0,0,0,0,0,116.9,0,-2,-2,2,0,0,98.6,0,0,0,0,-2,0,98.6,188.6444444,115.9666667,288.7347216,0.244903945
JVASP-36201,378.4,45.5,145.2,0,0,0,45.5,378.4,145.2,0,0,0,145.2,145.2,271.6,0,0,0,0,0,0,65.9,0,0,0,0,0,0,162.6,0,0,0,0,0,0,162.6,188.9111111,124.3866667,305.999263,0.230032411
JVASP-35106,282.4,149,149,0,0,0,149,282.4,149,0,0,0,149,149,282.4,0,0,0,0,0,0,173.3,0,0,0,0,0,0,173.3,0,0,0,0,0,0,173.3,193.4666667,130.66,319.9521728,0.224369252
JVASP-35109,268.8,141.6,141.6,0,0,0,141.6,268.8,141.6,0,0,0,141.6,141.6,268.8,0,0,0,0,0,0,155.5,0,0,0,0,0,0,155.5,0,0,0,0,0,0,155.5,184,118.74,293.1589588,0.234457465
JVASP-115089,43.3,1,1.2,0,-0.2,0,1,223.9,48.6,0,-1.6,0,1.2,48.6,268.3,0,-9.8,0,0,0,0,-11.8,0,0.4,-0.2,-1.6,-9.8,0,20,0,0,0,0,0.4,0,-9.7,70.78888889,32.01333333,83.45893554,0.303502742
JVASP-50544,371.2,122.5,122.3,0,0,0,122.5,488.8,137.6,0,0,0,122.3,137.6,292.3,0,0,0,0,0,0,79.9,0,0,0,0,0,0,85.4,0,0,0,0,0,0,132.2,213.0111111,110.8266667,283.3406271,0.278305284
JVASP-115094,272.7,113.7,113.7,0,0,0,113.7,272.7,113.7,0,0,0,113.7,113.7,272.7,0,0,0,0,0,0,31.6,0,0,0,0,0,0,31.6,0,0,0,0,0,0,31.6,166.7,50.76,138.2478815,0.361779763
JVASP-115096,332.1,-6.5,8.6,0,0,0,-6.5,332.1,8.6,0,0,0,8.6,8.6,62.2,0,0,0,0,0,0,0.9,0,0,0,0,0,0,-29.9,0,0,0,0,0,0,-29.9,83.08888889,35.93333333,94.21790556,0.311009818
JVASP-155763,37.6,62.1,68.2,0,0,0,62.1,37.6,68.2,0,0,0,68.2,68.2,64.8,0,0,0,0,0,0,-0.1,0,0,0,0,0,0,-8,0,0,0,0,0,0,-8,59.66666667,-7.12,-22.24482197,0.562136374
JVASP-111849,253.8,109.4,87.3,0,0,0,109.4,260.1,85.1,0,0,0,87.3,85.1,263.7,0,0,0,0,0,0,72.5,0,0,0,0,0,0,64.4,0,0,0,0,0,0,66.1,149.0222222,73.65333333,189.7062734,0.287832232
JVASP-133533,313.7,117.1,93.5,0,0,0,117.1,321.4,91.9,0,0,0,93.5,91.9,321.6,0,0,0,0,0,0,97.4,0,0,0,0,0,0,87.1,0,0,0,0,0,0,88.6,173.5222222,98.23333333,247.9169306,0.261877828
JVASP-103127,79.6,19,33.1,0,0,0,19,79.6,33.1,0,0,0,33.1,33.1,63.8,0,0,0,0,0,0,15.8,0,0,0,0,0,0,30,0,0,0,0,0,0,30,43.71111111,24.34666667,61.60264128,0.265114484
JVASP-50935,294.1,146.9,131.9,0,0,0,146.9,294.1,131.9,0,0,0,131.9,131.9,313.9,0,0,0,0,0,0,73.6,0,0,0,0,0,0,114.2,0,0,0,0,0,0,114.2,191.5,93.16,240.4835695,0.290701854
JVASP-135265,-1,-3.3,-0.7,0,0.6,0,-3.3,-61,-7.4,0,7.5,0,-0.7,-7.4,-2.6,0,5.8,0,0,0,0,-7.9,0,1.4,0.6,7.5,5.8,0,-4.5,0,0,0,0,1.4,0,-8.2,-9.711111111,-7.666666667,-18.20833333,0.1875
JVASP-135268,218.3,50,70.8,38.3,0,0,50,-73.8,-46.2,118.2,0,0,70.8,-46.2,-215.1,194.9,0,0,38.3,118.2,194.9,-275.6,0,0,0,0,0,0,-10.9,8.7,0,0,0,0,8.7,-90.6,8.733333333,-85.1,113.5629881,-1.667232598
JVASP-8210,48.8,20.4,16.8,0,0,0,20.4,48.8,16.8,0,0,0,16.8,16.8,94.4,0,0,0,0,0,0,12,0,0,0,0,0,0,12.8,0,0,0,0,0,0,12.8,33.33333333,16.72,42.97464016,0.285126799
JVASP-155488,-7.8,48,-83.4,77.9,0,0,48,0.2,151.6,-69.7,0,0,-83.4,151.6,-691.5,386,0,0,77.9,-69.7,386,-220.9,0,0,0,0,0,0,-20.5,-17.8,0,0,0,0,-17.8,-29.5,-51.85555556,-108.5333333,-191.7929067,-0.116433169
JVASP-7793,118.6,92.8,92.8,0,0,0,92.8,118.6,92.8,0,0,0,92.8,92.8,118.6,0,0,0,0,0,0,65,0,0,0,0,0,0,65,0,0,0,0,0,0,65,101.4,44.16,115.6861178,0.309851877
JVASP-139479,284.9,-16.3,10.3,0,0,0,-16.3,284.9,10.3,0,0,0,10.3,10.3,54.9,0,0,0,0,0,0,-16,0,0,0,0,0,0,-12,0,0,0,0,0,0,-12,70.36666667,33.36,86.42267856,0.295303935
JVASP-139480,-365.2,3.5,99.2,0,25.8,0,3.5,-365.2,99.2,0,-25.8,0,99.2,99.2,-4.3,0,0,0,0,0,0,-184.3,0,25.8,25.8,-25.8,0,0,-35.1,0,0,0,0,25.8,0,-35.1,-36.76666667,-113.34,-167.6990073,-0.260194956
JVASP-139481,1,-0.5,-0.7,0,0,0,-0.5,1,-0.7,0,0,0,-0.7,-0.7,7.7,0,0,0,0,0,0,-0.1,0,0,0,0,0,0,-11.9,0,0,0,0,0,0,-11.9,0.655555556,-4.006666667,11.5879085,-2.446078431
JVASP-139482,69.7,1.5,-4.1,0,2.3,0,1.5,139,40,0,-0.1,0,-4.1,40,60.6,0,2.3,0,0,0,0,-8.7,0,0.3,2.3,-0.1,2.3,0,8.5,0,0,0,0,0.3,0,-2.6,38.23333333,14.9,39.56087963,0.327546296
JVASP-8236,282.9,91.2,91.2,0,0,0,91.2,282.9,91.2,0,0,0,91.2,91.2,282.9,0,0,0,0,0,0,41,0,0,0,0,0,0,41,0,0,0,0,0,0,41,155.1,62.94,166.3220241,0.321274421
JVASP-139436,273.7,36.3,173.9,5.4,0,0,36.3,150.9,215.3,-15.3,0,0,173.9,215.3,-187,50.5,0,0,5.4,-15.3,50.5,-144.7,0,0,0,0,0,0,-57.4,0.3,0,0,0,0,0.3,-103.2,120.9555556,-73.58666667,-276.916639,0.881568031
JVASP-21270,187.5,49.7,36.8,0,0,0,49.7,138.1,37.2,0,0,0,36.8,37.2,192.3,0,0,0,0,0,0,64.7,0,0,0,0,0,0,61.3,0,0,0,0,0,0,54.9,85.03333333,62.46,150.5247449,0.20496914
JVASP-5839,92.7,26.3,8.6,0,0,1.9,26.3,92.7,8.6,0,0,-1.9,8.6,8.6,28.9,0,0,0,0,0,0,33.2,-1.9,0,0,0,0,-1.9,7.2,0,1.9,-1.9,0,0,0,7.2,33.47777778,20.90666667,51.9134553,0.241552662
JVASP-150695,91.9,26.3,8.7,0,0,-1.9,26.3,91.9,8.7,0,0,1.9,8.7,8.7,29,0,0,0,0,0,0,32.8,1.9,0,0,0,0,1.9,7.3,0,-1.9,1.9,0,0,0,7.3,33.35555556,20.75333333,51.56555758,0.242343983
JVASP-58433,488.9,140.5,124.9,0,-20.2,0,140.5,406.7,158,0,-31.8,0,124.9,158,428.6,0,-10.3,0,0,0,0,141.3,0,-25.9,-20.2,-31.8,-10.3,0,143.9,0,0,0,0,-25.9,0,149,241.2222222,146.8933333,366.3221681,0.246898548
JVASP-58434,373.9,156.6,174.7,0,0,0,156.6,391.7,70.8,0,0,0,174.7,70.8,435.8,0,0,0,0,0,0,99.3,0,0,0,0,0,0,87.8,0,0,0,0,0,0,167.6,222.8444444,124.2266667,314.2804918,0.264947777
JVASP-59283,392.1,89.8,118.9,0,0,0,89.8,278.9,103.6,0,0,0,118.9,103.6,217,0,0,0,0,0,0,72.3,0,0,0,0,0,0,80.1,0,0,0,0,0,0,111.9,168.0666667,91.24,231.7775494,0.270153164
JVASP-21026,336,101.1,89.8,0,0,0,101.1,212.8,84,0,0,0,89.8,84,281.9,0,0,0,0,0,0,78.2,0,0,0,0,0,0,110.4,0,0,0,0,0,0,90.6,153.3888889,92.89333333,231.872214,0.248056269
JVASP-139432,380.7,9.1,18.7,0,0,0,9.1,380.7,18.7,0,0,0,18.7,18.7,78.8,0,0,0,0,0,0,-39.5,0,0,0,0,0,0,-37.4,0,0,0,0,0,0,-37.4,103.6888889,30.05333333,82.21672921,0.367847092
JVASP-139433,-28,-27,-33.8,0,0,0,-27,37.1,-18.1,0,0,0,-33.8,-18.1,29.4,0,0,0,0,0,0,-291.7,0,0,0,0,0,0,-59.5,0,0,0,0,0,0,-6.3,-13.25555556,-63.67333333,-73.43608533,-0.4233372
JVASP-139434,-1.9,343.5,2.6,0,0,0,343.5,-1.9,2.6,0,0,0,2.6,2.6,129.9,0,0,0,0,0,0,-172.7,0,0,0,0,0,0,6,0,0,0,0,0,0,6,91.5,-46.98,-170.0423259,0.809731013
JVASP-134799,278,12.7,103.8,0,0,0,12.7,53.9,3.6,0,0,0,103.8,3.6,611.5,0,0,0,0,0,0,-9.6,0,0,0,0,0,0,-0.1,0,0,0,0,0,0,154.5,131.5111111,83.84666667,207.4520562,0.237091852
JVASP-134800,229.3,274.4,3.5,0,0,0,274.4,229.3,3.5,0,0,0,3.5,3.5,51,0,0,0,0,0,0,-22.6,0,0,0,0,0,0,-8.3,0,0,0,0,0,0,-8.3,119.1555556,7.373333333,21.67295984,0.469685342
JVASP-134803,19.8,82.5,36.8,0,-37.4,0,82.5,19.8,36.8,0,37.4,0,36.8,36.8,490.8,0,0,0,0,0,0,-31.4,0,-37.4,-37.4,37.4,0,0,-131.5,0,0,0,0,-37.4,0,-131.5,93.62222222,-33.92666667,-115.7633811,0.706082449
JVASP-134806,192.1,183.5,143.3,0,0,0,183.5,192.1,143.3,0,0,0,143.3,143.3,538.1,0,0,0,0,0,0,-5.1,0,0,0,0,0,0,119.3,0,0,0,0,0,0,119.3,206.9444444,76.84666667,205.1469394,0.334780988
JVASP-134807,-177.1,-127.2,282.5,0,-30.4,0,-127.2,-177.1,282.5,0,30.4,0,282.5,282.5,120.5,0,0,0,0,0,0,-24.9,0,-30.4,-30.4,30.4,0,0,-133.3,0,0,0,0,-30.4,0,-133.3,71.32222222,-103.0666667,-596.5599038,1.894048693
JVASP-103521,261.8,132.4,114.9,0,0,0,132.4,261.8,114.9,0,0,0,114.9,114.9,352.7,0,0,0,0,0,0,64.7,0,0,0,0,0,0,162.6,0,0,0,0,0,0,162.6,177.8555556,112.2533333,278.2259928,0.239277198
JVASP-44489,266.6,100.3,74.4,0,0,0,100.3,300.5,93.9,0,0,0,74.4,93.9,291.1,0,0,0,0,0,0,85.9,0,0,0,0,0,0,73.6,0,0,0,0,0,0,80.5,155.0444444,87.30666667,220.5266141,0.262942582
JVASP-134838,0.1,-0.3,-0.2,0,0.1,0,-0.3,-13,-0.6,0,3.1,0,-0.2,-0.6,-0.2,0,2.5,0,0,0,0,-6.6,0,0.8,0.1,3.1,2.5,0,-3.2,0,0,0,0,0.8,0,-3.5,-1.7,-3.46,-6.184345794,-0.106308411
JVASP-121170,266.7,246.1,2.4,0,0,0,246.1,266.7,2.4,0,0,0,2.4,2.4,19.7,0,0,0,0,0,0,10.3,0,0,0,0,0,0,-11.4,0,0,0,0,0,0,-11.4,117.2111111,17.64666667,50.41017295,0.428319974
JVASP-121174,0.2,7.4,-1.3,0,-4.8,0,7.4,-7.7,1.6,0,2.5,0,-1.3,1.6,-5.9,0,-0.8,0,0,0,0,-2.8,0,0.2,-4.8,2.5,-0.8,0,-5,0,0,0,0,0.2,0,0.7,0.222222222,-2.826666667,2.617283951,-1.462962963
JVASP-121175,-176.7,-117.9,-74.8,87.4,-60.9,24.8,-117.9,-344,-208.3,67.4,-109.6,41.8,-74.8,-208.3,-292.9,57,-99.4,40.8,87.4,67.4,57,-54,28.2,-11.3,-60.9,-109.6,-99.4,28.2,-101.1,20.6,24.8,41.8,40.8,-11.3,20.6,-47.4,-179.5111111,-68.00666667,-181.1448061,0.331816533
JVASP-121176,181.4,109.3,73.5,0,0,0,109.3,228,301.9,0,0,0,73.5,301.9,14.9,0,0,0,0,0,0,6.2,0,0,0,0,0,0,-119.3,0,0,0,0,0,0,-136.5,154.8555556,-53.94666667,-183.1023071,0.697067849
JVASP-121177,150.5,256.3,53.9,0,0,0,256.3,150.5,53.9,0,0,0,53.9,53.9,630.2,0,0,0,0,0,0,-52.9,0,0,0,0,0,0,36.2,0,0,0,0,0,0,36.2,184.3777778,41.70666667,116.3473248,0.394828862
JVASP-5353,65.7,0.3,7.4,0,0,0,0.3,66,7.9,0,0,0,7.4,7.9,12.7,0,0,0,0,0,0,0.3,0,0,0,0,0,0,6.8,0,0,0,0,0,0,5.6,19.51111111,11.12666667,28.04827256,0.260407695
JVASP-135456,12.2,19.3,42.9,0,0,0,19.3,12.2,42.9,0,0,0,42.9,42.9,117.2,0,0,0,0,0,0,2.5,0,0,0,0,0,0,-0.2,0,0,0,0,0,0,-0.2,39.08888889,2.853333333,8.356665557,0.464368964
JVASP-135459,42.5,99.6,-7.4,0,-38.2,0,99.6,2.9,123.4,0,50,0,-7.4,123.4,35.7,0,-41.6,0,0,0,0,10,0,-21.2,-38.2,50,-41.6,0,-32.5,0,0,0,0,-21.2,0,11.5,56.92222222,-11.16666667,-35.84388053,0.604949875
JVASP-85370,717.9,24.8,189.2,0,0,0,24.8,388,119.1,0,0,0,189.2,119.1,608.1,0,0,0,0,0,0,97,0,0,0,0,0,0,144.1,0,0,0,0,0,0,288.5,264.4666667,197.98,475.3293349,0.200447861
JVASP-4828,397,110.7,52.5,0,0,0,110.7,230.5,46,0,0,0,52.5,46,194.8,0,0,0,0,0,0,97.3,0,0,0,0,0,0,117.2,0,0,0,0,0,0,84.7,137.8555556,100.7133333,242.9708187,0.206249514
JVASP-13743,396.9,110.7,52.4,0,0,0,110.7,230.5,45.8,0,0,0,52.4,45.8,194.5,0,0,0,0,0,0,97.3,0,0,0,0,0,0,117.2,0,0,0,0,0,0,84.6,137.7444444,100.6866667,242.880722,0.206121575
JVASP-57788,65.4,13,15.3,0,-10.9,0,13,65.4,15.3,0,10.9,0,15.3,15.3,88.6,0,0,0,0,0,0,26.2,0,-10.9,-10.9,10.9,0,0,41.6,0,0,0,0,-10.9,0,41.6,34.06666667,33.6,75.85979381,0.128865979
JVASP-4564,63.3,-23.8,16.5,-2.7,0,0,-23.8,63.3,16.5,2.7,0,0,16.5,16.5,64.5,0,0,0,-2.7,2.7,0,21.3,0,0,0,0,0,0,18.5,0,0,0,0,0,0,18.5,23.27777778,23.78666667,53.2290821,0.118884854
JVASP-57860,60.1,-13.7,18.6,0,-2.8,0,-13.7,47.5,2.1,0,1,0,18.6,2.1,62.2,0,-0.9,0,0,0,0,18.1,0,0.7,-2.8,1,-0.9,0,9.8,0,0,0,0,0.7,0,21.2,20.42222222,20.67333333,46.37245139,0.121552355
JVASP-57747,65.6,13.2,15.5,0,-10.8,0,13.2,65.6,15.5,0,10.8,0,15.5,15.5,88.7,0,0,0,0,0,0,26.2,0,-10.8,-10.8,10.8,0,0,41.8,0,0,0,0,-10.8,0,41.8,34.25555556,33.67333333,76.08830744,0.129800645
JVASP-57748,40.3,8.8,-1.6,0,0,0,8.8,42.2,-1.2,0,0,0,-1.6,-1.2,36.1,0,0,0,0,0,0,21.7,0,0,0,0,0,0,49,0,0,0,0,0,0,52.6,14.51111111,32.16666667,55.49493615,-0.137384412
JVASP-114355,63.8,325.6,6.8,0,0,0,325.6,63.8,6.8,0,0,0,6.8,6.8,99.9,0,0,0,0,0,0,-130.9,0,0,0,0,0,0,-0.2,0,0,0,0,0,0,-0.2,100.6555556,-33.70666667,-113.8256517,0.688473869
JVASP-113674,-125,76.3,-11.6,3.8,-5.7,-27.7,76.3,-172.4,78.7,-25.8,-80.3,-5.1,-11.6,78.7,-128,-7.1,30.7,-15,3.8,-25.8,-7.1,-68.8,-7.7,34.2,-5.7,-80.3,30.7,-7.7,-75.8,-0.7,-27.7,-5.1,-15,34.2,-0.7,-109.9,-15.4,-88.82,-91.17502592,-0.486742705
JVASP-149360,21.3,140.3,55.5,-24.4,-23.2,16.8,140.3,-156.8,246.9,15.1,184,-4.3,55.5,246.9,-22.9,-28.2,-109.7,-2.2,-24.4,15.1,-28.2,-54,-57.8,-42,-23.2,184,-109.7,-57.8,-132.4,-4,16.8,-4.3,-2.2,-42,-4,-82.5,80.77777778,-93.85333333,-459.5324174,1.448141164
JVASP-151876,178.8,107.5,84.8,0,0,0,107.5,178.8,84.8,0,0,0,84.8,84.8,199.8,0,0,0,0,0,0,35.7,0,0,0,0,0,0,32.7,0,0,0,0,0,0,32.7,123.5111111,38.90666667,105.6287873,0.357463853
JVASP-93287,53.2,-8.6,20.2,-0.1,0,0,-8.6,53.2,20.2,0.1,0,0,20.2,20.2,49.5,0,0,0,-0.1,0.1,0,16.5,0,0,0,0,0,0,17,0,0,0,0,0,0,17,24.38888889,18.37333333,44.05666011,0.19892943
JVASP-9704,55,19.3,20.7,0,-2.2,0,19.3,55,20.7,0,2.2,0,20.7,20.7,92.7,0,0,0,0,0,0,17.8,0,-2.2,-2.2,2.2,0,0,31.9,0,0,0,0,-2.2,0,31.9,36.01111111,25.78666667,62.4529866,0.210955014
JVASP-120119,400.8,16.7,27.4,0,0,0,16.7,400.8,27.4,0,0,0,27.4,27.4,72.9,0,0,0,0,0,0,13.4,0,0,0,0,0,0,-11.5,0,0,0,0,0,0,-11.5,113.0555556,51.61333333,134.3890851,0.301883413
JVASP-120120,6.4,66.4,56.5,6.1,0,0,66.4,-136.4,51.1,6.1,0,0,56.5,51.1,-5.6,-23.6,0,0,6.1,6.1,-23.6,-32.1,0,0,0,0,0,0,-69.1,-31.1,0,0,0,0,-31.1,-64.4,23.6,-53.76,-670.1070423,5.232394366
JVASP-120121,-4.9,-11.6,-11,0,3.6,0,-11.6,-390.6,-181.6,0,84.2,0,-11,-181.6,-113.1,0,42.4,0,0,0,0,-6.6,0,0.8,3.6,84.2,42.4,0,-22,0,0,0,0,0.8,0,0.8,-101.8888889,-25.85333333,-71.51154279,0.383023649
JVASP-120122,353.1,50.6,109.1,-134.5,0,0,50.6,-66.2,-104.5,-237.2,0,0,109.1,-104.5,-655,-481.2,0,0,-134.5,-237.2,-481.2,-517.4,0,0,0,0,0,0,-159.9,-71.4,0,0,0,0,-71.4,-107.1,-28.63333333,-185.1,-176.0157565,-0.524538745
JVASP-30671,-8469.8,8785.2,44.4,0,0,0,8785.2,-8469.8,44.4,0,0,0,44.4,44.4,107.7,0,0,0,0,0,0,-8627.5,0,0,0,0,0,0,1.4,0,0,0,0,0,0,1.4,101.7888889,-3438.666667,1005.381717,-1.146187725
JVASP-11344,100.5,307.6,55.9,0,0,0,307.6,100.5,55.9,0,0,0,55.9,55.9,186.6,0,0,0,0,0,0,-103.5,0,0,0,0,0,0,39.8,0,0,0,0,0,0,39.8,136.2666667,-6.9,-21.05538691,0.525752675
JVASP-53148,557.2,16.9,92.1,0,0,0,16.9,349.6,166.7,0,0,0,92.1,166.7,463.6,0,0,0,0,0,0,59.2,0,0,0,0,0,0,147,0,0,0,0,0,0,110.5,213.5333333,136.32,337.2030273,0.236806878
JVASP-113690,64.2,14.8,2.8,0,0,0,14.8,64.2,2.8,0,0,0,2.8,2.8,103.4,0,0,0,0,0,0,2.6,0,0,0,0,0,0,-5.9,0,0,0,0,0,0,-5.9,30.28888889,12.25333333,32.39195759,0.321761055
JVASP-113692,334,127.5,127.5,0,0,0,127.5,334,127.5,0,0,0,127.5,127.5,334,0,0,0,0,0,0,133,0,0,0,0,0,0,133,0,0,0,0,0,0,133,196.3333333,121.1,301.3430503,0.244190959
JVASP-136532,101.3,5.2,22,0,0,0,5.2,101.3,22,0,0,0,22,22,60.5,0,0,0,0,0,0,3.3,0,0,0,0,0,0,3.7,0,0,0,0,0,0,3.7,40.16666667,16.4,43.30606282,0.320306793
JVASP-136533,-31.7,-1,37.6,0,2.6,0,-1,-31.7,37.6,0,-2.6,0,37.6,37.6,12.8,0,0,0,0,0,0,-15.3,0,2.6,2.6,-2.6,0,0,-13.8,0,0,0,0,2.6,0,-13.8,10.86666667,-16.9,-105.2751592,2.114649682
JVASP-34725,55.1,0.3,10,0,0,0,0.3,55.1,10,0,0,0,10,10,101,0,0,0,0,0,0,12.4,0,0,0,0,0,0,17.9,0,0,0,0,0,0,17.9,27.97777778,22.36666667,52.98143619,0.184383819
JVASP-136525,103.4,9.9,8.9,0,0,0,9.9,47.4,0.7,0,0,0,8.9,0.7,42.9,0,0,0,0,0,0,-3.1,0,0,0,0,0,0,-11.2,0,0,0,0,0,0,6.5,25.85555556,10.05333333,26.69950544,0.327893175
JVASP-136526,52,87.1,25.6,0,0,0,87.1,52,25.6,0,0,0,25.6,25.6,91.5,0,0,0,0,0,0,-17.5,0,0,0,0,0,0,6.2,0,0,0,0,0,0,6.2,52.45555556,2.793333333,8.233845321,0.473838661
JVASP-136527,-0.4,17.4,29.3,0,0,0,17.4,-0.4,29.3,0,0,0,29.3,29.3,115.2,0,0,0,0,0,0,1.4,0,0,0,0,0,0,-2.8,0,0,0,0,0,0,-2.8,29.6,1.72,5.06195316,0.471498011
JVASP-136529,2,38,55.1,0,6.8,0,38,2,55.1,0,-6.8,0,55.1,55.1,-26.7,0,0,0,0,0,0,-18,0,6.8,6.8,-6.8,0,0,-21.8,0,0,0,0,6.8,0,-21.8,30.41111111,-23.71333333,-96.12469392,1.026806872
JVASP-136530,127.6,57.3,57.3,0,0,0,57.3,127.6,57.3,0,0,0,57.3,57.3,127.6,0,0,0,0,0,0,40.6,0,0,0,0,0,0,40.6,0,0,0,0,0,0,40.6,80.73333333,38.42,99.47962369,0.294633312
JVASP-17350,226.5,47,47,0,0,0,47,226.5,47,0,0,0,47,47,226.5,0,0,0,0,0,0,31.9,0,0,0,0,0,0,31.9,0,0,0,0,0,0,31.9,106.8333333,55.04,140.9196357,0.280156575
JVASP-8575,333.3,131.7,131.7,0,0,0,131.7,333.3,131.7,0,0,0,131.7,131.7,333.3,0,0,0,0,0,0,142.8,0,0,0,0,0,0,142.8,0,0,0,0,0,0,142.8,198.9,126,312.0971357,0.238480697
JVASP-11273,83.1,316.5,52.8,0,0,0,316.5,83.1,52.8,0,0,0,52.8,52.8,173,0,0,0,0,0,0,-116.7,0,0,0,0,0,0,34.9,0,0,0,0,0,0,34.9,131.4888889,-14.90666667,-46.47631292,0.558910317
JVASP-138786,-6.4,-0.3,-0.5,0,-0.1,0,-0.3,-8.9,-0.1,0,2.9,0,-0.5,-0.1,-4.1,0,7.9,0,0,0,0,-3.8,0,1.2,-0.1,2.9,7.9,0,-11.2,0,0,0,0,1.2,0,-8.4,-2.355555556,-5.913333333,-9.658140729,-0.183359014
JVASP-138788,66.1,-3.3,7,0,0,0,-3.3,66.1,7,0,0,0,7,7,85.9,0,0,0,0,0,0,-3.8,0,0,0,0,0,0,-4.5,0,0,0,0,0,0,-4.5,26.61111111,11.26666667,29.61983169,0.314489572
JVASP-138789,329.6,6,51.6,0,0,0,6,329.6,51.6,0,0,0,51.6,51.6,107.3,0,0,0,0,0,0,-20.4,0,0,0,0,0,0,16.7,0,0,0,0,0,0,16.7,109.4333333,46.42,122.0085877,0.314181255
JVASP-138790,-6.2,27.6,41.3,0,-31.1,0,27.6,-6.2,41.3,0,31.1,0,41.3,41.3,105.6,0,0,0,0,0,0,-16.9,0,-31.1,-31.1,31.1,0,0,-117.2,0,0,0,0,-31.1,0,-117.2,34.84444444,-51.39333333,-303.2922343,1.950696274
JVASP-138801,331.8,132.7,132.7,0,0,0,132.7,331.8,132.7,0,0,0,132.7,132.7,331.8,0,0,0,0,0,0,143.8,0,0,0,0,0,0,143.8,0,0,0,0,0,0,143.8,199.0666667,126.1,312.3472418,0.238490253
JVASP-139452,301.4,130.4,130.4,0,0,0,130.4,301.4,130.4,0,0,0,130.4,130.4,301.4,0,0,0,0,0,0,121.3,0,0,0,0,0,0,121.3,0,0,0,0,0,0,121.3,187.4,106.98,269.6321886,0.26019905
JVASP-139453,248,39.7,64,0,21.1,0,39.7,53.2,46.7,0,15.5,0,64,46.7,259.1,0,67.4,0,0,0,0,38.3,0,32.9,21.1,15.5,67.4,0,43,0,0,0,0,32.9,0,76.9,95.67777778,58.96666667,146.7520135,0.244364162
JVASP-139454,-1.3,-1.8,1.2,0,0.3,0,-1.8,4.3,1.8,0,-1.1,0,1.2,1.8,-12.3,0,4.1,0,0,0,0,-6.5,0,0.3,0.3,-1.1,4.1,0,-3.7,0,0,0,0,0.3,0,-0.7,-0.766666667,-2.88,-3.836293436,-0.333976834
JVASP-113683,18.2,53,17.1,0,0,0,53,18.2,17.1,0,0,0,17.1,17.1,129.5,0,0,0,0,0,0,1.7,0,0,0,0,0,0,-26.4,0,0,0,0,0,0,-26.4,37.81111111,-4.973333333,-15.60414285,0.568781117
JVASP-110231,235.7,97.3,82.1,0,-0.5,0,97.3,235.7,82.1,0,0.5,0,82.1,82.1,292.2,0,0,0,0,0,0,69.2,0,-0.5,-0.5,0.5,0,0,58.5,0,0,0,0,-0.5,0,58.5,142.9555556,70.71333333,182.1125239,0.287681653
JVASP-108770,73.5,18.1,31,0,0,0,18.1,73.5,31,0,0,0,31,31,62,0,0,0,0,0,0,15.1,0,0,0,0,0,0,28.1,0,0,0,0,0,0,28.1,41.02222222,22.85333333,57.82244152,0.265076754
JVASP-17699,37.2,14.7,16.3,0,0,0,14.7,37.2,16.3,0,0,0,16.3,16.3,61.3,0,0,0,0,0,0,14.2,0,0,0,0,0,0,16.3,0,0,0,0,0,0,16.3,25.58888889,15.25333333,38.1747736,0.2513584
JVASP-10206,269.5,146.4,124.5,0,0,0,146.4,269.5,124.5,0,0,0,124.5,124.5,271.2,0,0,0,0,0,0,61.6,0,0,0,0,0,0,90,0,0,0,0,0,0,90,177.8888889,75.97333333,199.5166109,0.313070009
JVASP-114966,233.3,28.6,16,0,0,0,28.6,233.3,16,0,0,0,16,16,43.7,0,0,0,0,0,0,-0.9,0,0,0,0,0,0,-10.1,0,0,0,0,0,0,-10.1,70.16666667,25.76,68.85397443,0.336451367
JVASP-2280,38.6,18.5,15.6,0,0,0,18.5,38.6,15.6,0,0,0,15.6,15.6,64.2,0,0,0,0,0,0,13.1,0,0,0,0,0,0,15.5,0,0,0,0,0,0,15.5,26.75555556,14.93333333,37.77254902,0.264705882
JVASP-8211,47.2,20.5,16.7,0,0,0,20.5,47.2,16.7,0,0,0,16.7,16.7,88.6,0,0,0,0,0,0,11.7,0,0,0,0,0,0,13.7,0,0,0,0,0,0,13.7,32.31111111,16.42666667,42.13897906,0.282639379
JVASP-7795,132.4,73.2,60.4,0,-17.8,0,73.2,132.3,60.5,0,17.8,0,60.4,60.5,145.2,0,0,0,0,0,0,29.6,0,-17.8,-17.8,17.8,0,0,17.2,0,0,0,0,-17.8,0,17.3,88.67777778,27.20666667,74.04733552,0.360830719
JVASP-139002,217.1,5.9,16.7,0,0,0,5.9,217.1,16.7,0,0,0,16.7,16.7,56.8,0,0,0,0,0,0,-7.9,0,0,0,0,0,0,-10.1,0,0,0,0,0,0,-10.1,63.28888889,24.49333333,65.08398333,0.328606083
JVASP-139003,-121.3,-19.8,104.7,0,15.2,0,-19.8,-121.3,104.7,0,-15.2,0,104.7,104.7,-27.2,0,0,0,0,0,0,-50.8,0,15.2,15.2,-15.2,0,0,-35.8,0,0,0,0,15.2,0,-35.8,12.15555556,-55.10666667,323.4264664,-3.934549356
JVASP-75738,3.15469,0,1.577345,0,3.15469,4.732035,0,0,4.732035,0,0,4.732035,0,0,1.577345,3.15469,3.15469,4.732035,1.577345,3.15469,0,4.732035,0,3.15469,1.577345,3.15469,3.15469,1.577345,3.15469,3.15469,4.732035,3.15469,3.15469,1.577345,0,0,1.927866111,1.472188667,3.520451159,0.195652174
JVASP-114280,-82.4,66.2,9.6,-38.3,0,0,66.2,-68.5,72.5,-36.8,0,0,9.6,72.5,-146.5,-22.1,0,0,-38.3,-36.8,-22.1,-46,0,0,0,0,0,0,-69.9,-26.6,0,0,0,0,-26.6,-66.5,-0.088888889,-66.19333333,-0.796790049,-0.993981342
JVASP-114281,270.4,57,69.4,0,0,0,57,369,69.6,0,0,0,69.4,69.6,7,0,0,0,0,0,0,-31.7,0,0,0,0,0,0,-101.5,0,0,0,0,0,0,-34.8,115.3777778,-3.573333333,-10.83182314,0.515646894
JVASP-114282,-0.3,-0.5,-0.8,0,0,0,-0.5,-5.8,0.6,0,2.8,0,-0.8,0.6,-2.5,0,-1.2,0,0,0,0,-1.8,0,0.1,0,2.8,-1.2,0,-3.6,0,0,0,0,0.1,0,1.5,-1.111111111,-1.306666667,-2.816091954,0.077586207
JVASP-120197,195.6,-4.6,30.4,0,0,0,-4.6,195.6,30.4,0,0,0,30.4,30.4,77.5,0,0,0,0,0,0,-0.4,0,0,0,0,0,0,18.2,0,0,0,0,0,0,18.2,64.56666667,34.7,88.28445709,0.272110333
JVASP-121052,169.7,68.5,2.7,0,0,0,68.5,169.7,2.7,0,0,0,2.7,2.7,-21.3,0,0,0,0,0,0,33,0,0,0,0,0,0,16.4,0,0,0,0,0,0,16.4,51.76666667,29.44,74.24540435,0.260961351
JVASP-121053,42.6,21.2,34.4,0,0,0,21.2,48.5,26.2,0,0,0,34.4,26.2,39.3,0,0,0,0,0,0,-5.2,0,0,0,0,0,0,-71.8,0,0,0,0,0,0,-19.4,32.66666667,-16.04,-57.53733529,0.793557833
JVASP-34292,38.1,19,9.7,0,0,0,19,42.7,10.9,0,0,0,9.7,10.9,39.3,0,0,0,0,0,0,24.5,0,0,0,0,0,0,39.6,0,0,0,0,0,0,42.1,22.14444444,26.60666667,56.99385927,0.071044712
JVASP-9381,228.1,104.1,125.6,0,10.9,0,104.1,228.1,125.6,0,-10.9,0,125.6,125.6,276.2,0,0,0,0,0,0,62,0,10.9,10.9,-10.9,0,0,61.2,0,0,0,0,10.9,0,61.2,160.3333333,62.02,164.8095098,0.328680343
JVASP-53194,53.9,-6.2,24.7,-1.2,0,0,-6.2,53.9,24.7,1.2,0,0,24.7,24.7,58.1,0,0,0,-1.2,1.2,0,16.3,0,0,0,0,0,0,21.8,0,0,0,0,0,0,21.8,28.03333333,20.16,48.78542106,0.20995588
JVASP-9580,65.8,23.8,27.4,0,-1.8,0,23.8,65.8,27.4,0,1.8,0,27.4,27.4,105.1,0,0,0,0,0,0,21,0,-1.8,-1.8,1.8,0,0,34.9,0,0,0,0,-1.8,0,34.9,43.76666667,28.7,70.6558125,0.2309375
JVASP-35727,83.3,21.4,33.7,0,0,0,21.4,83.3,33.7,0,0,0,33.7,33.7,70.6,0,0,0,0,0,0,17.7,0,0,0,0,0,0,29.5,0,0,0,0,0,0,29.5,46.08888889,25.23333333,64.01704383,0.268501529
JVASP-61798,53.6,23.7,24.9,0,3.1,0,23.7,53.6,24.9,0,-3.1,0,24.9,24.9,97.2,0,0,0,0,0,0,15,0,3.1,3.1,-3.1,0,0,24.9,0,0,0,0,3.1,0,24.9,39.04444444,21.68666667,54.89623013,0.265667771
JVASP-9574,54.1,24.1,25.4,0,3.1,0,24.1,54.1,25.4,0,-3.1,0,25.4,25.4,97.3,0,0,0,0,0,0,15,0,3.1,3.1,-3.1,0,0,25,0,0,0,0,3.1,0,25,39.47777778,21.70666667,55.03338566,0.267660911
JVASP-137168,30.2,40.4,102.4,0,0,0,40.4,158.6,129.6,0,0,0,102.4,129.6,86.5,0,0,0,0,0,0,-1.7,0,0,0,0,0,0,-138.4,0,0,0,0,0,0,-176,91.12222222,-63.02666667,-245.7362809,0.949462775
JVASP-137170,306.5,109.6,109.6,0,0,0,109.6,306.5,109.6,0,0,0,109.6,109.6,306.5,0,0,0,0,0,0,70,0,0,0,0,0,0,70,0,0,0,0,0,0,70,175.2333333,81.38,211.4126606,0.298922712
JVASP-139674,-3.3,-0.4,-0.7,0,0.1,0,-0.4,0.4,3.5,0,-1.3,0,-0.7,3.5,-14.9,0,2.1,0,0,0,0,-7.2,0,0.8,0.1,-1.3,2.1,0,-2,0,0,0,0,0.8,0,-1.9,-1.444444444,-3.566666667,-5.869198312,-0.17721519
JVASP-139675,89.9,-0.5,-0.5,0,0,0,-0.5,89.9,-0.5,0,0,0,-0.5,-0.5,47.3,0,0,0,0,0,0,2.2,0,0,0,0,0,0,-2.1,0,0,0,0,0,0,-2.1,24.9,14.84,37.141434,0.251396024
JVASP-139676,-22.3,55.3,23.9,1,0,0,55.3,-135,6.9,-3.6,0,0,23.9,6.9,-71,-29.4,0,0,1,-3.6,-29.4,-53.6,0,0,0,0,0,0,-119.2,27.7,0,0,0,0,27.7,-97,-6.233333333,-74.92,-44.89438154,-0.700384533
JVASP-101719,212.4,65.5,143.4,0,0,0,65.5,347.9,278.2,0,0,0,143.4,278.2,258.3,0,0,0,0,0,0,-208.7,0,0,0,0,0,0,-530.3,0,0,0,0,0,0,-14.3,199.2,-128.56,-491.3917107,0.911137643
JVASP-25790,55,1.8,9.1,0,0,0,1.8,55,9.1,0,0,0,9.1,9.1,92.8,0,0,0,0,0,0,13.1,0,0,0,0,0,0,15.4,0,0,0,0,0,0,15.4,26.97777778,20.96666667,49.95786719,0.191364082
JVASP-115669,120.3,48.5,48.5,0,0,0,48.5,120.3,48.5,0,0,0,48.5,48.5,120.3,0,0,0,0,0,0,27.6,0,0,0,0,0,0,27.6,0,0,0,0,0,0,27.6,72.43333333,30.92,81.20517283,0.313149625
JVASP-8569,304,121.1,121.1,0,0,0,121.1,304,121.1,0,0,0,121.1,121.1,304,0,0,0,0,0,0,98,0,0,0,0,0,0,98,0,0,0,0,0,0,98,182.0666667,95.38,243.6012157,0.277003647
JVASP-115665,48.3,6.2,1.9,0,0,0,6.2,48.3,1.9,0,0,0,1.9,1.9,97.4,0,0,0,0,0,0,2,0,0,0,0,0,0,-2.2,0,0,0,0,0,0,-2.2,23.77777778,11.78666667,30.34584536,0.287295476
JVASP-115666,26.6,21.3,37.9,0,-22,0,21.3,26.6,37.9,0,22,0,37.9,37.9,74.9,0,0,0,0,0,0,2.7,0,-22,-22,22,0,0,-34.6,0,0,0,0,-22,0,-34.6,35.81111111,-11.23333333,-37.63516979,0.675155925
JVASP-115668,-1637,-111.5,941.2,0,0,0,-111.5,201,102.1,0,0,0,941.2,102.1,-289.6,0,0,0,0,0,0,-51.6,0,0,0,0,0,0,-64.7,0,0,0,0,0,0,-82.3,15.33333333,-216.88,175.1488764,-1.403792135
JVASP-12912,54.8,13,11.7,0,0,0,13,54.8,11.7,0,0,0,11.7,11.7,42.5,0,0,0,0,0,0,10.8,0,0,0,0,0,0,18.5,0,0,0,0,0,0,18.5,24.98888889,17.27333333,42.11592223,0.219102342
JVASP-12741,61.9,14.9,15.8,0,0,0,14.9,61.9,15.8,0,0,0,15.8,15.8,54.8,0,0,0,0,0,0,15.8,0,0,0,0,0,0,22.3,0,0,0,0,0,0,22.3,30.17777778,20.88666667,50.91382756,0.218811703
JVASP-12968,244.8,159.2,134.6,0,0,0,159.2,244.8,134.6,0,0,0,134.6,134.6,414.8,0,0,0,0,0,0,184.8,0,0,0,0,0,0,101.5,0,0,0,0,0,0,101.5,195.6888889,109.2933333,276.4194076,0.264575794
JVASP-8552,36,17,14.8,0,0,0,17,36,14.8,0,0,0,14.8,14.8,56.6,0,0,0,0,0,0,13.3,0,0,0,0,0,0,14,0,0,0,0,0,0,14,24.64444444,13.72666667,34.73162978,0.265115218
JVASP-8518,43.8,17.8,16.1,0,0,0,17.8,43.8,16.1,0,0,0,16.1,16.1,75.2,0,0,0,0,0,0,11.4,0,0,0,0,0,0,11.9,0,0,0,0,0,0,11.9,29.2,14.56,37.45465936,0.286217698
JVASP-8539,85,36.2,34.5,0,-6.5,0,36.2,85,34.5,0,6.5,0,34.5,34.5,79.2,0,0,0,0,0,0,24.4,0,-6.5,-6.5,6.5,0,0,25.6,0,0,0,0,-6.5,0,25.6,51.06666667,24.72,63.85629496,0.291591727
JVASP-7939,83.6,37.3,32.7,0,0,0,37.3,83.6,32.7,0,0,0,32.7,32.7,82.4,0,0,0,0,0,0,23.1,0,0,0,0,0,0,23,0,0,0,0,0,0,23,50.55555556,23.61333333,61.29659212,0.297923323
JVASP-115149,17.5,42.6,1.4,0,0,0,42.6,17.5,1.4,0,0,0,1.4,1.4,45.2,0,0,0,0,0,0,-0.9,0,0,0,0,0,0,-1.4,0,0,0,0,0,0,-1.4,19,1.58,4.612154319,0.459542506
JVASP-150032,90,34.5,24.6,0,0,0,34.5,90,24.6,0,0,0,24.6,24.6,94.3,0,0,0,0,0,0,27.8,0,0,0,0,0,0,1.6,0,0,0,0,0,0,1.6,49.07777778,18.90666667,50.2652863,0.32930059
JVASP-150059,19.3,18.6,34,-4,3.1,-0.7,18.6,20,23.4,-4.5,-1.8,-1.2,34,23.4,-5.8,11.3,-6.1,-1.7,-4,-4.5,11.3,-24.3,1.6,-10.3,3.1,-1.8,-6.1,1.6,-2,1.1,-0.7,-1.2,-1.7,-10.3,1.1,-22.4,20.61111111,-12.57333333,-47.34781432,0.882866423
JVASP-149844,19.2,18.6,34,-4,3.1,-0.7,18.6,20,23.4,-4.5,-1.8,-1.2,34,23.4,-5.9,11.3,-6.1,-1.7,-4,-4.5,11.3,-24.4,1.6,-10.3,3.1,-1.8,-6.1,1.6,-2,1.1,-0.7,-1.2,-1.7,-10.3,1.1,-22.4,20.58888889,-12.60666667,-47.51861947,0.884662327
JVASP-115147,68,13.9,12.6,0,0,0,13.9,68,12.6,0,0,0,12.6,12.6,96.7,0,0,0,0,0,0,8.8,0,0,0,0,0,0,-2,0,0,0,0,0,0,-2,34.54444444,13.86666667,36.69060993,0.322978723
JVASP-9706,165.9,108.1,108.5,0,-22.7,0,108.1,214.4,108.6,0,-13.3,0,108.5,108.6,202.8,0,-5.9,0,0,0,0,45,0,-5.1,-22.7,-13.3,-5.9,0,52.4,0,0,0,0,-5.1,0,62.7,137.0555556,49.21333333,131.8576973,0.339654199
JVASP-22635,70.2,23.5,10.5,0,0,-1.9,23.5,70.2,10.5,0,0,1.9,10.5,10.5,28.5,0,0,0,0,0,0,23.4,1.9,0,0,0,0,1.9,7.8,0,-1.9,1.9,0,0,0,7.8,28.65555556,16.09333333,40.66696714,0.263472467
JVASP-9142,216.2,103.3,132.8,0,-27.8,0,103.3,268.1,121,0,-5.4,0,132.8,121,230.9,0,-12,0,0,0,0,48,0,-0.8,-27.8,-5.4,-12,0,72,0,0,0,0,-0.8,0,87.9,158.8222222,65.45333333,172.6435538,0.318829348
JVASP-91736,24,36.3,18.9,0,0,0,36.3,24,18.9,0,0,0,18.9,18.9,81.3,0,0,0,0,0,0,-0.3,0,0,0,0,0,0,-6.2,0,0,0,0,0,0,-6.2,30.83333333,1.14,3.378363947,0.481738573
JVASP-136862,206.1,196.5,10.1,0,0,0,196.5,206.1,10.1,0,0,0,10.1,10.1,18.4,0,0,0,0,0,0,4.8,0,0,0,0,0,0,-10.2,0,0,0,0,0,0,-10.2,96,11.14,32.17543625,0.444139868
JVASP-3465,40.2,9.2,23.5,0.4,0,0,9.2,40.2,23.5,-0.3,0,0,23.5,23.5,37.6,0,0,0,0.4,-0.3,0,13.5,0,0,0,0,0,0,21.6,0,0,0,0,0,0,21.8,25.6,15.5,38.69122427,0.248104009
JVASP-10140,246.6,65.4,82.5,0,0,0,65.4,119.1,46.8,0,0,0,82.5,46.8,154.8,0,0,0,0,0,0,42.9,0,0,0,0,0,0,58.4,0,0,0,0,0,0,69.1,101.1,55.8,141.3879699,0.266917293
JVASP-153711,152.4,56,55.2,-2.1,7.8,-3.2,56,206.5,45.7,-3.8,12.6,-0.2,55.2,45.7,135.1,11,16.1,0.6,-2.1,-3.8,11,38.8,-5.8,7.6,7.8,12.6,16.1,-5.8,43.4,5.3,-3.2,-0.2,0.6,7.6,5.3,50.4,89.75555556,48.99333333,124.3537192,0.269088167
JVASP-107331,46.9,36.9,34.8,0,0,0,36.9,46.9,34.8,0,0,0,34.8,34.8,44.6,0,0,0,0,0,0,6.6,0,0,0,0,0,0,6.5,0,0,0,0,0,0,6.5,39.04444444,6.046666667,17.24954267,0.426367917
JVASP-116209,-4.4,0.8,0.5,0,0,0,0.8,6.4,3.3,0,-1.5,0,0.5,3.3,-4.1,0,2.6,0,0,0,0,-1.1,0,-0.4,0,-1.5,2.6,0,2.1,0,0,0,0,-0.4,0,-1.7,0.788888889,-0.586666667,-2.340074906,0.994382022
JVASP-151676,88.6,24.5,22.6,0,2,0,24.5,65.6,24.8,0,9.3,0,22.6,24.8,65.3,0,10.5,0,0,0,0,20.7,0,3.4,2,9.3,10.5,0,15,0,0,0,0,3.4,0,24.2,40.36666667,21.82,55.46603694,0.270990764
JVASP-57101,211.1,102,103.1,0,0,0,102,230.6,113.7,0,0,0,103.1,113.7,191.5,0,0,0,0,0,0,44.3,0,0,0,0,0,0,66.2,0,0,0,0,0,0,63.7,141.2,55.8,147.9153942,0.325406758
JVASP-136029,268.9,82.4,82.4,0,0,0,82.4,268.9,82.4,0,0,0,82.4,82.4,268.9,0,0,0,0,0,0,41,0,0,0,0,0,0,41,0,0,0,0,0,0,41,144.5666667,61.9,162.5062349,0.312651332
JVASP-1065,51.5,21.1,20,0,0,0,21.1,51.5,20,0,0,0,20,20,44.3,0,0,0,0,0,0,16,0,0,0,0,0,0,17.1,0,0,0,0,0,0,17.1,29.94444444,15.78666667,40.28125986,0.275800038
JVASP-9377,51.6,20.4,21.3,0,0,0,20.4,51.6,21.3,0,0,0,21.3,21.3,42.3,0,0,0,0,0,0,15.7,0,0,0,0,0,0,18.1,0,0,0,0,0,0,18.1,30.16666667,15.88,40.5284828,0.27608573
JVASP-136730,99.9,3.9,8,0,0,0,3.9,99.9,8,0,0,0,8,8,70.5,0,0,0,0,0,0,3.3,0,0,0,0,0,0,-2.7,0,0,0,0,0,0,-2.7,34.45555556,16.27333333,42.17954419,0.295971247
JVASP-11171,43.6,8.6,11.3,-1.8,-1.6,-0.7,8.6,32,14.5,2.5,-7.2,-0.5,11.3,14.5,40.1,1.9,3.4,4.3,-1.8,2.5,1.9,2.7,-0.4,0.4,-1.6,-7.2,3.4,-0.4,11.1,0.8,-0.7,-0.5,4.3,0.4,0.8,5.1,20.5,9.2,24.00848656,0.304809052
JVASP-10107,42.3,8.7,12,-1.4,-1.2,-1,8.7,33.1,16,2.5,-7.7,0.7,12,16,44.2,2.3,2.6,3.6,-1.4,2.5,2.3,2.8,-0.6,-0.1,-1.2,-7.7,2.6,-0.6,12.3,0.7,-1,0.7,3.6,-0.1,0.7,6.6,21.44444444,9.866666667,25.66397125,0.300539084
JVASP-115049,71.8,36.6,33.9,0,0,0,36.6,71.8,33.9,0,0,0,33.9,33.9,72.7,0,0,0,0,0,0,26.8,0,0,0,0,0,0,12.7,0,0,0,0,0,0,12.7,47.23333333,17.9,47.67725564,0.331766917
JVASP-115050,56.5,17.1,10.2,0,0,0,17.1,56.5,10.2,0,0,0,10.2,10.2,79.4,0,0,0,0,0,0,3.8,0,0,0,0,0,0,-3.7,0,0,0,0,0,0,-3.7,29.71111111,9.606666667,26.01602863,0.354061171
JVASP-91346,2.121995791e-314,2.75859452885e-313,5.3049894786e-313,2.121995791e-314,2.75859452885e-313,5.3049894786e-313,6.365987374e-314,3.18299368714e-313,5.7293886369e-313,6.365987374e-314,3.18299368714e-313,5.7293886369e-313,1.0609978957e-313,3.60739284543e-313,6.1537877952e-313,1.0609978957e-313,3.60739284543e-313,6.1537877952e-313,1.48539705397e-313,4.0317920037e-313,6.57818695347e-313,1.48539705397e-313,4.0317920037e-313,6.57818695347e-313,1.90979621226e-313,4.456191162e-313,7.00258611177e-313,1.90979621226e-313,4.456191162e-313,7.00258611177e-313,2.33419537056e-313,4.8805903203e-313,7.42698527006e-313,2.33419537056e-313,4.8805903203e-313,7.42698527006e-313,#VALUE!,#VALUE!,#VALUE!,#VALUE!
JVASP-11170,44.8,7.4,10.4,-1.4,-1.1,-1.2,7.4,33.6,14.3,1.9,-7.8,0.3,10.4,14.3,42.1,2,3.2,3.8,-1.4,1.9,2,3,-0.4,-0.3,-1.1,-7.8,3.2,-0.4,11.6,0.7,-1.2,0.3,3.8,-0.3,0.7,5.9,20.52222222,9.993333333,25.79330166,0.290525433
JVASP-10250,30,12.6,15.1,0,-3.2,0,12.6,26.7,20.2,0,-0.1,0,15.1,20.2,29.2,0,-1.6,0,0,0,0,5.8,0,-1.7,-3.2,-0.1,-1.6,0,8.1,0,0,0,0,-1.7,0,10.9,20.18888889,7.493333333,20.004976,0.334851602
JVASP-10215,42.9,8.7,11.7,-1.1,-1.3,-1.4,8.7,34.2,15.1,1.8,-8,1.1,11.7,15.1,45,2.5,2.5,3.1,-1.1,1.8,2.5,3.2,-0.5,-0.6,-1.3,-8,2.5,-0.5,12.4,0.4,-1.4,1.1,3.1,-0.6,0.4,7.2,21.45555556,10.33333333,26.71173583,0.292503347
JVASP-117927,-6.1,304.4,118.1,0,0,0,304.4,-6.1,118.1,0,0,0,118.1,118.1,247.6,0,0,0,0,0,0,-51.9,0,0,0,0,0,0,17.5,0,0,0,0,0,0,17.5,146.2888889,-23.72666667,-75.24817973,0.585730115
JVASP-91452,39.3,13.6,22.3,0,-9.4,0,13.6,28.3,17.4,0,4.9,0,22.3,17.4,34.9,0,-5.4,0,0,0,0,11.2,0,-1,-9.4,4.9,-5.4,0,15.1,0,0,0,0,-1,0,4.8,23.23333333,9.5,25.08143939,0.320075758
JVASP-53082,36.8,15.9,14.8,-1.1,2.6,-1,15.9,45,23.4,0.7,3.7,3.6,14.8,23.4,42.7,3.1,2.1,-0.6,-1.1,0.7,3.1,5.8,1.9,-1.6,2.6,3.7,2.1,1.9,14.3,1.2,-1,3.6,-0.6,-1.6,1.2,6.1,25.85555556,9.933333333,26.41699048,0.329714286
JVASP-9600,42,19.5,18.7,0,-0.1,0,19.5,42,18.7,0,0.1,0,18.7,18.7,44.6,0,0,0,0,0,0,11.3,0,-0.1,-0.1,0.1,0,0,8.7,0,0,0,0,-0.1,0,8.7,26.93333333,10.52,27.92431012,0.327201051
JVASP-139498,38.5,2.3,-5.7,0,0,0,2.3,38.5,-5.7,0,0,0,-5.7,-5.7,75.8,0,0,0,0,0,0,-2.5,0,0,0,0,0,0,-5.5,0,0,0,0,0,0,-5.5,14.95555556,8.093333333,20.56953676,0.270770393
JVASP-139499,34.8,-7.5,-6.9,0,0,0,-7.5,53.3,30.4,0,0,0,-6.9,30.4,30.9,0,0,0,0,0,0,-2.4,0,0,0,0,0,0,21.1,0,0,0,0,0,0,-3.1,16.77777778,9.986666667,24.99977896,0.251657825
JVASP-139500,187,-228,306,0,0,0,-228,-758,1030.1,0,0,0,306,1030.1,-866,0,0,0,0,0,0,-36.3,0,0,0,0,0,0,-42.6,0,0,0,0,0,0,-32.6,86.57777778,-191.9733333,-2207.580008,4.749704841
JVASP-139503,-91.1,315.3,11.5,-117.9,-2.7,2,315.3,-150.8,12,66.2,-0.3,3.2,11.5,12,13.4,0.5,-0.6,1.1,-117.9,66.2,0.5,-111.8,-0.6,-0.5,-2.7,-0.3,-0.6,-0.6,-96.6,-17.1,2,3.2,1.1,-0.5,-17.1,-76.9,49.9,-94.88,-777.2821598,3.096132798
JVASP-139504,26,-3,12.7,0,0,0,-3,62.3,182.2,0,0,0,12.7,182.2,-97.9,0,0,0,0,0,0,-0.6,0,0,0,0,0,0,34.2,0,0,0,0,0,0,-203.7,41.57777778,-47.45333333,-229.7753278,1.421066253
JVASP-139505,137.7,192.8,7.8,0,0,0,192.8,137.7,7.8,0,0,0,7.8,7.8,23,0,0,0,0,0,0,-27.6,0,0,0,0,0,0,-8.6,0,0,0,0,0,0,-8.6,79.46666667,-2.96,-8.991641182,0.518858308
JVASP-113737,39.5,37.3,6.6,0,0,0,37.3,39.5,6.6,0,0,0,6.6,6.6,77.3,0,0,0,0,0,0,4.6,0,0,0,0,0,0,-4.9,0,0,0,0,0,0,-4.9,28.58888889,6.013333333,16.85803734,0.401721508
JVASP-10227,44.5,8.2,9.6,0,0,0,8.2,25.8,15.8,0,0,0,9.6,15.8,45.2,0,0,0,0,0,0,6.6,0,0,0,0,0,0,13.2,0,0,0,0,0,0,9.5,20.3,11.32,28.63699806,0.264885073
JVASP-115370,-6,-1.8,0.1,0,0,0,-1.8,-14.1,-1.1,0,-0.2,0,0.1,-1.1,-13.4,0,0,0,0,0,0,-0.5,0,0.2,0,-0.2,0,0,-5.7,0,0,0,0,0.2,0,0.2,-4.344444444,-3.246666667,-7.797583948,0.200859951
JVASP-115373,-2.2,-0.6,-0.1,0,0,0,-0.6,-2.2,-0.1,0,0,0,-0.1,-0.1,-7.2,0,0,0,0,0,0,1.5,0,0,0,0,0,0,-3.7,0,0,0,0,0,0,-3.7,-1.466666667,-1.9,-3.980952381,0.047619048
JVASP-9734,22.6,4.8,14,0,0,0,4.8,22.6,14,0,0,0,14,14,38.6,0,0,0,0,0,0,8.9,0,0,0,0,0,0,16.8,0,0,0,0,0,0,16.8,16.6,11.9,28.81458671,0.210696921
JVASP-152396,3.1,80.5,169.7,0,0,0,80.5,-119.3,232.7,0,0,0,169.7,232.7,-33,0,0,0,0,0,0,-78.1,0,0,0,0,0,0,-8857.8,0,0,0,0,0,0,-149.1,90.73333333,-1859.14,956.6673749,-1.25728761
JVASP-2619,30.4,16.4,19.1,0,-1.2,0,16.4,30.4,19.1,0,1.2,0,19.1,19.1,30.8,0,0,0,0,0,0,7,0,-1.2,-1.2,1.2,0,0,7.3,0,0,0,0,-1.2,0,7.3,22.31111111,6.786666667,18.48565744,0.361909929
JVASP-21527,57.7,6.8,8.7,0,-2.1,0,6.8,36.9,13.1,0,-0.3,0,8.7,13.1,31.2,0,-0.6,0,0,0,0,4.8,0,-1.4,-2.1,-0.3,-0.6,0,8.4,0,0,0,0,-1.4,0,6.1,20.33333333,10.34,26.52396972,0.282590412
JVASP-8214,34.9,15.6,17.9,0,0.3,0,15.6,34.9,17.9,0,-0.3,0,17.9,17.9,31.7,0,0,0,0,0,0,9.6,0,0.3,0.3,-0.3,0,0,7.3,0,0,0,0,0.3,0,7.3,22.7,8.18,21.90841636,0.339145254
JVASP-139722,39.1,-0.6,9.5,0,0,0,-0.6,39.1,9.5,0,0,0,9.5,9.5,71.6,0,0,0,0,0,0,-0.5,0,0,0,0,0,0,-7.6,0,0,0,0,0,0,-7.6,20.73333333,5.62,15.46287231,0.375700383
JVASP-139723,40.4,24.8,13.5,0,0,0,24.8,36.3,24.1,0,0,0,13.5,24.1,45.8,0,0,0,0,0,0,16.7,0,0,0,0,0,0,9.5,0,0,0,0,0,0,-1.3,27.47777778,8.986666667,24.30980821,0.352548676
JVASP-8063,64.1,16,25.1,0,-15.9,0,16,64.1,25.1,0,15.9,0,25.1,25.1,42.8,0,0,0,0,0,0,24,0,-15.9,-15.9,15.9,0,0,29.4,0,0,0,0,-15.9,0,29.4,33.71111111,23.54666667,57.29915517,0.21671479
JVASP-21252,40.1,12.4,12.4,0,0,0,12.4,40.1,12.4,0,0,0,12.4,12.4,40.1,0,0,0,0,0,0,7,0,0,0,0,0,0,7,0,0,0,0,0,0,7,21.63333333,9.74,25.40699357,0.30426045
JVASP-102242,-542.3,678.3,13.9,0,0,0,678.3,-542.3,13.9,0,0,0,13.9,13.9,92.2,0,0,0,0,0,0,12,0,0,0,0,0,0,13,0,0,0,0,0,0,13,46.64444444,-105.6333333,-1292.85345,5.119533528
JVASP-2802,35.5,13.1,16.7,0,0.2,0,13.1,35.5,16.7,0,-0.2,0,16.7,16.7,31,0,0,0,0,0,0,11.2,0,0.2,0.2,-0.2,0,0,8.3,0,0,0,0,0.2,0,8.3,21.66666667,9.26,24.31591705,0.312954484
JVASP-12884,44,13.6,10,-0.5,1.1,1.1,13.6,34.5,14.8,4.1,3.6,-1,10,14.8,62.6,-1.4,-12.5,-1,-0.5,4.1,-1.4,5.8,-2.7,-0.6,1.1,3.6,-12.5,-2.7,10.3,-0.6,1.1,-1,-1,-0.6,-0.6,6.4,24.21111111,11.34666667,29.44080337,0.297332698
JVASP-53106,39.2,12.3,14.8,-2.3,0.7,-0.6,12.3,42.4,10.1,-6.3,3.6,2.4,14.8,10.1,63.6,-3.1,8.6,1.4,-2.3,-6.3,-3.1,2.6,-3.4,1.2,0.7,3.6,8.6,-3.4,7.6,-5.1,-0.6,2.4,1.4,1.2,-5.1,10.4,24.4,11.32,29.41164221,0.299100805
JVASP-10242,41.8,13.6,11.7,0.6,0.4,0.6,13.6,36.8,12.3,2.7,-1.4,0.3,11.7,12.3,35.5,-1,1.9,0.2,0.6,2.7,-1,7.9,1.3,-0.3,0.4,-1.4,1.9,1.3,7.4,-0.9,0.6,0.3,0.2,-0.3,-0.9,6.2,21.03333333,9.4,24.54372414,0.305517241
JVASP-29446,0,0.999998,0.999999,0.999998,0.999999,-1.11E-22,0,0.999999,0.999998,0.999998,0,0.999999,0,0,0,0.5,0.5,0.5,0.999998,-1.11E-22,0.999999,0,0.999999,0.999998,0.999998,0.999999,0,0,0.999998,0.999999,0,0,0,0.5,0.5,0.5,0.777776556,0.166666533,0.466666269,0.399999928
JVASP-2023,62,15.9,24,0,-15.3,0,15.9,62,24,0,15.3,0,24,24,40.8,0,0,0,0,0,0,23,0,-15.3,-15.3,15.3,0,0,28.3,0,0,0,0,-15.3,0,28.3,32.51111111,22.64666667,55.1374161,0.217340656
JVASP-2062,73.8,21.4,29.6,0,-15.1,0,21.4,73.8,29.6,0,15.1,0,29.6,29.6,52.7,0,0,0,0,0,0,26.2,0,-15.1,-15.1,15.1,0,0,28.9,0,0,0,0,-15.1,0,28.9,40.16666667,24.78,61.66003579,0.244149229
JVASP-138269,-169,-55.9,-257.9,0,53.9,0,-55.9,-169,-257.9,0,-53.9,0,-257.9,-257.9,-563.9,0,0,0,0,0,0,-56.5,0,53.9,53.9,-53.9,0,0,-41.7,0,0,0,0,53.9,0,-41.7,-227.2555556,-49.99333333,-139.7334709,0.397521045
JVASP-138270,70.7,42.1,21.2,0,0,0,42.1,70.7,21.2,0,0,0,21.2,21.2,21.3,0,0,0,0,0,0,48.2,0,0,0,0,0,0,-1.9,0,0,0,0,0,0,-1.9,36.85555556,14.09333333,37.50006952,0.330418739
JVASP-4591,35.2,18.3,12.3,0,-5,3.1,18.3,35.2,12.3,0,5,-3.1,12.3,12.3,32.4,0,0,0,0,0,0,8.4,-3.1,-5,-5,5,0,-3.1,7.3,0,3.1,-3.1,0,-5,0,7.3,20.95555556,8.593333333,22.6798582,0.319619367
JVASP-115323,0.1,-0.3,-0.1,0,0,0,-0.3,-7.8,-1.5,0,-0.6,0,-0.1,-1.5,2.1,0,0.5,0,0,0,0,-1.3,0,-0.2,0,-0.6,0.5,0,-5.8,0,0,0,0,-0.2,0,0.2,-1.044444444,-1.626666667,-3.21232493,-0.012605042
JVASP-111005,44,30.5,34.2,0,-7.5,0,30.5,44,34.2,0,7.5,0,34.2,34.2,42.3,0,0,0,0,0,0,6.7,0,-7.5,-7.5,7.5,0,0,17.5,0,0,0,0,-7.5,0,17.5,36.45555556,10.43333333,28.57409572,0.369365609
JVASP-99931,0.666666667,0,0.333333333,0,0.833333333,0.247703101,0,0.666666667,0,0.333333333,0,0.085630233,0.333333333,-2.22E-16,0.666666667,-1.11E-16,0.914369767,0.5,0,0.333333333,0,0.666666667,0.752296899,0.666666667,0.333333333,0.666666667,0.666666667,0.333333333,0.166666667,0.581036434,0.666666667,0.333333333,0.333333333,0.666666667,0.333333333,0.418963566,0.296296296,0.361570491,0.771067011,0.066274807
JVASP-91678,36.4,4.2,-1.1,0,0,0,4.2,71,17.9,0,0,0,-1.1,17.9,17.6,0,0,0,0,0,0,6.1,0,0,0,0,0,0,13,0,0,0,0,0,0,-1.3,18.55555556,10.49333333,26.48710198,0.262091898
JVASP-106332,0.666666667,0,0.333333333,0,0.833333333,0.247560345,0,0.666666667,0,0.333333333,0,0.085772989,0.333333333,-2.22E-16,0.666666667,-1.11E-16,0.914227011,0.5,0,0.333333333,0,0.666666667,0.752439655,0.666666667,0.333333333,0.666666667,0.666666667,0.333333333,0.166666667,0.580893678,0.666666667,0.333333333,0.333333333,0.666666667,0.333333333,0.419106322,0.296296296,0.361599042,0.771110291,0.066250461
JVASP-108076,75.4,36.5,15.4,0,0,0,36.5,45.6,16.6,0,0,0,15.4,16.6,59.4,0,0,0,0,0,0,37.3,0,0,0,0,0,0,13.7,0,0,0,0,0,0,13,35.26666667,20.26,51.01161352,0.258924322
JVASP-37338,280.3,92.8,92.8,0,0,0,92.8,280.3,92.8,0,0,0,92.8,92.8,280.3,0,0,0,0,0,0,79.9,0,0,0,0,0,0,79.9,0,0,0,0,0,0,79.9,155.3,85.44,216.5986288,0.267548155
JVASP-116398,120.4,33.1,14.1,0,0,0,33.1,120.4,14.1,0,0,0,14.1,14.1,46.3,0,0,0,0,0,0,41.8,0,0,0,0,0,0,4.2,0,0,0,0,0,0,4.2,45.52222222,25.09333333,63.5948204,0.267165656
JVASP-100395,82.2,47.2,2.8,0,0,0,47.2,82.2,2.8,0,0,0,2.8,2.8,126.4,0,0,0,0,0,0,61,0,0,0,0,0,0,17.5,0,0,0,0,0,0,17.5,44.04444444,35.06666667,83.13652313,0.185406699
JVASP-118394,53.1,5.7,15.8,0,-13.3,0,5.7,34.7,19.3,0,-0.5,0,15.8,19.3,63.4,0,-1.8,0,0,0,0,4.6,0,1.8,-13.3,-0.5,-1.8,0,5.2,0,0,0,0,1.8,0,-2.6,25.86666667,8.8,23.71111111,0.347222222
JVASP-118396,42.4,25.2,24.7,0,0,0,25.2,42.4,24.7,0,0,0,24.7,24.7,98.3,0,0,0,0,0,0,-2.1,0,0,0,0,0,0,-83.6,0,0,0,0,0,0,-83.6,36.92222222,-26.62666667,-105.1585611,0.974685049
JVASP-118397,88.6,44.7,22,0,0,0,44.7,88.6,22,0,0,0,22,22,98.4,0,0,0,0,0,0,58.7,0,0,0,0,0,0,6,0,0,0,0,0,0,6,50.33333333,26.6,67.84797297,0.275337838
JVASP-57264,68.6,43.7,47.4,0,-4.3,0,43.7,83.2,59.3,0,6.5,0,47.4,59.3,95,0,-2.6,0,0,0,0,35.2,0,4,-4.3,6.5,-2.6,0,35.8,0,0,0,0,4,0,32.3,60.84444444,27.08666667,70.75974939,0.306173075
JVASP-136702,-4,1.4,3,0,-0.7,0,1.4,-3.3,-5.2,0,9.1,0,3,-5.2,-34.6,0,0.8,0,0,0,0,-0.9,0,1.3,-0.7,9.1,0.8,0,-18.5,0,0,0,0,1.3,0,0.4,-4.833333333,-6.54,-13.52138783,0.033745247
JVASP-136703,121.5,28.7,16.3,0,0,0,28.7,121.5,16.3,0,0,0,16.3,16.3,56.5,0,0,0,0,0,0,40.8,0,0,0,0,0,0,1.9,0,0,0,0,0,0,1.9,46.9,24.8,63.25123867,0.275226586
JVASP-136704,129.8,58.2,58.3,0,0,0,58.2,637.2,121.1,0,0,0,58.3,121.1,76.7,0,0,0,0,0,0,-8.1,0,0,0,0,0,0,-85.4,0,0,0,0,0,0,-111,146.5444444,-0.493333333,-1.481662644,0.501685112
JVASP-136705,-4.9,2.1,1,0,0,0,2.1,-4.9,1,0,0,0,1,1,-22.9,0,0,0,0,0,0,1.5,0,0,0,0,0,0,-4.2,0,0,0,0,0,0,-4.2,-2.722222222,-3.833333333,-7.826388889,0.020833333
JVASP-136706,198.7,144,63.5,0,0,0,144,198.7,63.5,0,0,0,63.5,63.5,85.3,0,0,0,0,0,0,121.2,0,0,0,0,0,0,61,0,0,0,0,0,0,61,113.8555556,62.75333333,159.040712,0.267189355
JVASP-37207,287.8,171.7,171.7,0,0,0,171.7,287.8,171.7,0,0,0,171.7,171.7,287.8,0,0,0,0,0,0,205.6,0,0,0,0,0,0,205.6,0,0,0,0,0,0,205.6,210.4,146.58,356.8668364,0.217310808
JVASP-116393,109.5,3.7,28.9,0,0,0,3.7,109.5,28.9,0,0,0,28.9,28.9,137.9,0,0,0,0,0,0,23.7,0,0,0,0,0,0,1,0,0,0,0,0,0,1,53.32222222,24.83333333,64.48872655,0.298430736
JVASP-116395,284.2,170.9,170.9,0,0,0,170.9,284.2,170.9,0,0,0,170.9,170.9,284.2,0,0,0,0,0,0,205.9,0,0,0,0,0,0,205.9,0,0,0,0,0,0,205.9,208.6666667,146.2,355.5602176,0.216006216
JVASP-117905,63.9,-5,-4.1,0,0,0,-5,81.6,50.1,0,0,0,-4.1,50.1,92.4,0,0,0,0,0,0,3.1,0,0,0,0,0,0,25.9,0,0,0,0,0,0,3.5,35.54444444,19.62666667,49.72731401,0.26683035
JVASP-154298,69,31.1,20.4,0,0,0,31.1,81.7,31.4,0,0,0,20.4,31.4,49.9,0,0,0,0,0,0,12.4,0,0,0,0,0,0,16,0,0,0,0,0,0,7.1,40.71111111,14.94666667,39.9508219,0.336445871
JVASP-12450,37.6,28.6,20.4,-6.6,-9.3,1,28.6,82.5,33.7,-19.4,17.5,-0.2,20.4,33.7,44.3,-1.9,0,4.9,-6.6,-19.4,-1.9,27.6,-4.3,-8,-9.3,17.5,0,-4.3,21.8,-1.5,1,-0.2,4.9,-8,-1.5,19,36.64444444,19.12666667,48.87629526,0.277700294
JVASP-32164,134,40.9,70.1,0,0,0,40.9,66.6,49.4,0,0,0,70.1,49.4,102.8,0,0,0,0,0,0,19.3,0,0,0,0,0,0,28,0,0,0,0,0,0,24,69.35555556,23.79333333,64.05502746,0.346070905
JVASP-114147,199.9,141.9,141.9,0,0,0,141.9,199.9,141.9,0,0,0,141.9,141.9,199.9,0,0,0,0,0,0,166.5,0,0,0,0,0,0,166.5,0,0,0,0,0,0,166.5,161.2333333,111.5,271.8374496,0.219002016
JVASP-114148,148,173,6.9,0,0,0,173,148,6.9,0,0,0,6.9,6.9,52.1,0,0,0,0,0,0,-12.5,0,0,0,0,0,0,-2.6,0,0,0,0,0,0,-2.6,80.18888889,7.213333333,21.01001964,0.45633223
JVASP-116466,83.8,37,36.4,0,0,0,37,100.1,44.8,0,0,0,36.4,44.8,100,0,0,0,0,0,0,36.1,0,0,0,0,0,0,22.3,0,0,0,0,0,0,35.2,57.81111111,29.76666667,76.21848753,0.280265748
JVASP-120384,27.9,31.9,21.7,0,0,0,31.9,27.9,21.7,0,0,0,21.7,21.7,118.9,0,0,0,0,0,0,6.9,0,0,0,0,0,0,-76.7,0,0,0,0,0,0,-76.7,36.14444444,-22.67333333,-86.00321051,0.896571828
JVASP-139699,-9.1,1.3,-0.8,0,0,0,1.3,-9.1,-0.8,0,0,0,-0.8,-0.8,-33.6,0,0,0,0,0,0,2.2,0,0,0,0,0,0,-7.6,0,0,0,0,0,0,-7.6,-5.822222222,-6.033333333,-13.45304965,0.114893617
JVASP-139700,136.8,48.6,35.2,0,0,0,48.6,136.8,35.2,0,0,0,35.2,35.2,117.9,0,0,0,0,0,0,-4.2,0,0,0,0,0,0,2.2,0,0,0,0,0,0,2.2,69.94444444,18.20666667,50.25915044,0.380240309
JVASP-8751,71.1,18.2,24,0,-14.6,0,18.2,71.1,24,0,14.6,0,24,24,41.6,0,0,0,0,0,0,26.4,0,-14.6,-14.6,14.6,0,0,29,0,0,0,0,-14.6,0,29,35.13333333,24.72,60.07119582,0.215032278
JVASP-87925,221.7,109.2,59.4,0,0,-14.6,109.2,221.7,59.4,0,0,14.6,59.4,59.4,98.8,0,0,0,0,0,0,56.2,14.6,0,0,0,0,14.6,41.2,0,-14.6,14.6,0,0,0,41.2,110.9111111,48.66666667,127.3703898,0.308599895
JVASP-99842,0.38005274,0.34112311,0.49709157,0.88005274,0.84112311,0.99709157,0.5,0.5,0,0,0,0.5,0.43476207,0.90130431,0.17799315,0.43476207,0.90130431,0.17799315,0.11994726,0.15887689,0.00290843,0.61994726,0.65887689,0.50290843,0,0,0.5,0.5,0.5,0,0.56523793,0.09869569,0.82200685,0.56523793,0.09869569,0.82200685,0.303830583,0.403046236,0.838408603,0.040089856
JVASP-116386,237.2,80.4,80.4,0,0,0,80.4,237.2,80.4,0,0,0,80.4,80.4,237.2,0,0,0,0,0,0,49.8,0,0,0,0,0,0,49.8,0,0,0,0,0,0,49.8,132.6666667,61.24,159.2207996,0.29997387
JVASP-29571,54.6,22,20.4,0,9.1,0,22,54.6,20.4,0,-9.1,0,20.4,20.4,31.9,0,0,0,0,0,0,16.3,0,9.1,9.1,-9.1,0,0,18,0,0,0,0,9.1,0,18,29.63333333,15.68,39.98714859,0.275100402
JVASP-12475,66.7,17.9,21.9,0,12.8,0,17.9,66.7,21.9,0,-12.8,0,21.9,21.9,37,0,0,0,0,0,0,24.4,0,12.8,12.8,-12.8,0,0,24.7,0,0,0,0,12.8,0,24.7,32.64444444,22.00666667,53.90660886,0.224779056
JVASP-117745,95.6,10.9,3.7,0,-1.6,0,10.9,20.9,-7.5,0,-1.1,0,3.7,-7.5,38.9,0,-0.7,0,0,0,0,6.3,0,-0.8,-1.6,-1.1,-0.7,0,17.8,0,0,0,0,-0.8,0,4.6,18.84444444,15.62666667,36.72786401,0.175166297
JVASP-29647,81.2,23.4,26.2,0,-13.8,0,23.4,81.2,26.2,0,13.8,0,26.2,26.2,46.6,0,0,0,0,0,0,28.9,0,-13.8,-13.8,13.8,0,0,28.1,0,0,0,0,-13.8,0,28.1,40.06666667,25.9,63.92566735,0.234086242
JVASP-138262,81.8,1.8,2.4,0,0,0,1.8,81.8,2.4,0,0,0,2.4,2.4,72.7,0,0,0,0,0,0,-3.8,0,0,0,0,0,0,1.2,0,0,0,0,0,0,1.2,27.72222222,15.03333333,38.19568907,0.270366599
JVASP-105981,81.9,49.5,9,0,0,0,49.5,81.9,9,0,0,0,9,9,122,0,0,0,0,0,0,56.8,0,0,0,0,0,0,14.6,0,0,0,0,0,0,14.6,46.75555556,31.75333333,77.67586715,0.223113591
JVASP-85486,116.9,55.6,48,0.1,-11.7,0.1,55.6,104.8,62.2,0.2,7.4,0.2,48,62.2,183.6,0.2,6.9,0.1,0.1,0.2,0.2,29.6,0,-0.2,-11.7,7.4,6.9,0,52.1,0.1,0.1,0.2,0.1,-0.2,0.1,26.3,81.87777778,37.56666667,97.75027072,0.301024011
JVASP-115285,73.8,65.9,36.6,0,0,0,65.9,73.8,36.6,0,0,0,36.6,36.6,77.1,0,0,0,0,0,0,-2.9,0,0,0,0,0,0,9.4,0,0,0,0,0,0,9.4,55.87777778,8.886666667,25.31783745,0.424484478
JVASP-115286,86.4,9.1,1.4,0,0,0,9.1,86.4,1.4,0,0,0,1.4,1.4,83.2,0,0,0,0,0,0,-2.5,0,0,0,0,0,0,4,0,0,0,0,0,0,4,31.08888889,17.37333333,43.93581586,0.264461316
JVASP-115287,116.6,-1.3,-1.3,0,-0.4,0,-1.3,55.8,49.8,0,-6.5,0,-1.3,49.8,74.9,0,-5.7,0,0,0,0,2.5,0,-0.5,-0.4,-6.5,-5.7,0,21.8,0,0,0,0,-0.5,0,1.6,37.96666667,18.52,47.78948799,0.290212959
JVASP-115288,-22.2,158.9,35,0,0,0,158.9,-22.2,35,0,0,0,35,35,77.4,0,0,0,0,0,0,-90.5,0,0,0,0,0,0,3.5,0,0,0,0,0,0,3.5,54.53333333,-29.76,-109.1318589,0.833532576
JVASP-104705,90.3,54.4,13.8,0,0,0,54.4,90.3,13.8,0,0,0,13.8,13.8,131,0,0,0,0,0,0,58.6,0,0,0,0,0,0,17.7,0,0,0,0,0,0,17.7,52.84444444,34.10666667,84.20437431,0.23442691
JVASP-107533,87.4,53,12.3,0,0,0,53,87.4,12.3,0,0,0,12.3,12.3,128.6,0,0,0,0,0,0,57.7,0,0,0,0,0,0,17.1,0,0,0,0,0,0,17.1,50.95555556,33.43333333,82.30019682,0.230810521
JVASP-12334,96.3,43.6,22.5,0,-5.7,0,43.6,91.9,34.6,0,-2.8,0,22.5,34.6,84.7,0,-9.4,0,0,0,0,23.9,0,-11,-5.7,-2.8,-9.4,0,22.5,0,0,0,0,-11,0,10.7,52.7,22.9,60.00812155,0.310220994
JVASP-116389,105.5,-2.8,1.4,0,-1.1,0,-2.8,71.5,55.2,0,-4.2,0,1.4,55.2,111.8,0,-3.4,0,0,0,0,-1.9,0,-1.7,-1.1,-4.2,-3.4,0,11.9,0,0,0,0,-1.7,0,0.5,44.04444444,17.76666667,46.98269958,0.32221481
JVASP-116391,-5.5,0.2,-3.3,0,0,0,0.2,-5.5,-3.3,0,0,0,-3.3,-3.3,-45.2,0,0,0,0,0,0,1,0,0,0,0,0,0,-5.2,0,0,0,0,0,0,-5.2,-7.666666667,-5.2,-12.72340426,0.223404255
JVASP-29408,81.7,38.3,22,0,-4.3,0,38.3,91,26.6,0,-7.1,0,22,26.6,76.2,0,15.5,0,0,0,0,15.3,0,-6.9,-4.3,-7.1,15.5,0,25.8,0,0,0,0,-6.9,0,8.1,46.96666667,20.64,54.00846849,0.308344682
JVASP-12365,116.5,54.3,31.7,0,-2.1,0,54.3,112.6,38.4,0,-6.9,0,31.7,38.4,98.9,0,-14.6,0,0,0,0,30.2,0,-1.5,-2.1,-6.9,-14.6,0,23.5,0,0,0,0,-1.5,0,15.9,64.08888889,27.49333333,72.16124257,0.312340735
JVASP-154987,88.2,21.1,38.2,0,-4.8,0,21.1,73.3,20.9,0,-1.4,0,38.2,20.9,83.8,0,-8.5,0,0,0,0,13,0,3,-4.8,-1.4,-8.5,0,12.6,0,0,0,0,3,0,21.4,45.07777778,20.40666667,53.19316799,0.303328193
JVASP-99606,268.6,118.9,118.9,0,0,0,118.9,268.6,118.9,0,0,0,118.9,118.9,268.6,0,0,0,0,0,0,131.4,0,0,0,0,0,0,131.4,0,0,0,0,0,0,131.4,168.8,108.78,268.634507,0.234760558
JVASP-136723,202.5,86.3,68.5,0,0,0,86.3,761.6,237.5,0,0,0,68.5,237.5,12.6,0,0,0,0,0,0,-25.5,0,0,0,0,0,0,-162,0,0,0,0,0,0,-134.9,195.7,-25.52,-80.03913245,0.568164821
JVASP-136724,74,6.6,1.4,0,0,0,6.6,74,1.4,0,0,0,1.4,1.4,65.9,0,0,0,0,0,0,6.2,0,0,0,0,0,0,-11,0,0,0,0,0,0,-11,25.85555556,10.47333333,27.68224292,0.321558383
JVASP-136725,264.9,119,119,0,0,0,119,264.9,119,0,0,0,119,119,264.9,0,0,0,0,0,0,131.9,0,0,0,0,0,0,131.9,0,0,0,0,0,0,131.9,167.6333333,108.32,267.3708059,0.234171002
JVASP-101755,-226.4,139.4,121,41,0,0,139.4,-104.5,94.3,28.5,0,0,121,94.3,-4.6,61,0,0,41,28.5,61,-276.9,0,0,0,0,0,0,-108.6,-5.8,0,0,0,0,-5.8,-298.6,41.54444444,-182.8333333,1174.594215,-4.212199313
JVASP-37209,293.2,171.3,171.3,0,0,0,171.3,293.2,171.3,0,0,0,171.3,171.3,293.2,0,0,0,0,0,0,199.8,0,0,0,0,0,0,199.8,0,0,0,0,0,0,199.8,211.9333333,144.26,352.7440505,0.222598262
JVASP-9832,172.6,73,62.9,0,6.5,0,73,174.9,42.9,0,-3,0,62.9,42.9,202.9,0,13.9,0,0,0,0,78.9,0,5.6,6.5,-3,13.9,0,57.2,0,0,0,0,5.6,0,48.2,100.8888889,61.63333333,153.6180803,0.246225638
JVASP-121432,172.6,73,62.9,0,6.5,0,73,175.2,43,0,-3,0,62.9,43,203.1,0,13.8,0,0,0,0,79.3,0,5.8,6.5,-3,13.8,0,57.1,0,0,0,0,5.8,0,48.4,100.9666667,61.76,153.9003784,0.245955136
JVASP-120057,51.3,-0.5,-4.6,0,0,0,-0.5,51.3,-4.6,0,0,0,-4.6,-4.6,41.1,0,0,0,0,0,0,2.3,0,0,0,0,0,0,-6.4,0,0,0,0,0,0,-6.4,13.81111111,8.126666667,20.3822572,0.254035513
JVASP-32394,27.3,18.7,14.5,0,-8.7,0.1,18.7,58.5,13,0,-3.5,0,14.5,13,35.3,0,-1.6,-0.1,0,0,0,5.8,0,-11.7,-8.7,-3.5,-1.6,0,17.3,-0.1,0.1,0,-0.1,-11.7,-0.1,19.2,23.72222222,13.45333333,33.9433546,0.261522099
JVASP-113537,12,23,-11.4,0,0,0,23,12,-11.4,0,0,0,-11.4,-11.4,281.1,0,0,0,0,0,0,16.1,0,0,0,0,0,0,-0.3,0,0,0,0,0,0,-0.3,33.94444444,23.42666667,57.1359306,0.219463516
JVASP-19106,37.1,20,21,0,2.4,0,20,54.4,18.4,0,3.4,0,21,18.4,37.2,0,-4,0,0,0,0,16.8,0,1.1,2.4,3.4,-4,0,20.9,0,0,0,0,1.1,0,24,27.5,16.96,42.20390107,0.244218781
JVASP-29284,6.685675351,1.71473462,1.014583742,0.724401418,0.632661059,1.445133658,2.197164552,1.146752487,1.014548934,0.724396516,0.896431277,1.445048293,2.197154724,1.14669641,4.459622685,0.896546382,0.594169457,0.68376079,2.197029151,1.14667201,4.459607355,0.632681428,0.594153712,0.599322019,1.714854523,0.953768539,4.459573047,0.632676161,0.594131719,0.599273293,1.714747918,1.014623325,0.7244395,0.896472735,1.445189394,0.599243614,2.197753902,0.935090234,2.456830398,0.313686267
JVASP-49943,214.9,70.6,93.4,0,0,0,70.6,214.9,93.4,0,0,0,93.4,93.4,151.6,0,0,0,0,0,0,23.1,0,0,0,0,0,0,15.5,0,0,0,0,0,0,15.5,121.8,32.42,89.33387964,0.377758785
JVASP-136058,80.8,73.4,21.1,0,0,0,73.4,80.8,21.1,0,0,0,21.1,21.1,58.9,0,0,0,0,0,0,7.5,0,0,0,0,0,0,-3.8,0,0,0,0,0,0,-3.8,50.18888889,6.973333333,19.99399941,0.433604164
JVASP-109363,105.6,30.1,15.4,0,0.8,0,30.1,105.6,15.4,0,-0.8,0,15.4,15.4,28.8,0,0,0,0,0,0,37.7,0,0.8,0.8,-0.8,0,0,9,0,0,0,0,0.8,0,9,40.2,23.08,58.11765033,0.259047884
JVASP-99103,104.3,50,47.2,0,-29,0,50,91.2,30,0,-20.2,0,47.2,30,65.6,0,-7.3,0,0,0,0,-12.8,0,-29.1,-29,-20.2,-7.3,0,20.4,0,0,0,0,-29.1,0,38.4,57.27777778,18.12666667,49.19086474,0.356864603
JVASP-98606,75.9,12,32.4,0,0,0,12,71.6,16.9,0,0,0,32.4,16.9,52.7,0,0,0,0,0,0,15.4,0,0,0,0,0,0,22.9,0,0,0,0,0,0,20.5,35.86666667,21.02,52.75428394,0.254859275
JVASP-115744,142.5,15.5,8.6,0,-6,0,15.5,179.4,28.8,0,-2.9,0,8.6,28.8,58.9,0,-6.3,0,0,0,0,8,0,-2.4,-6,-2.9,-6.3,0,3.9,0,0,0,0,-2.4,0,29.6,54.06666667,30.16,76.29369931,0.26481597
JVASP-35202,421.1,159.1,159.1,0,0,0,159.1,421.1,159.1,0,0,0,159.1,159.1,421.1,0,0,0,0,0,0,246.1,0,0,0,0,0,0,246.1,0,0,0,0,0,0,246.1,246.4333333,200.06,472.3567897,0.180537813
JVASP-115009,47.9,3.8,-2.8,0,0,0,3.8,47.9,-2.8,0,0,0,-2.8,-2.8,35,0,0,0,0,0,0,-7.8,0,0,0,0,0,0,-2.5,0,0,0,0,0,0,-2.5,14.13333333,6.28,16.40953164,0.306491372
JVASP-75477,3.185185,0,1.5925925,0,3.185185,4.7777775,0,0,4.7777775,0,0,4.7777775,0,0,4.7777775,3.185185,3.185185,1.5925925,1.5925925,3.185185,0,4.7777775,0,3.185185,1.5925925,3.185185,3.185185,1.5925925,3.185185,3.185185,1.5925925,3.185185,3.185185,4.7777775,0,0,2.300411389,1.698765333,4.089620247,0.203703704
JVASP-136717,117.2,1.6,2,0,0,0,1.6,117.2,2,0,0,0,2,2,87,0,0,0,0,0,0,9.6,0,0,0,0,0,0,-6.8,0,0,0,0,0,0,-6.8,36.95555556,20.25333333,51.37476103,0.268303844
JVASP-136718,118.9,33.3,6.6,0,0,0,33.3,118.9,6.6,0,0,0,6.6,6.6,63.8,0,0,0,0,0,0,27.2,0,0,0,0,0,0,-4.5,0,0,0,0,0,0,-4.5,43.84444444,20.64666667,53.53643492,0.296490998
JVASP-136719,213,104.7,106.5,0,0,0,104.7,898.3,230.4,0,0,0,106.5,230.4,81.1,0,0,0,0,0,0,-4.2,0,0,0,0,0,0,-259.3,0,0,0,0,0,0,-93.6,230.6222222,-21.36666667,-66.14265971,0.547800149
JVASP-136720,327.7,173.6,173.6,0,0,0,173.6,327.7,173.6,0,0,0,173.6,173.6,327.7,0,0,0,0,0,0,193.3,0,0,0,0,0,0,193.3,0,0,0,0,0,0,193.3,224.9666667,146.8,361.720774,0.232018985
JVASP-107641,-9804.7,-6465.3,-2030.2,0,1333.4,0,-6465.3,-4627.7,-1402.9,0,884.1,0,-2030.2,-1402.9,-922,0,405.9,0,0,0,0,-185.4,0,-11,1333.4,884.1,405.9,0,-327.3,0,0,0,0,-11,0,-67.1,-3905.688889,-479.6933333,-1382.481602,0.441005644
JVASP-43925,144.7,55.2,63.3,0,0.7,0,55.2,150.4,50.3,0,30,0,63.3,50.3,261.2,0,25.4,0,0,0,0,50.9,0,10.5,0.7,30,25.4,0,69.7,0,0,0,0,10.5,0,56.7,99.32222222,61.29333333,152.508241,0.244085064
JVASP-9583,137.6,39,11.4,0,0,0,39,158.9,31.2,0,0,0,11.4,31.2,230.4,0,0,0,0,0,0,38.9,0,0,0,0,0,0,31.1,0,0,0,0,0,0,94.3,76.67777778,62.54666667,147.5270171,0.179335566
JVASP-40491,341.5,11.7,12.1,0,0,0,11.7,122.4,9.1,0,0,0,12.1,9.1,51.7,0,0,0,0,0,0,61.5,0,0,0,0,0,0,58.3,0,0,0,0,0,0,53.6,64.6,66.86,149.1306836,0.115245914
JVASP-115005,25.9,20.6,8.3,0,0,0,20.6,25.9,8.3,0,0,0,8.3,8.3,28.7,0,0,0,0,0,0,12,0,0,0,0,0,0,-5.9,0,0,0,0,0,0,-5.9,17.21111111,2.926666667,8.309029814,0.419538123
JVASP-75694,12.5,88.5,88.5,0,0,0,88.5,12.5,88.5,0,0,0,88.5,88.5,12.5,0,0,0,0,0,0,-42.9,0,0,0,0,0,0,-42.9,0,0,0,0,0,0,-42.9,63.16666667,-40.94,-156.6665994,0.913368336
JVASP-135644,8.5,2.8,-5.2,0,0,0,2.8,8.5,-5.2,0,0,0,-5.2,-5.2,30.7,0,0,0,0,0,0,-0.3,0,0,0,0,0,0,-4.3,0,0,0,0,0,0,-4.3,3.611111111,1.906666667,4.863945578,0.275510204
JVASP-13042,74.5,18.3,21.8,0,12.9,0,18.3,74.5,21.8,0,-12.9,0,21.8,21.8,39.1,0,0,0,0,0,0,28.1,0,12.9,12.9,-12.9,0,0,25.9,0,0,0,0,12.9,0,25.9,34.65555556,24.39333333,59.27298743,0.21494235
JVASP-120204,-3.2,0.6,-1.5,0,-0.4,0,0.6,10.5,6.4,0,-0.7,0,-1.5,6.4,-29.9,0,9.4,0,0,0,0,-2.2,0,-0.4,-0.4,-0.7,9.4,0,-4.6,0,0,0,0,-0.4,0,2,-1.288888889,-2.833333333,-4.905472637,-0.134328358
JVASP-120205,118.4,47,12.4,0,0,0,47,118.4,12.4,0,0,0,12.4,12.4,36.2,0,0,0,0,0,0,13.3,0,0,0,0,0,0,-3.1,0,0,0,0,0,0,-3.1,46.28888889,14.83333333,40.20537844,0.355237476
JVASP-136711,-4.7,-0.3,-1,0,-0.6,0,-0.3,-19.6,6.9,0,-5.2,0,-1,6.9,3.3,0,0.4,0,0,0,0,-2.1,0,-0.1,-0.6,-5.2,0.4,0,-4.3,0,0,0,0,-0.1,0,0.4,-1.088888889,-2.973333333,-4.66965812,-0.21474359
JVASP-103094,104.2,22.3,36.1,0,-21.4,0,22.3,104.2,36.1,0,21.4,0,36.1,36.1,88,0,0,0,0,0,0,41,0,-21.4,-21.4,21.4,0,0,57.3,0,0,0,0,-21.4,0,57.3,53.93333333,44.58,104.8509158,0.175986045
JVASP-16000,28.5,293.3,293.3,0,0,0,293.3,28.5,293.3,0,0,0,293.3,293.3,28.5,0,0,0,0,0,0,-47.7,0,0,0,0,0,0,-47.7,0,0,0,0,0,0,-47.7,205.0333333,-81.58,-282.1629442,0.729363473
JVASP-13086,103.2,107.1,107.1,0,0,0,107.1,103.2,107.1,0,0,0,107.1,107.1,103.2,0,0,0,0,0,0,-4.5,0,0,0,0,0,0,-4.5,0,0,0,0,0,0,-4.5,105.8,-3.48,-10.55573394,0.51662844
JVASP-117918,395.4,68.2,97.2,0,0,0,68.2,395.4,97.2,0,0,0,97.2,97.2,528.3,0,0,0,0,0,0,-0.9,0,0,0,0,0,0,86.2,0,0,0,0,0,0,86.2,204.9222222,104.7333333,268.4637758,0.281653926
JVASP-117920,108.3,13.5,-1.8,0,-11.2,0,13.5,253.2,65.9,0,-30.7,0,-1.8,65.9,474,0,-66,0,0,0,0,1.9,0,0.4,-11.2,-30.7,-66,0,40.1,0,0,0,0,0.4,0,16.4,110.0777778,62.20666667,157.0383872,0.262231169
JVASP-100547,346.3,26.8,49.9,0,2.1,0,26.8,237.5,70.6,0,-3.4,0,49.9,70.6,375.3,0,1.3,0,0,0,0,143.7,0,5.4,2.1,-3.4,1.3,0,82.7,0,0,0,0,5.4,0,70.5,139.3,113.5,267.773711,0.179619872
JVASP-100443,220.4,42.9,53.8,0,0,0,42.9,212.9,29.6,0,0,0,53.8,29.6,276.8,0,0,0,0,0,0,32.9,0,0,0,0,0,0,33.2,0,0,0,0,0,0,119.2,106.9666667,75.98,184.3024239,0.212835114
JVASP-9603,221,69.5,24.4,0,0,0,69.5,292.1,46.4,0,0,0,24.4,46.4,316.2,0,0,0,0,0,0,71.4,0,0,0,0,0,0,57.6,0,0,0,0,0,0,134.2,123.3222222,98.57333333,233.5052347,0.184423955
JVASP-135680,252.7,-15.4,31.8,0,0,0,-15.4,252.7,31.8,0,0,0,31.8,31.8,116.9,0,0,0,0,0,0,26.7,0,0,0,0,0,0,36.2,0,0,0,0,0,0,36.2,79.85555556,58.09333333,140.2663397,0.207249882
JVASP-35187,314.2,95.1,101.1,0,20.5,0,95.1,375.2,128,0,13.2,0,101.1,128,279.8,0,28.4,0,0,0,0,115.3,0,-2.2,20.5,13.2,28.4,0,146.6,0,0,0,0,-2.2,0,108.1,179.7333333,117,288.4169461,0.232551052
JVASP-34390,171.6,-1.6,52.2,0,0,0,-1.6,171.6,52.2,0,0,0,52.2,52.2,345.8,0,0,0,0,0,0,86.6,0,0,0,0,0,0,43,0,0,0,0,0,0,43,99.4,73.6,177.0913394,0.203066165
JVASP-30314,123.5,6.7,25.7,0,0,0,6.7,123.5,25.7,0,0,0,25.7,25.7,65.5,0,0,0,0,0,0,58.4,0,0,0,0,0,0,32.3,0,0,0,0,0,0,32.3,47.63333333,41.56,96.58881058,0.162040551
JVASP-113716,112.9,-1,-0.6,0,0,0,-1,112.9,-0.6,0,0,0,-0.6,-0.6,131,0,0,0,0,0,0,1.7,0,0,0,0,0,0,-68.3,0,0,0,0,0,0,-68.3,39.15555556,-3.046666667,-9.383371206,0.53994057
JVASP-136054,-8.3,2.5,2,0,0,0,2.5,-8.3,2,0,0,0,2,2,-21.7,0,0,0,0,0,0,2.7,0,0,0,0,0,0,-2.7,0,0,0,0,0,0,-2.7,-2.811111111,-3.526666667,-7.46025641,0.057692308
JVASP-136055,-3.2,-0.7,0,0,-0.6,0,-0.7,-29.9,-3.2,0,1.8,0,0,-3.2,-5.9,0,1.9,0,0,0,0,-6.5,0,0.6,-0.6,1.8,1.9,0,-2,0,0,0,0,0.6,0,0.2,-5.2,-4,-9.551020408,0.193877551
JVASP-136056,14.3,244.7,10.4,0,0,0,244.7,14.3,10.4,0,0,0,10.4,10.4,106.8,0,0,0,0,0,0,-115.2,0,0,0,0,0,0,0.7,0,0,0,0,0,0,0.7,74.04444444,-31.43333333,-109.8435938,0.747246985
JVASP-136057,228.5,153.6,153.6,0,0,0,153.6,228.5,153.6,0,0,0,153.6,153.6,228.5,0,0,0,0,0,0,140.7,0,0,0,0,0,0,140.7,0,0,0,0,0,0,140.7,178.5666667,99.4,251.5284837,0.265233821
JVASP-85484,21.4,13.7,9,0,1.7,0,13.7,29.9,3.6,0,-0.3,0,9,3.6,15.9,0,2.8,0,0,0,0,15.9,0,1.8,1.7,-0.3,2.8,0,5.2,0,0,0,0,1.8,0,12.5,13.31111111,9.446666667,22.91840151,0.213041717
JVASP-117913,0.2,-0.1,-0.2,0,0,0,-0.1,-9.8,-5.5,0,2.3,0,-0.2,-5.5,-18.1,0,3,0,0,0,0,-7.8,0,-0.3,0,2.3,3,0,-0.2,0,0,0,0,-0.3,0,0.2,-4.366666667,-3.02,-7.362655087,0.21898263
JVASP-117914,57.2,26.2,-2.8,0,0,0,26.2,57.2,-2.8,0,0,0,-2.8,-2.8,75.4,0,0,0,0,0,0,-1,0,0,0,0,0,0,-3.2,0,0,0,0,0,0,-3.2,25.66666667,9.8,26.08064516,0.330645161
JVASP-117915,59.6,30.7,18.6,0,0,0,30.7,59.6,18.6,0,0,0,18.6,18.6,24.4,0,0,0,0,0,0,30,0,0,0,0,0,0,18.8,0,0,0,0,0,0,18.8,31.04444444,18.56666667,46.44159952,0.250671441
JVASP-120050,8.4,8.3,13.6,0,0,0,8.3,8.4,13.6,0,0,0,13.6,13.6,-4.7,0,0,0,0,0,0,7.3,0,0,0,0,0,0,10.1,0,0,0,0,0,0,10.1,9.233333333,3.94,10.34810367,0.313211125
JVASP-91985,128,86.4,80.1,-16.3,-6.1,-11.6,86.4,127.5,79.7,-15.9,-11.8,-6.1,80.1,79.7,170.9,-21.4,-11.7,-11.7,-16.3,-15.9,-21.4,48.1,-4.2,-4.2,-6.1,-11.8,-11.7,-4.2,36.3,-17,-11.6,-6.1,-11.7,-4.2,-17,36.6,102.0888889,36.21333333,97.1525656,0.341392198
JVASP-8704,217.2,38.9,42.6,0,1.2,0,38.9,86.7,82,0,-44.5,0,42.6,82,123.1,0,55.1,0,0,0,0,-1.7,0,10.1,1.2,-44.5,55.1,0,-49.5,0,0,0,0,10.1,0,34,83.77777778,14.12666667,40.12471433,0.420176298
JVASP-90487,154,33.7,47.8,0,-7.1,-7.6,33.7,154,47.8,0,7.1,7.6,47.8,47.8,202.9,0,0,0,0,0,0,60.1,7.6,-7.1,-7.1,7.1,0,7.6,103.1,0,-7.6,7.6,0,-7.1,0,103.1,85.5,78.7,180.6672136,0.147822196
JVASP-93411,104,4.9,47.4,0,1.9,0,4.9,97.8,46.5,0,-3.1,0,47.4,46.5,144.8,0,-3.2,0,0,0,0,80.1,0,9.2,1.9,-3.1,-3.2,0,58.6,0,0,0,0,9.2,0,66,60.46666667,57.46,130.9123838,0.139161015
JVASP-52377,125.8,-28.3,51.5,0,0,0,-28.3,136.5,41.7,0,0,0,51.5,41.7,154.6,0,0,0,0,0,0,48.6,0,0,0,0,0,0,60.4,0,0,0,0,0,0,68.7,60.74444444,59.00666667,133.7213757,0.133103963
JVASP-116433,230.5,285.5,8.4,0,0,0,285.5,230.5,8.4,0,0,0,8.4,8.4,199.5,0,0,0,0,0,0,-27.5,0,0,0,0,0,0,49.1,0,0,0,0,0,0,49.1,140.5666667,38.02,104.6269512,0.375946228
JVASP-116435,27.4,90.9,34.9,0,0,-42.2,90.9,-120.4,46.9,0,0,76.1,34.9,46.9,-11.5,0,0,5,0,0,0,-25.4,19.2,0,0,0,0,19.2,-51,0,-42.2,76.1,5,0,0,-20.1,26.76666667,-37.78,-214.0452023,1.832784572
JVASP-116436,12.1,106,91.6,-26.4,11.7,-5.6,106,-37.9,83.9,-7.8,-4.9,0.7,91.6,83.9,-56.3,-10.7,-8.2,10.6,-26.4,-7.8,-10.7,-64.2,-19.1,2.6,11.7,-4.9,-8.2,-19.1,-40.7,-7.5,-5.6,0.7,10.6,2.6,-7.5,-14.5,53.43333333,-48.12,-206.2837226,1.143430201
JVASP-135480,107.6,85.9,18.8,0,0,0,85.9,107.6,18.8,0,0,0,18.8,18.8,59.6,0,0,0,0,0,0,-47.5,0,0,0,0,0,0,-4.2,0,0,0,0,0,0,-4.2,57.97777778,-1.093333333,-3.300748284,0.509488544
JVASP-89921,64.9,13.2,14,0,-2,0,13.2,29.8,13.6,0,-0.9,0,14,13.6,33.9,0,-6.7,0,0,0,0,2.3,0,-3.4,-2,-0.9,-6.7,0,15.4,0,0,0,0,-3.4,0,6.9,23.35555556,10.77333333,28.01279894,0.300098961
JVASP-9413,30.7,1.8,7,0,-1,0,1.8,36.3,13.3,0,7.2,0,7,13.3,17.7,0,-0.9,0,0,0,0,4.9,0,-0.6,-1,7.2,-0.9,0,8,0,0,0,0,-0.6,0,4.1,14.32222222,7.573333333,19.31544651,0.275227543
JVASP-154352,18.7,8.9,8.1,0.2,1.2,0.1,8.9,35.3,9.1,2.4,-5.3,1.2,8.1,9.1,25.7,1,-2.9,0.1,0.2,2.4,1,8.2,-1.8,1.7,1.2,-5.3,-2.9,-1.8,9.8,-0.3,0.1,1.2,0.1,1.7,-0.3,6.6,14.65555556,8.493333333,21.35475918,0.257148303
JVASP-75449,47.4,71.5,71.5,0,0,0,71.5,47.4,71.5,0,0,0,71.5,71.5,47.4,0,0,0,0,0,0,-0.3,0,0,0,0,0,0,-0.3,0,0,0,0,0,0,-0.3,63.46666667,-5,-15.40453074,0.540453074
JVASP-9408,201.5,26.8,17.4,0,-9.1,0,26.8,72.2,14.6,0,-6.4,0,17.4,14.6,64,0,-0.3,0,0,0,0,14,0,-6.7,-9.1,-6.4,-0.3,0,31.9,0,0,0,0,-6.7,0,25.8,50.58888889,32.93333333,81.18325212,0.232539253
JVASP-10554,144.9,78.4,47.5,0,-31.8,0,78.4,123.5,55.6,0,-28.1,0,47.5,55.6,218.6,0,26,0,0,0,0,40.7,0,-0.8,-31.8,-28.1,26,0,101.8,0,0,0,0,-0.8,0,27,94.44444444,54.26666667,136.6311216,0.258886256
JVASP-120003,18.7,69.5,67.8,25.1,29.1,-2.2,69.5,-48.9,-53.5,-25,-49.6,8.1,67.8,-53.5,-98,-54.5,-69.1,7.3,25.1,-25,-54.5,-40.8,-39.2,1.6,29.1,-49.6,-69.1,-39.2,-61.1,3.4,-2.2,8.1,7.3,1.6,3.4,-1.9,4.377777778,-34.89333333,63.18002451,-1.905330882
JVASP-120001,44.5,51.4,34.2,0,0,0,51.4,44.5,34.2,0,0,0,34.2,34.2,93.3,0,0,0,0,0,0,32.1,0,0,0,0,0,0,-12.1,0,0,0,0,0,0,-12.1,46.87777778,5.746666667,16.56318258,0.441112174
JVASP-120002,10.6,81.1,52.1,-5.4,-1.1,-3.6,81.1,-88.6,-25.5,21.1,-7.7,14.9,52.1,-25.5,-35.9,12.8,-12.5,14.1,-5.4,21.1,12.8,-17.5,4.8,-4.7,-1.1,-7.7,-12.5,4.8,-31,11,-3.6,14.9,14.1,-4.7,11,-9.2,11.27777778,-26.31333333,-355.1600177,5.748670213
JVASP-138259,151.9,23.9,-1.2,0,0,0,23.9,151.9,-1.2,0,0,0,-1.2,-1.2,104.8,0,0,0,0,0,0,11.9,0,0,0,0,0,0,-10.4,0,0,0,0,0,0,-10.4,50.17777778,24.02666667,62.15881454,0.293538038
JVASP-138260,-4.1,-1.6,-0.5,0,0.5,0,-1.6,-5.9,-6.6,0,3,0,-0.5,-6.6,-19.7,0,1.6,0,0,0,0,-5.6,0,0.7,0.5,3,1.6,0,-4.9,0,0,0,0,0.7,0,0.8,-5.233333333,-3.34,-8.262289916,0.236869748
JVASP-138261,-94.4,147,62.8,-15.3,-34.6,18.6,147,-240.5,53.5,4.7,-8.1,-18.2,62.8,53.5,-86.1,34,29.5,4.9,-15.3,4.7,34,-64.1,-10.7,-11.9,-34.6,-8.1,29.5,-10.7,-76.6,20.6,18.6,-18.2,4.9,-11.9,20.6,-56.2,11.73333333,-85,180.2409639,-2.060240964
JVASP-151101,210.1,24.9,29.6,0,-4,0,24.9,159.4,99,0,17.2,0,29.6,99,152.5,0,5.5,0,0,0,0,24.8,0,-15.9,-4,17.2,5.5,0,72.6,0,0,0,0,-15.9,0,28.4,92.11111111,49.72666667,126.4288986,0.271238422
JVASP-10177,179.3,17.2,10.8,0,-5.1,0,17.2,50.6,16.2,0,-7.8,0,10.8,16.2,51.8,0,-1,0,0,0,0,12.7,0,-6.1,-5.1,-7.8,-1,0,23.7,0,0,0,0,-6.1,0,21,41.12222222,27.31333333,67.08697018,0.228099283
JVASP-139703,11,96.3,26.5,0,0,0,96.3,11,26.5,0,0,0,26.5,26.5,69.6,0,0,0,0,0,0,-48.8,0,0,0,0,0,0,14.6,0,0,0,0,0,0,14.6,43.35555556,-7.766666667,-24.77966748,0.595257563
JVASP-139704,128.2,1.5,-1,0,0,0,1.5,128.2,-1,0,0,0,-1,-1,143.4,0,0,0,0,0,0,10,0,0,0,0,0,0,-38.3,0,0,0,0,0,0,-38.3,44.31111111,13.36666667,36.4362725,0.362952837
JVASP-139705,-8.6,-1.2,-2.1,0,0.3,0,-1.2,-20.9,1,0,4.1,0,-2.1,1,-15.2,0,1.6,0,0,0,0,-2.5,0,0.4,0.3,4.1,1.6,0,-1.9,0,0,0,0,0.4,0,1.2,-5.477777778,-3.466666667,-8.588274707,0.238693467
JVASP-60643,144.2,55,70.4,0,9.2,0,55,191.9,53.7,0,-2,0,70.4,53.7,168,0,8,0,0,0,0,37,0,7.2,9.2,-2,8,0,33.6,0,0,0,0,7.2,0,44.1,95.81111111,44.60666667,115.8424547,0.298488134
JVASP-57096,208.8,131.4,95.1,28.5,0,0,131.4,208.8,95.1,-28.5,0,0,95.1,95.1,181.6,0,0,0,28.5,-28.5,0,76.2,0,0,0,0,0,0,46.2,0,0,0,0,0,0,46.2,138.0444444,52.22666667,139.1337393,0.332018183
JVASP-12736,59,8,35.9,0,0,0,8,35.5,16.2,0,0,0,35.9,16.2,43.9,0,0,0,0,0,0,5.6,0,0,0,0,0,0,15,0,0,0,0,0,0,28.9,28.73333333,15.12,38.59091986,0.276154757
JVASP-111827,54,23.2,18.6,0,1.2,0,23.2,54,18.6,0,-1.2,0,18.6,18.6,36.4,0,0,0,0,0,0,15.4,0,1.2,1.2,-1.2,0,0,14.9,0,0,0,0,1.2,0,14.9,29.46666667,14.64,37.67981366,0.286878882
JVASP-138268,84.8,2.1,43.5,0,0,0,2.1,84.8,43.5,0,0,0,43.5,43.5,126.2,0,0,0,0,0,0,3.7,0,0,0,0,0,0,7.3,0,0,0,0,0,0,7.3,52.66666667,17.44,47.11901505,0.350889193
JVASP-12477,181,71.1,71.3,0,0.5,0,71.1,256.6,66.7,0,33.5,0,71.3,66.7,141.8,0,52.2,0,0,0,0,48.5,0,13.7,0.5,33.5,52.2,0,72.3,0,0,0,0,13.7,0,91.9,110.8444444,67.22666667,167.763965,0.247748649
JVASP-136039,92.9,17.4,2.4,0,0,0,17.4,92.9,2.4,0,0,0,2.4,2.4,74.3,0,0,0,0,0,0,4.1,0,0,0,0,0,0,5.9,0,0,0,0,0,0,5.9,33.83333333,19.04,48.09756098,0.263066202
JVASP-136040,51.2,88.9,31.3,0,0,0,88.9,51.2,31.3,0,0,0,31.3,31.3,79.2,0,0,0,0,0,0,-22.2,0,0,0,0,0,0,24.3,0,0,0,0,0,0,24.3,53.84444444,7.286666667,20.91647119,0.435256486
JVASP-2244,76.1,19.6,20.1,0,10.1,0,19.6,76.1,20.1,0,-10.1,0,20.1,20.1,35,0,0,0,0,0,0,28.3,0,10.1,10.1,-10.1,0,0,19.4,0,0,0,0,10.1,0,19.4,34.08888889,21.91333333,54.13923874,0.235303592
JVASP-8174,81.2,22.4,21.3,0,10.7,0,22.4,81.2,21.3,0,-10.7,0,21.3,21.3,37.2,0,0,0,0,0,0,29.4,0,10.7,10.7,-10.7,0,0,20.9,0,0,0,0,10.7,0,20.9,36.62222222,23.21333333,57.49259593,0.23835287
JVASP-12144,77.9,24.5,22,0,11.7,0,24.5,77.9,22,0,-11.7,0,22,22,38.1,0,0,0,0,0,0,26.7,0,11.7,11.7,-11.7,0,0,24.6,0,0,0,0,11.7,0,24.6,36.76666667,23.54,58.1992379,0.236177525
JVASP-39202,197.1,88,88,0,0,0,88,197.1,88,0,0,0,88,88,197.1,0,0,0,0,0,0,36.2,0,0,0,0,0,0,36.2,0,0,0,0,0,0,36.2,124.3666667,43.54,116.9698589,0.343245968
JVASP-30438,108.1,7.9,23.4,0.1,8.3,-0.1,7.9,44.3,11.7,0,-0.7,0,23.4,11.7,53.6,0,7.6,0,0.1,0,0,11.1,0,10.1,8.3,-0.7,7.6,0,9.3,0,-0.1,0,0,10.1,0,38.1,32.44444444,22.56666667,54.95802057,0.217681401
JVASP-115307,-418.7,25.3,90.1,0,0,0,25.3,-423.2,43.2,0,0,0,90.1,43.2,-7.4,0,0,0,0,0,0,-32.6,0,0,0,0,0,0,-36.8,0,0,0,0,0,0,-23.5,-59.12222222,-85.77333333,-173.4437587,0.011058752
JVASP-13955,73.8,22.8,21.4,0,11.6,0,22.8,73.8,21.4,0,-11.6,0,21.4,21.4,36.1,0,0,0,0,0,0,25.5,0,11.6,11.6,-11.6,0,0,22.8,0,0,0,0,11.6,0,22.8,34.98888889,22.09333333,54.75516029,0.239178341
JVASP-92611,137.4,69.3,46.3,0,0,0,69.3,137.4,46.3,0,0,0,46.3,46.3,99.1,0,0,0,0,0,0,52.4,0,0,0,0,0,0,27.7,0,0,0,0,0,0,27.7,77.52222222,35.69333333,92.83247099,0.300417505
JVASP-99669,137.3,69.2,46.3,0,0,0,69.2,137.3,46.3,0,0,0,46.3,46.3,99.1,0,0,0,0,0,0,52.3,0,0,0,0,0,0,27.7,0,0,0,0,0,0,27.7,77.47777778,35.66666667,92.76526172,0.300447594
JVASP-12738,231.1,61.4,97.2,0,0,0,61.4,145,86.2,0,0,0,97.2,86.2,240.9,0,0,0,0,0,0,-1.4,0,0,0,0,0,0,83.1,0,0,0,0,0,0,83.4,122.9555556,57.83333333,149.9844543,0.296695571
JVASP-134203,-0.3,-1,-0.6,0,0,0,-1,5,-0.3,0,-0.6,0,-0.6,-0.3,-7.8,0,0.9,0,0,0,0,-0.9,0,0.2,0,-0.6,0.9,0,-3.6,0,0,0,0,0.2,0,0.4,-0.766666667,-0.9,-1.940625,0.078125
JVASP-134204,-16.9,4.7,-3.7,0,0,0,4.7,-16.9,-3.7,0,0,0,-3.7,-3.7,-45.5,0,0,0,0,0,0,3,0,0,0,0,0,0,-15.1,0,0,0,0,0,0,-15.1,-9.411111111,-10.54666667,-23.03513839,0.092057762
JVASP-134207,150.2,80.3,18,0,0,0,80.3,150.2,18,0,0,0,18,18,40.1,0,0,0,0,0,0,44.2,0,0,0,0,0,0,-4.8,0,0,0,0,0,0,-4.8,63.67777778,21.86666667,58.86231408,0.34593706
JVASP-29381,199,46.5,67.2,0,1.7,0,46.5,199.7,67,0,2.2,0,67.2,67,104.7,0,0.2,0,0,0,0,1.2,0,-1.8,1.7,2.2,0.2,0,13,0,0,0,0,-1.8,0,13.3,96.08888889,27.01333333,74.09645606,0.37147932
JVASP-26400,155.7,73,45,0,0,0,73,155.7,45,0,0,0,45,45,121.3,0,0,0,0,0,0,57.8,0,0,0,0,0,0,15.7,0,0,0,0,0,0,15.7,84.3,35.82,94.12799252,0.313902743
JVASP-136049,-500.9,229.3,82.2,0,0,0,229.3,-433.9,45.6,0,0,0,82.2,45.6,-16.9,0,0,0,0,0,0,-5.5,0,0,0,0,0,0,-40.4,0,0,0,0,0,0,-19.4,-26.38888889,-100.3133333,-132.7413454,-0.338366392
JVASP-136050,-7.4,1.7,-1.8,0,0,0,1.7,-7.4,-1.8,0,0,0,-1.8,-1.8,-67,0,0,0,0,0,0,1.5,0,0,0,0,0,0,-3.7,0,0,0,0,0,0,-3.7,-9.511111111,-6.506666667,-15.89528158,0.221461187
JVASP-136051,180.6,128.9,15.2,0,0,0,128.9,180.6,15.2,0,0,0,15.2,15.2,40.4,0,0,0,0,0,0,49.6,0,0,0,0,0,0,-14.3,0,0,0,0,0,0,-14.3,80.02222222,20.35333333,56.28780688,0.382766301
JVASP-22531,137.2,26.8,41.8,0,0,0,26.8,75.3,39.4,0,0,0,41.8,39.4,136.6,0,0,0,0,0,0,26,0,0,0,0,0,0,9.5,0,0,0,0,0,0,5.4,62.78888889,24.25333333,64.46034553,0.328896623
JVASP-24633,136.9,26.3,41.8,0,0,0,26.3,74.3,39.4,0,0,0,41.8,39.4,136.7,0,0,0,0,0,0,24.3,0,0,0,0,0,0,9.3,0,0,0,0,0,0,5.4,62.54444444,23.82666667,63.42585201,0.330984583
JVASP-29257,68.7,34,31.2,-0.9,-1.1,-4.1,34,80.5,21.8,-6.4,7.1,0.3,31.2,21.8,81.5,1.2,-3.7,-2.2,-0.9,-6.4,1.2,35.2,-3.8,1.2,-1.1,7.1,-3.7,-3.8,18.5,5.3,-4.1,0.3,-2.2,1.2,5.3,25.7,44.96666667,25.46,64.25331754,0.261848341
JVASP-29417,52.2,15,20.8,0,0,0,15,60.2,41.6,0,0,0,20.8,41.6,90.9,0,0,0,0,0,0,26.8,0,0,0,0,0,0,28.7,0,0,0,0,0,0,20.7,39.78888889,23.63333333,59.18249417,0.252097902
JVASP-21253,52.8,15.2,20.6,0,0,0,15.2,60.3,41.7,0,0,0,20.6,41.7,90.3,0,0,0,0,0,0,26.8,0,0,0,0,0,0,28.7,0,0,0,0,0,0,20.7,39.82222222,23.63333333,59.19068251,0.252271139
JVASP-115317,68.1,54.1,-7.3,0,0,0,54.1,68.1,-7.3,0,0,0,-7.3,-7.3,405.4,0,0,0,0,0,0,50.7,0,0,0,0,0,0,-2.4,0,0,0,0,0,0,-2.4,68.95555556,42.65333333,106.0863204,0.243587688
JVASP-115318,123.6,27.6,-3.2,0,0,0,27.6,123.6,-3.2,0,0,0,-3.2,-3.2,37.4,0,0,0,0,0,0,15.6,0,0,0,0,0,0,-3.2,0,0,0,0,0,0,-3.2,36.33333333,19.4,49.40654206,0.273364486
JVASP-115319,-5.1,-0.5,0.2,0,0.2,0,-0.5,-8.5,6.5,0,-1.2,0,0.2,6.5,-10.9,0,3.4,0,0,0,0,-1.4,0,-0.9,0.2,-1.2,3.4,0,-3.1,0,0,0,0,-0.9,0,0.7,-1.344444444,-2.806666667,-4.965009747,-0.115497076
