Material,c11,c12,c13,c14,c15,c16,c21,c22,c23,c24,c25,c26,c31,c32,c33,c34,c35,c36,c41,c42,c43,c44,c45,c46,c51,c52,c53,c54,c55,c56,c61,c62,c63,c64,c65,c66
JVASP-60798,607.6,80.7,40.2,-0.0,-0.0,-0.0,80.7,540.6,79.8,-0.0,0.0,-0.0,40.2,79.8,450.6,0.0,-0.0,0.0,-0.0,-0.0,0.0,251.9,-0.0,0.0,-0.0,0.0,-0.0,-0.0,220.4,-0.0,-0.0,-0.0,0.0,0.0,-0.0,221.0
JVASP-828,443.9,111.3,45.6,0.0,-26.3,0.0,111.3,443.9,45.6,0.0,26.3,0.0,45.6,45.6,599.5,0.0,0.0,0.0,0.0,0.0,0.0,166.3,0.0,-26.3,-26.3,26.3,0.0,0.0,210.4,0.0,0.0,0.0,0.0,-26.3,0.0,210.4
JVASP-25290,460.7,21.0,-12.0,-0.2,-1.5,0.0,21.0,393.9,115.3,0.3,-0.7,-0.1,-12.0,115.3,342.0,0.6,-12.9,-0.0,-0.2,0.3,0.6,53.8,-0.1,2.1,-1.5,-0.7,-12.9,-0.1,116.6,0.1,0.0,-0.1,-0.0,2.1,0.1,87.0
JVASP-14615,93.4,58.2,58.2,-0.0,-0.0,-0.0,58.2,93.4,58.2,0.0,-0.0,-0.0,58.2,58.2,93.4,-0.0,0.0,0.0,-0.0,0.0,-0.0,16.2,0.0,0.0,-0.0,-0.0,0.0,0.0,16.2,-0.0,-0.0,-0.0,0.0,0.0,0.0,16.2
JVASP-25408,29.7,74.5,74.5,-0.0,0.0,0.0,74.5,29.7,74.5,-0.0,0.0,0.0,74.5,74.5,29.7,0.0,0.0,0.0,-0.0,-0.0,0.0,38.1,0.0,0.0,0.0,0.0,0.0,0.0,38.1,0.0,0.0,0.0,0.0,0.0,0.0,38.1
JVASP-816,93.4,58.2,58.2,0.0,0.0,0.0,58.2,93.4,58.2,0.0,0.0,0.0,58.2,58.2,93.4,0.0,0.0,0.0,0.0,0.0,0.0,16.2,0.0,0.0,0.0,0.0,0.0,0.0,16.2,0.0,0.0,0.0,0.0,0.0,0.0,16.2
JVASP-14620,66.4,30.7,39.5,0.0,0.0,0.0,30.7,66.4,39.5,0.0,0.0,0.0,39.5,39.5,54.5,0.0,0.0,0.0,0.0,0.0,0.0,6.0,0.0,0.0,0.0,0.0,0.0,0.0,0.2,0.0,0.0,0.0,0.0,0.0,0.0,0.2
JVASP-14622,68.1,26.0,40.0,0.0,-0.0,0.0,26.0,100.6,22.6,-0.0,0.0,-0.0,40.0,22.6,76.1,0.0,-0.0,0.0,0.0,-0.0,0.0,23.8,-0.0,0.0,-0.0,0.0,0.0,-0.0,37.7,0.0,0.0,-0.0,0.0,0.0,0.0,31.5
JVASP-25097,78.1,29.1,30.1,0.0,-0.0,0.0,29.1,66.1,41.2,-0.0,0.0,0.0,30.1,41.2,61.2,-0.0,0.0,0.0,0.0,-0.0,-0.0,16.7,-0.0,0.0,-0.0,0.0,0.0,-0.0,28.9,0.0,0.0,0.0,0.0,0.0,0.0,-1.0
JVASP-25143,66.4,30.7,39.5,0.0,-0.0,0.0,30.7,66.4,39.5,0.0,0.0,0.0,39.5,39.5,54.5,0.0,0.0,0.0,0.0,0.0,0.0,6.0,0.0,0.0,-0.0,0.0,0.0,0.0,0.2,0.0,0.0,0.0,0.0,0.0,0.0,0.2
JVASP-885,68.1,26.0,40.0,0.0,0.0,0.0,26.0,100.6,22.6,0.0,0.0,0.0,40.0,22.6,76.1,0.0,0.0,0.0,0.0,0.0,0.0,23.8,0.0,0.0,0.0,0.0,0.0,0.0,37.7,0.0,0.0,0.0,0.0,0.0,0.0,31.5
JVASP-15845,78.1,29.1,30.1,-0.0,0.0,0.0,29.1,66.1,41.2,0.0,-0.0,0.0,30.1,41.2,61.2,0.0,-0.0,0.0,-0.0,0.0,0.0,16.7,-0.0,0.0,0.0,-0.0,-0.0,-0.0,28.9,0.0,0.0,0.0,0.0,0.0,0.0,-1.0
JVASP-25237,2.2974224999999997,0.7658075,4.594844999999999,5.3606525,3.8290375,1.531615,3.06323,3.06323,3.8290375,0.0,0.0,0.7658075,4.594844999999999,1.531615,0.0,1.531615,4.594844999999999,3.06323,3.06323,4.594844999999999,3.06323,0.0,1.531615,0.0,4.594844999999999,2.2974224999999997,1.531615,1.531615,5.3606525,4.594844999999999,2.2974224999999997,3.06323,0.7658075,5.3606525,0.0,3.8290375
JVASP-14824,54.4,23.9,29.0,0.0,-0.0,0.0,23.9,54.4,29.0,0.0,0.0,0.0,29.0,29.0,47.5,0.0,-0.0,0.0,0.0,0.0,0.0,6.6,0.0,0.0,-0.0,0.0,-0.0,0.0,8.7,0.0,0.0,0.0,0.0,0.0,0.0,8.7
JVASP-898,45.7,30.7,30.7,0.0,-0.3,0.0,30.7,40.5,34.8,0.0,-0.1,0.0,30.7,34.8,39.0,0.0,0.2,0.0,0.0,0.0,0.0,13.4,0.0,-0.5,-0.3,-0.1,0.2,0.0,5.8,0.0,0.0,0.0,0.0,-0.5,0.0,6.7
JVASP-110793,26.3,37.8,37.8,0.0,-0.0,0.0,37.8,26.3,37.8,-0.0,0.0,0.0,37.8,37.8,26.3,-0.0,-0.0,0.0,0.0,-0.0,-0.0,0.1,0.0,0.0,-0.0,0.0,-0.0,0.0,0.1,0.0,0.0,0.0,0.0,0.0,0.0,0.1
JVASP-14822,34.1,28.5,25.4,0.0,-0.0,0.0,28.5,34.1,25.4,-0.0,0.0,-0.0,25.4,25.4,49.1,0.0,0.0,0.0,0.0,-0.0,-0.0,2.8,0.0,0.0,-0.0,0.0,0.0,-0.0,8.4,-0.0,0.0,0.0,0.0,0.0,-0.0,8.4
JVASP-14696,30.6,31.0,31.0,0.0,0.0,-0.0,31.0,30.6,31.0,0.0,0.0,-0.0,31.0,31.0,30.6,0.0,0.0,0.0,0.0,0.0,0.0,14.7,0.0,0.0,0.0,0.0,0.0,0.0,14.7,0.0,-0.0,-0.0,0.0,0.0,0.0,14.7
JVASP-21200,30.6,31.0,31.0,-0.0,-0.0,-0.0,31.0,30.6,31.0,-0.0,-0.0,0.0,31.0,31.0,30.6,0.0,0.0,-0.0,-0.0,-0.0,0.0,14.7,0.0,0.0,-0.0,-0.0,0.0,0.0,14.7,0.0,-0.0,0.0,-0.0,0.0,0.0,14.7
JVASP-7806,46.7,17.4,29.0,0.0,0.0,0.0,17.4,46.7,29.0,-0.0,0.0,0.0,29.0,29.0,33.4,0.0,0.0,0.0,0.0,-0.0,0.0,-1.8,-0.0,-0.0,0.0,0.0,0.0,-0.0,10.5,-0.0,0.0,0.0,0.0,-0.0,-0.0,10.9
JVASP-25371,30.7,28.1,28.5,0.0,-3.1,0.0,28.1,30.7,28.5,-0.0,3.1,-0.0,28.5,28.5,41.4,0.0,-0.0,0.0,0.0,-0.0,0.0,1.3,0.0,-3.1,-3.1,3.1,-0.0,0.0,3.6,0.0,0.0,-0.0,0.0,-3.1,0.0,3.6
JVASP-25046,46.7,17.4,29.0,0.0,0.0,-0.0,17.4,46.7,29.0,0.0,0.0,0.0,29.0,29.0,33.4,0.0,-0.0,0.0,0.0,0.0,0.0,-1.8,0.0,0.0,0.0,0.0,-0.0,0.0,10.7,0.0,-0.0,0.0,0.0,0.0,0.0,10.7
JVASP-119951,48.4,32.7,7.2,0.0,0.0,-0.0,32.7,48.4,7.2,0.0,-0.0,-0.0,7.2,7.2,50.2,-0.0,0.0,0.0,0.0,-0.0,-0.0,7.9,0.0,-0.0,0.0,-0.0,0.0,0.0,-8.8,0.0,0.0,-0.0,0.0,0.0,0.0,-8.8
JVASP-961,49.3,39.2,39.2,0.0,0.0,0.0,39.2,49.3,39.2,0.0,0.0,0.0,39.2,39.2,49.3,0.0,0.0,0.0,0.0,0.0,0.0,16.0,0.0,0.0,0.0,0.0,0.0,0.0,16.0,0.0,0.0,0.0,0.0,0.0,0.0,16.0
JVASP-17815,2.07955587554e-312,2.07955587554e-312,2.07955587554e-312,2.07955587554e-312,2.07955587554e-312,2.07955587554e-312,2.07955587554e-312,2.07955587554e-312,2.07955587554e-312,2.07955587554e-312,2.07955587554e-312,2.07955587554e-312,2.07955587554e-312,2.07955587554e-312,2.07955587554e-312,2.07955587554e-312,2.07955587554e-312,2.07955587554e-312,2.07955587554e-312,2.07955587554e-312,2.07955587554e-312,2.07955587554e-312,2.07955587554e-312,2.07955587554e-312,2.07955587554e-312,2.07955587554e-312,2.07955587554e-312,2.07955587554e-312,2.07955587554e-312,2.07955587554e-312,2.07955587554e-312,2.07955587554e-312,2.07955587554e-312,2.07955587554e-312,2.07955587554e-312,2.07955587554e-312
JVASP-17723,49.3,39.2,39.2,-0.0,-0.0,-0.0,39.2,49.3,39.2,0.0,-0.0,0.0,39.2,39.2,49.3,0.0,0.0,-0.0,-0.0,0.0,0.0,16.0,-0.0,0.0,-0.0,-0.0,0.0,-0.0,16.0,0.0,-0.0,0.0,-0.0,0.0,0.0,16.0
JVASP-25166,26.8,49.1,49.1,-0.0,0.0,0.0,49.1,26.8,49.1,-0.0,0.0,-0.0,49.1,49.1,26.8,0.0,-0.0,-0.0,-0.0,-0.0,0.0,18.5,0.0,0.0,0.0,0.0,-0.0,0.0,18.5,0.0,0.0,-0.0,-0.0,0.0,0.0,18.5
JVASP-111128,32.4,24.6,24.6,0.0,0.0,0.0,24.6,32.4,24.6,0.0,0.0,-0.0,24.6,24.6,32.4,-0.0,0.0,0.0,0.0,0.0,-0.0,9.0,0.0,0.0,0.0,0.0,0.0,0.0,9.0,0.0,0.0,-0.0,0.0,0.0,0.0,9.0
JVASP-14823,68.0,42.7,30.4,0.0,-0.0,-0.0,42.7,67.9,30.4,0.0,0.0,0.0,30.4,30.4,78.8,0.0,0.0,0.0,0.0,0.0,0.0,21.6,-0.0,-0.0,-0.0,0.0,0.0,-0.0,21.0,-0.0,-0.0,0.0,0.0,-0.0,-0.0,20.9
JVASP-14601,54.1,27.7,27.7,0.0,0.0,-0.0,27.7,54.1,27.7,-0.0,0.0,-0.0,27.7,27.7,54.1,0.0,-0.0,0.0,0.0,-0.0,0.0,24.1,0.0,-0.0,0.0,0.0,-0.0,0.0,24.1,0.0,-0.0,-0.0,0.0,-0.0,0.0,24.1
JVASP-15762,33.4,52.0,52.0,-0.0,-0.0,-0.0,52.0,33.4,52.0,-0.0,-0.0,0.0,52.0,52.0,33.4,0.0,-0.0,0.0,-0.0,-0.0,0.0,13.7,0.0,0.0,-0.0,-0.0,-0.0,0.0,13.7,0.0,-0.0,0.0,0.0,0.0,0.0,13.7
JVASP-78329,51.9,33.2,46.1,0.0,-0.0,0.0,33.2,51.9,46.1,0.0,0.0,0.0,46.1,46.1,62.4,0.0,0.0,-0.0,0.0,0.0,0.0,11.7,0.0,0.0,-0.0,0.0,0.0,0.0,13.5,0.0,0.0,0.0,-0.0,0.0,0.0,13.5
JVASP-25069,53.4,43.4,43.4,0.0,0.0,0.0,43.4,53.4,43.4,-0.0,0.0,-0.0,43.4,43.4,53.4,0.0,-0.0,-0.0,0.0,-0.0,0.0,14.2,0.0,0.0,0.0,0.0,-0.0,-0.0,14.2,0.0,0.0,-0.0,-0.0,-0.0,0.0,14.2
JVASP-1008,54.1,27.7,27.7,0.0,0.0,0.0,27.7,54.1,27.7,0.0,0.0,0.0,27.7,27.7,54.1,0.0,0.0,0.0,0.0,0.0,0.0,24.1,0.0,0.0,0.0,0.0,0.0,0.0,24.1,0.0,0.0,0.0,0.0,0.0,0.0,24.1
JVASP-25322,33.4,52.0,52.0,0.0,-0.0,-0.0,52.0,33.4,52.0,0.0,0.0,0.0,52.0,52.0,33.4,-0.0,0.0,-0.0,0.0,0.0,-0.0,13.7,0.0,0.0,-0.0,0.0,0.0,0.0,13.7,0.0,-0.0,0.0,-0.0,0.0,0.0,13.7
JVASP-14782,48.1,43.0,41.8,0.0,-0.0,0.0,43.0,48.1,41.8,0.0,-0.0,0.0,41.8,41.8,66.9,0.0,-0.0,0.0,0.0,0.0,0.0,27.8,0.0,0.0,-0.0,-0.0,-0.0,0.0,7.3,0.0,0.0,0.0,0.0,0.0,0.0,7.3
JVASP-25202,48.1,43.0,41.8,0.0,-0.0,0.0,43.0,48.1,41.8,0.0,0.0,0.0,41.8,41.8,66.9,0.0,-0.0,0.0,0.0,0.0,0.0,27.8,0.0,0.0,-0.0,0.0,-0.0,0.0,7.3,0.0,0.0,0.0,0.0,0.0,0.0,7.3
JVASP-14658,100.6,36.8,36.8,0.0,-0.0,0.0,36.8,100.6,36.8,0.0,0.0,-0.0,36.8,36.8,100.6,-0.0,0.0,0.0,0.0,0.0,-0.0,52.0,0.0,0.0,-0.0,0.0,0.0,0.0,52.0,-0.0,0.0,-0.0,0.0,-0.0,-0.0,52.0
JVASP-14819,123.4,44.5,32.5,0.0,0.0,0.0,44.5,123.4,32.5,0.0,-0.0,-0.0,32.5,32.5,116.3,0.0,0.0,-0.0,0.0,0.0,0.0,48.9,0.0,0.0,0.0,-0.0,0.0,0.0,39.4,-0.0,0.0,-0.0,-0.0,0.0,-0.0,39.4
JVASP-99584,95.6,85.3,15.3,0.0,0.0,-0.0,85.3,82.2,15.2,0.0,0.0,-0.0,15.3,15.2,156.2,0.0,0.0,-0.0,0.0,0.0,0.0,9.8,0.0,0.0,0.0,0.0,0.0,0.0,39.1,0.0,-0.0,-0.0,-0.0,0.0,0.0,38.7
JVASP-9092,133.9,16.6,25.3,-0.0,-0.0,0.0,16.6,133.9,25.3,0.0,-0.0,0.0,25.3,25.3,76.0,0.0,-0.0,0.0,-0.0,0.0,0.0,34.1,-0.0,0.0,0.0,-0.0,0.0,-0.0,44.2,-0.0,0.0,0.0,0.0,-0.0,-0.0,44.2
JVASP-25100,122.5,32.0,19.8,0.0,0.0,0.0,32.0,122.5,19.8,-0.0,0.0,-0.0,19.8,19.8,141.2,0.0,-0.0,-0.0,0.0,-0.0,0.0,45.2,0.0,0.0,-0.0,0.0,-0.0,0.0,35.3,0.0,0.0,-0.0,-0.0,-0.0,0.0,35.3
JVASP-25108,76.8,58.9,46.3,-0.0,0.0,0.0,58.9,76.8,46.3,0.0,0.0,0.0,46.3,46.3,81.7,0.0,-0.0,0.0,-0.0,0.0,0.0,8.9,0.0,0.0,0.0,0.0,-0.0,0.0,10.5,0.0,0.0,0.0,0.0,0.0,0.0,10.5
JVASP-25048,133.8,16.2,25.6,-0.0,0.0,0.0,16.2,133.8,25.6,0.0,-0.0,-0.0,25.6,25.6,76.2,-0.0,-0.0,-0.0,-0.0,-0.0,-0.0,34.2,-0.0,0.0,0.0,-0.0,-0.0,-0.0,44.3,0.0,0.0,-0.0,-0.0,0.0,0.0,44.3
JVASP-25334,123.3,44.4,32.5,-0.0,-0.0,-0.0,44.4,123.5,32.6,-0.0,-0.0,-0.0,32.5,32.6,116.3,-0.0,-0.0,-0.0,-0.0,-0.0,-0.0,48.9,0.0,0.0,-0.0,-0.0,-0.0,0.0,39.6,-0.0,-0.0,-0.0,-0.0,0.0,-0.0,39.3
JVASP-890,100.6,36.8,36.8,0.0,0.0,0.0,36.8,100.6,36.8,0.0,0.0,0.0,36.8,36.8,100.6,0.0,0.0,0.0,0.0,0.0,0.0,52.0,0.0,0.0,0.0,0.0,0.0,0.0,52.0,0.0,0.0,0.0,0.0,0.0,0.0,52.0
JVASP-25088,60.4,58.3,58.3,0.0,0.0,-0.0,58.3,60.4,58.3,0.0,0.0,-0.0,58.3,58.3,60.4,0.0,0.0,-0.0,0.0,0.0,0.0,14.4,0.0,0.0,0.0,0.0,0.0,-0.0,14.4,0.0,-0.0,-0.0,-0.0,0.0,0.0,14.4
JVASP-25413,33.6,73.4,73.4,-0.0,0.0,-0.0,73.4,33.6,73.4,-0.0,-0.0,0.0,73.4,73.4,33.6,0.0,-0.0,0.0,-0.0,-0.0,0.0,8.4,0.0,0.0,0.0,-0.0,-0.0,0.0,8.4,0.0,-0.0,0.0,0.0,0.0,0.0,8.4
JVASP-16730,60.4,58.3,58.3,-0.0,-0.0,-0.0,58.3,60.4,58.3,-0.0,-0.0,0.0,58.3,58.3,60.4,-0.0,0.0,-0.0,-0.0,-0.0,-0.0,14.4,-0.0,-0.0,-0.0,-0.0,0.0,0.0,14.4,-0.0,-0.0,0.0,-0.0,0.0,0.0,14.4
JVASP-14847,170.2,37.3,37.3,-0.0,-0.0,-0.0,37.3,170.2,37.3,0.0,0.0,-0.0,37.3,37.3,170.2,0.0,0.0,-0.0,-0.0,0.0,0.0,64.6,-0.0,0.0,-0.0,-0.0,0.0,-0.0,64.6,0.0,-0.0,-0.0,-0.0,0.0,0.0,64.6
JVASP-14831,169.4,64.9,66.7,0.0,0.0,0.0,64.9,169.4,66.7,-0.0,-0.0,-0.0,66.7,66.7,123.1,0.0,0.0,0.0,0.0,-0.0,0.0,88.8,0.0,0.0,0.0,-0.0,0.0,0.0,65.1,-0.0,0.0,-0.0,0.0,0.0,0.0,65.1
JVASP-91933,163.5,33.2,44.6,-0.0,8.4,-0.0,33.2,134.6,52.8,0.0,-7.5,0.0,44.6,52.8,161.3,-0.0,-8.2,-0.0,-0.0,0.0,-0.0,38.9,-0.0,5.8,8.4,-7.5,-8.2,-0.0,58.2,-0.0,-0.0,0.0,-0.0,5.8,-0.0,65.1
JVASP-14636,53.5,72.5,72.5,0.0,0.0,-0.0,72.5,53.5,72.5,-0.0,0.0,-0.0,72.5,72.5,53.5,-0.0,-0.0,-0.0,0.0,-0.0,-0.0,3.5,0.0,0.0,0.0,0.0,-0.0,0.0,3.5,0.0,-0.0,-0.0,-0.0,0.0,0.0,3.5
JVASP-96736,150.0,55.9,55.9,-0.0,0.0,-0.0,55.9,150.0,55.9,-0.0,-0.0,0.0,55.9,55.9,150.0,0.0,-0.0,0.0,-0.0,-0.0,0.0,74.1,0.0,0.0,0.0,-0.0,-0.0,0.0,74.1,-0.0,-0.0,0.0,0.0,0.0,-0.0,74.1
JVASP-14670,132.5,99.9,27.9,0.0,0.0,-0.0,99.9,132.5,27.9,0.0,0.0,0.0,27.9,27.9,256.1,0.0,0.0,0.0,0.0,0.0,0.0,16.3,-0.0,-0.0,0.0,-0.0,0.0,-0.0,81.2,0.0,-0.0,0.0,0.0,-0.0,0.0,81.2
JVASP-14595,224.2,50.2,52.3,0.0,0.0,0.0,50.2,162.2,40.8,-0.0,-0.0,-0.0,52.3,40.8,128.7,-0.0,-0.0,-0.0,0.0,-0.0,-0.0,84.0,-0.0,0.0,0.0,-0.0,-0.0,-0.0,33.5,-0.0,0.0,-0.0,-0.0,0.0,-0.0,72.0
JVASP-7837,178.8,48.5,31.5,-0.0,0.0,-0.0,48.5,178.8,31.5,0.0,0.0,0.0,31.5,31.5,204.3,0.0,0.0,0.0,-0.0,0.0,0.0,65.2,-0.0,-0.0,-0.0,-0.0,0.0,-0.0,48.2,-0.0,-0.0,0.0,0.0,-0.0,-0.0,48.2
JVASP-78726,123.1,66.6,66.9,0.0,0.0,-0.0,66.6,169.5,64.7,0.0,0.0,-0.0,66.9,64.7,169.6,-0.0,0.0,0.0,0.0,0.0,-0.0,65.0,0.0,-0.0,0.0,0.0,0.0,0.0,88.8,0.0,-0.0,-0.0,0.0,-0.0,0.0,65.1
JVASP-25124,91.4,69.9,53.1,0.0,0.0,-0.0,69.9,91.4,53.1,0.0,0.0,0.0,53.1,53.1,85.8,-0.0,-0.0,0.0,0.0,0.0,-0.0,10.8,-0.0,0.0,0.0,0.0,-0.0,-0.0,8.6,0.0,-0.0,0.0,0.0,-0.0,0.0,8.6
JVASP-25149,178.8,48.5,31.5,-0.0,-0.0,0.0,48.5,178.8,31.5,0.0,0.0,-0.0,31.5,31.5,204.3,0.0,-0.0,-0.0,-0.0,0.0,0.0,65.2,0.0,0.0,0.0,0.0,-0.0,0.0,48.2,-0.0,0.0,-0.0,-0.0,-0.0,-0.0,48.2
JVASP-25151,170.2,37.3,37.3,-0.0,0.0,0.0,37.3,170.2,37.3,-0.0,0.0,0.0,37.3,37.3,170.2,0.0,-0.0,0.0,-0.0,-0.0,0.0,64.6,0.0,-0.0,0.0,0.0,-0.0,0.0,64.6,-0.0,0.0,0.0,0.0,-0.0,0.0,64.6
JVASP-25064,42.8,93.0,93.0,0.0,-0.0,-0.0,93.0,42.8,93.0,-0.0,0.0,0.0,93.0,93.0,42.8,-0.0,-0.0,0.0,0.0,-0.0,-0.0,12.1,0.0,0.0,-0.0,0.0,-0.0,0.0,12.1,0.0,-0.0,0.0,0.0,0.0,0.0,12.1
JVASP-25173,53.5,72.5,72.5,-0.0,-0.0,-0.0,72.5,53.5,72.5,0.0,-0.0,-0.0,72.5,72.5,53.5,0.0,0.0,0.0,-0.0,0.0,0.0,3.5,0.0,-0.0,0.0,-0.0,0.0,-0.0,3.5,0.0,-0.0,-0.0,0.0,-0.0,0.0,3.5
JVASP-25132,230.9,45.5,48.7,0.0,-0.0,-0.0,45.5,165.5,43.3,-0.0,0.0,0.0,48.7,43.3,131.2,-0.0,0.0,0.0,0.0,-0.0,-0.0,86.4,0.0,0.0,-0.0,0.0,0.0,0.0,34.8,0.0,-0.0,0.0,0.0,0.0,0.0,73.3
JVASP-16237,91.4,69.9,53.1,-0.0,-0.0,0.0,69.9,91.4,53.1,0.0,0.0,-0.0,53.1,53.1,85.8,-0.0,-0.0,0.0,-0.0,0.0,-0.0,10.8,0.0,0.0,-0.0,0.0,-0.0,0.0,8.6,0.0,0.0,-0.0,0.0,-0.0,0.0,8.6
JVASP-25300,19.1,10.6,19.5,-10.8,12.3,14.3,10.6,17.5,35.8,7.2,18.3,4.8,19.5,35.8,21.3,-16.1,-1.2,-15.9,-10.8,7.2,-16.1,-4.7,2.8,-7.3,12.3,18.3,-1.2,2.8,1.4,-9.6,14.3,4.8,-15.9,-7.3,-9.6,-22.0
JVASP-25094,107.7,34.4,48.4,0.0,-0.0,0.0,34.4,70.1,36.2,0.0,-0.0,0.0,48.4,36.2,124.0,0.0,-0.0,0.0,0.0,0.0,0.0,-39.3,-0.0,0.0,-0.0,-0.0,-0.0,-0.0,-50.1,0.0,0.0,0.0,0.0,0.0,0.0,51.0
JVASP-1002,150.0,55.9,55.9,0.0,0.0,0.0,55.9,150.0,55.9,0.0,0.0,0.0,55.9,55.9,150.0,0.0,0.0,0.0,0.0,0.0,0.0,74.1,0.0,0.0,0.0,0.0,0.0,0.0,74.1,0.0,0.0,0.0,0.0,0.0,0.0,74.1
JVASP-25174,132.5,99.9,27.9,-0.0,0.0,0.0,99.9,132.5,27.9,-0.0,0.0,-0.0,27.9,27.9,256.1,0.0,-0.0,0.0,-0.0,-0.0,0.0,16.3,0.0,0.0,0.0,-0.0,-0.0,0.0,81.2,0.0,0.0,0.0,0.0,0.0,0.0,81.2
JVASP-25255,174.4,36.0,36.9,-0.0,-7.8,-10.2,36.0,174.4,36.9,-0.0,7.8,10.2,36.9,36.9,140.3,-0.0,0.0,-0.0,-0.0,-0.0,-0.0,69.2,10.2,-7.8,-7.8,7.8,0.0,10.2,62.9,-0.0,-10.2,10.2,-0.0,-7.8,-0.0,62.9
JVASP-25362,169.4,64.9,66.7,-0.0,-0.0,-0.0,64.9,169.4,66.7,0.0,0.0,0.0,66.7,66.7,123.1,0.0,-0.0,-0.0,-0.0,0.0,0.0,88.8,0.0,0.0,-0.0,0.0,-0.0,0.0,65.1,-0.0,-0.0,0.0,0.0,0.0,0.0,65.1
JVASP-25368,143.0,45.4,45.4,0.0,-0.0,0.0,45.4,143.0,45.4,0.0,-0.0,0.0,45.4,45.4,143.0,-0.0,0.0,-0.0,0.0,0.0,-0.0,43.9,-0.0,0.0,-0.0,-0.0,0.0,-0.0,43.9,0.0,-0.0,0.0,-0.0,0.0,0.0,43.9
JVASP-25415,135.8,54.1,40.8,-0.0,-0.0,0.0,54.1,135.8,40.8,0.0,0.0,-0.0,40.8,40.8,178.6,-0.0,-0.0,-0.0,-0.0,0.0,-0.0,30.6,0.0,0.0,-0.0,0.0,-0.0,0.0,49.2,-0.0,0.0,-0.0,-0.0,0.0,-0.0,49.1
JVASP-91623,1105.1,78.0,32.1,0.0,-0.0,0.0,78.0,1073.7,92.5,-0.0,0.0,-0.0,32.1,92.5,1189.5,-0.0,-0.0,0.0,0.0,-0.0,-0.0,366.1,0.0,0.0,-0.0,0.0,-0.0,0.0,501.6,-0.0,0.0,-0.0,0.0,0.0,0.0,454.4
JVASP-96837,1038.7,183.9,-4.3,0.0,-0.4,-0.0,183.9,1038.7,-4.3,-0.0,0.4,-0.0,-4.3,-4.3,42.4,0.0,-0.0,-0.0,0.0,-0.0,0.0,427.4,0.0,-0.4,-0.4,0.4,-0.0,0.0,0.3,0.0,-0.0,-0.0,-0.0,-0.4,-0.0,0.3
JVASP-7843,1057.7,191.6,-3.4,-0.0,-2.3,-0.0,191.6,1057.8,-3.3,0.0,2.3,-0.0,-3.4,-3.3,41.3,-0.0,0.0,-0.0,-0.0,0.0,-0.0,432.8,-0.0,-2.3,-2.3,2.3,0.0,-0.0,4.3,0.0,-0.0,-0.0,-0.0,-2.3,0.0,4.1
JVASP-8006,1083.8,38.1,38.1,-0.0,0.0,0.0,38.1,1083.8,38.1,0.0,0.0,-0.0,38.1,38.1,1083.8,-0.0,-0.0,-0.0,-0.0,0.0,-0.0,491.6,0.0,0.0,-0.0,-0.0,-0.0,0.0,491.6,0.0,0.0,-0.0,-0.0,0.0,0.0,491.6
JVASP-8067,1189.8,100.0,16.8,-0.0,-0.0,-0.0,100.0,1189.8,16.8,0.0,0.0,-0.0,16.8,16.8,1291.6,-0.0,0.0,-0.0,-0.0,0.0,-0.0,544.9,0.0,0.0,-0.0,0.0,0.0,0.0,461.2,-0.0,-0.0,-0.0,-0.0,0.0,-0.0,461.2
JVASP-29568,1006.6,182.4,-4.8,0.0,0.0,0.0,182.4,1006.6,-4.8,-0.0,0.0,0.0,-4.8,-4.8,37.8,-0.0,0.0,-0.0,0.0,-0.0,-0.0,412.1,-0.0,-0.0,0.0,-0.0,0.0,-0.0,-4.6,0.0,0.0,0.0,-0.0,-0.0,0.0,-4.6
JVASP-29885,1059.5,188.9,-0.3,-0.0,-1.8,-0.0,188.9,1066.1,-6.9,0.0,1.6,0.0,-0.3,-6.9,41.7,0.0,-0.5,0.0,-0.0,0.0,0.0,431.7,-0.0,-1.0,-1.8,1.6,-0.5,-0.0,4.8,-0.0,-0.0,0.0,0.0,-1.0,-0.0,4.2
JVASP-91,1061.0,125.6,125.6,0.0,0.0,0.0,125.6,1061.0,125.6,0.0,0.0,0.0,125.6,125.6,1061.0,0.0,0.0,0.0,0.0,0.0,0.0,559.3,0.0,0.0,0.0,0.0,0.0,0.0,559.3,0.0,0.0,0.0,0.0,0.0,0.0,559.3
JVASP-29213,994.8,180.1,-4.2,-0.0,0.0,-0.0,180.1,994.8,-4.2,0.0,-0.0,0.0,-4.2,-4.2,33.0,-0.0,-0.0,0.0,-0.0,0.0,-0.0,407.3,0.0,0.0,0.0,-0.0,-0.0,0.0,-4.3,0.0,-0.0,-0.0,0.0,0.0,0.0,-4.3
JVASP-25071,994.7,180.1,-4.2,-0.0,0.0,0.0,180.1,994.7,-4.2,0.0,-0.0,-0.0,-4.2,-4.2,33.0,0.0,0.0,-0.0,-0.0,0.0,-0.0,407.3,-0.0,0.0,0.0,-0.0,-0.0,-0.0,-4.3,-0.0,-0.0,-0.0,-0.0,-0.0,-0.0,-4.3
JVASP-25055,932.5,175.0,61.7,-0.0,0.0,0.0,175.0,932.5,61.7,0.0,-0.0,-0.0,61.7,61.7,1195.3,0.0,0.0,0.0,-0.0,0.0,0.0,323.3,-0.0,-0.0,0.0,-0.0,0.0,-0.0,447.9,-0.0,0.0,-0.0,0.0,-0.0,-0.0,447.9
JVASP-25274,1171.5,99.9,39.8,0.0,-0.0,-0.0,99.9,1171.5,39.8,-0.0,-0.0,0.0,39.8,39.8,1240.5,-0.0,0.0,-0.0,0.0,-0.0,-0.0,535.8,-0.0,-0.0,-0.0,-0.0,0.0,-0.0,478.3,-0.0,-0.0,0.0,-0.0,-0.0,-0.0,478.3
JVASP-843,1048.6,190.9,-0.9,0.0,0.0,0.0,190.9,1052.1,-6.7,0.0,0.0,0.0,-0.9,-6.7,40.8,0.0,0.0,0.0,0.0,0.0,0.0,430.2,0.0,0.0,0.0,0.0,0.0,0.0,-2.6,0.0,0.0,0.0,0.0,0.0,0.0,7.6
JVASP-25275,1164.1,99.6,48.1,-0.0,0.0,-0.0,99.6,1164.1,48.1,0.0,-0.0,0.0,48.1,48.1,1221.5,-0.0,0.0,-0.0,-0.0,0.0,-0.0,532.3,0.0,-0.0,0.0,-0.0,0.0,0.0,484.5,0.0,-0.0,0.0,-0.0,-0.0,0.0,484.5
JVASP-25225,823.3,140.7,122.9,0.0,0.0,0.0,140.7,352.5,89.3,-0.0,0.0,-0.0,122.9,89.3,968.6,0.0,-0.0,0.0,0.0,-0.0,0.0,177.5,0.0,-0.0,0.0,0.0,-0.0,-0.0,145.7,-0.0,0.0,-0.0,0.0,-0.0,-0.0,395.0
JVASP-25407,1058.6,191.9,-3.4,0.0,-0.0,0.0,191.9,1058.6,-3.4,-0.0,-0.0,0.0,-3.4,-3.4,41.2,-0.0,-0.0,-0.0,0.0,-0.0,-0.0,433.4,-0.0,-0.0,-0.0,-0.0,-0.0,-0.0,4.3,0.0,0.0,0.0,-0.0,-0.0,0.0,4.3
JVASP-25280,1160.0,99.2,52.2,-0.0,-0.0,-0.0,99.2,1160.0,52.2,0.0,0.0,0.0,52.2,52.2,1211.6,-0.0,-0.0,-0.0,-0.0,0.0,-0.0,530.4,-0.0,0.0,-0.0,0.0,-0.0,-0.0,487.6,-0.0,-0.0,0.0,-0.0,-0.0,-0.0,487.6
JVASP-25229,1006.6,182.4,-4.8,0.0,-0.0,-0.0,182.4,1006.6,-4.8,-0.0,0.0,0.0,-4.8,-4.8,37.8,-0.0,0.0,-0.0,0.0,-0.0,-0.0,412.1,-0.0,0.0,-0.0,-0.0,0.0,-0.0,-4.6,0.0,-0.0,0.0,-0.0,-0.0,0.0,-4.6
JVASP-25152,1057.7,191.6,-3.4,-0.0,-2.3,-0.0,191.6,1057.8,-3.3,0.0,2.3,-0.0,-3.4,-3.3,41.3,-0.0,0.0,-0.0,-0.0,0.0,-0.0,432.8,-0.0,-2.3,-2.3,2.3,0.0,-0.0,4.3,0.0,-0.0,-0.0,-0.0,-2.3,0.0,4.1
JVASP-25289,1065.3,188.8,-1.8,0.0,-2.2,0.0,188.8,1070.5,-6.0,-0.0,1.5,-0.0,-1.8,-6.0,44.0,0.0,1.6,0.0,0.0,-0.0,0.0,434.0,-0.0,-1.0,-2.2,1.5,1.6,-0.0,6.3,-0.0,0.0,-0.0,0.0,-1.0,-0.0,2.8
JVASP-25171,1083.8,38.1,38.1,-0.0,-0.0,0.0,38.1,1083.8,38.1,-0.0,-0.0,0.0,38.1,38.1,1083.8,-0.0,0.0,-0.0,-0.0,-0.0,-0.0,491.6,0.0,-0.0,-0.0,-0.0,0.0,0.0,491.6,-0.0,0.0,0.0,-0.0,-0.0,-0.0,491.6
JVASP-25116,194.5,290.8,290.8,-0.0,0.0,0.0,290.8,194.5,290.8,-0.0,-0.0,-0.0,290.8,290.8,194.5,0.0,-0.0,0.0,0.0,-0.0,-0.0,-214.6,-0.0,0.0,0.0,0.0,-0.0,-0.0,-214.6,-0.0,0.0,-0.0,-0.0,0.0,-0.0,-214.6
JVASP-25306,1061.0,125.6,125.6,0.0,0.0,0.0,125.6,1061.0,125.6,0.0,0.0,0.0,125.6,125.6,1061.0,0.0,-0.0,0.0,0.0,0.0,0.0,559.3,-0.0,-0.0,0.0,0.0,-0.0,-0.0,559.3,-0.0,0.0,0.0,0.0,-0.0,-0.0,559.3
JVASP-30458,1050.9,188.9,-1.5,-0.0,-0.0,0.0,188.9,1053.6,-5.9,0.0,0.0,0.0,-1.5,-5.9,40.0,0.0,0.0,0.0,-0.0,0.0,0.0,425.5,-0.0,0.0,-0.0,0.0,0.0,-0.0,-2.6,0.0,0.0,0.0,0.0,0.0,0.0,7.4
JVASP-29709,588.2,146.7,1.7,-0.0,-0.0,0.0,146.7,330.4,0.7,0.0,0.0,-0.0,1.7,0.7,25.2,0.0,-0.0,0.0,-0.0,0.0,0.0,188.5,-0.0,-0.0,-0.0,0.0,-0.0,-0.0,-4.4,-0.0,0.0,-0.0,-0.0,-0.0,-0.0,-5.4
JVASP-48,1058.9,191.9,-3.4,0.0,0.0,0.0,191.9,1058.9,-3.4,0.0,0.0,0.0,-3.4,-3.4,41.4,0.0,0.0,0.0,0.0,0.0,0.0,433.5,0.0,0.0,0.0,0.0,0.0,0.0,4.3,0.0,0.0,0.0,0.0,0.0,0.0,4.3
JVASP-25243,502.2,222.9,222.9,-0.0,0.0,-0.0,222.9,502.2,222.9,0.0,-0.0,-0.0,222.9,222.9,502.2,0.0,0.0,0.0,-0.0,0.0,0.0,289.3,0.0,-0.0,0.0,-0.0,0.0,0.0,289.3,-0.0,-0.0,0.0,0.0,-0.0,-0.0,289.3
JVASP-25363,1050.9,188.9,-1.5,-0.0,-0.0,0.0,188.9,1053.6,-5.9,0.0,0.0,0.0,-1.5,-5.9,40.0,0.0,0.0,0.0,-0.0,0.0,0.0,425.4,0.0,0.0,-0.0,0.0,0.0,0.0,-2.6,0.0,0.0,0.0,0.0,0.0,0.0,7.4
JVASP-25258,588.2,146.7,1.7,-0.0,-0.0,-0.0,146.7,330.4,0.7,-0.0,0.0,-0.0,1.7,0.7,25.2,0.0,-0.0,-0.0,0.0,-0.0,0.0,188.5,-0.0,-0.0,-0.0,0.0,-0.0,-0.0,-4.4,0.0,-0.0,-0.0,-0.0,-0.0,0.0,-5.4
JVASP-25411,350.6,302.0,302.0,0.0,-0.0,-0.0,302.0,350.6,302.0,-0.0,-0.0,0.0,302.0,302.0,350.6,-0.0,0.0,0.0,0.0,-0.0,-0.0,431.9,0.0,0.0,-0.0,-0.0,0.0,0.0,431.9,0.0,-0.0,0.0,0.0,0.0,0.0,431.9
JVASP-25403,294.5,53.2,-0.0,0.0,0.0,-0.0,53.2,294.6,0.0,-0.0,-0.0,-0.0,-0.0,0.0,0.7,0.0,-0.0,0.0,0.0,-0.0,0.0,120.7,0.0,0.0,0.0,-0.0,-0.0,0.0,0.1,-0.0,-0.0,-0.0,0.0,0.0,-0.0,0.1
JVASP-25404,353.3,63.7,-0.0,0.0,0.0,-0.0,63.7,353.3,-0.0,-0.0,-0.0,0.0,-0.0,-0.0,-0.1,0.0,-0.0,-0.0,0.0,-0.0,0.0,144.8,0.0,0.0,0.0,-0.0,-0.0,0.0,0.2,0.0,0.0,0.0,-0.0,0.0,0.0,0.2
JVASP-25182,1189.8,100.0,16.8,0.0,-0.0,0.0,100.0,1189.8,16.8,-0.0,-0.0,-0.0,16.8,16.8,1291.6,-0.0,-0.0,0.0,0.0,-0.0,-0.0,544.9,0.0,-0.0,-0.0,-0.0,-0.0,0.0,461.2,-0.0,0.0,-0.0,0.0,-0.0,-0.0,461.2
JVASP-135299,1002.0,180.4,-4.3,-0.0,-0.0,0.0,180.4,1002.0,-4.3,0.0,-0.0,-0.0,-4.3,-4.3,38.7,-0.0,-0.0,-0.0,-0.0,0.0,-0.0,410.8,-0.0,0.0,0.0,-0.0,-0.0,0.0,-4.5,0.0,0.0,-0.0,-0.0,0.0,0.0,-4.5
JVASP-135302,609.1,82.9,39.5,-0.0,0.0,0.0,82.9,609.1,39.5,0.0,0.0,0.0,39.5,39.5,811.8,0.0,0.0,-0.0,0.0,0.0,0.0,263.1,0.0,-0.0,0.0,0.0,0.0,0.0,-177.8,0.0,-0.0,0.0,-0.0,-0.0,0.0,-177.8
JVASP-135340,437.3,121.0,87.8,-0.0,-0.0,0.0,121.0,155.7,5.6,0.0,-0.0,-0.0,87.8,5.6,736.1,-0.0,-0.0,0.0,-0.0,0.0,-0.0,74.3,-0.0,0.0,-0.0,-0.0,-0.0,-0.0,-21.0,0.0,0.0,-0.0,0.0,0.0,0.0,337.3
JVASP-154638,1071.0,85.7,54.6,0.0,0.0,0.0,85.7,1034.6,164.9,-0.0,-0.0,0.0,54.6,164.9,873.3,-0.0,-0.0,0.0,0.0,-0.0,-0.0,516.5,-0.0,-0.0,0.0,-0.0,-0.0,-0.0,451.6,-0.0,0.0,0.0,0.0,-0.0,-0.0,389.1
JVASP-1759,-24.8,-2.6,-1.1,0.0,0.0,0.0,-2.6,-24.8,-1.1,0.0,0.0,0.0,-1.1,-1.1,-26.2,0.0,0.0,0.0,0.0,0.0,0.0,-11.1,0.0,0.0,0.0,0.0,0.0,0.0,-8.3,0.0,0.0,0.0,0.0,0.0,0.0,-8.3
JVASP-21212,-16.3,-5.6,-5.6,0.0,0.0,0.0,-5.6,-16.3,-5.6,-0.0,-0.0,-0.0,-5.6,-5.6,-16.3,-0.0,0.0,-0.0,0.0,-0.0,-0.0,-13.3,0.0,0.0,0.0,-0.0,0.0,0.0,-13.3,0.0,0.0,-0.0,-0.0,0.0,0.0,-13.3
JVASP-78343,-83.7,308.9,308.9,0.0,0.0,-0.0,308.9,-83.7,308.9,0.0,-0.0,-0.0,308.9,308.9,-83.7,0.0,0.0,0.0,0.0,0.0,0.0,-176.3,0.0,0.0,0.0,-0.0,0.0,0.0,-176.3,0.0,-0.0,-0.0,0.0,0.0,0.0,-176.3
JVASP-78468,91.0,450.3,-5.5,0.0,0.0,-0.0,450.3,91.0,-5.5,0.0,0.0,-0.0,-5.5,-5.5,66.5,0.0,0.0,0.0,0.0,0.0,0.0,776.4,0.0,0.0,0.0,0.0,0.0,0.0,-0.1,0.0,-0.0,-0.0,0.0,0.0,0.0,-0.1
JVASP-25051,-7.3,10.1,10.1,0.0,-0.0,0.0,10.1,-7.3,10.1,0.0,-0.0,0.0,10.1,10.1,-7.3,0.0,-0.0,0.0,0.0,0.0,0.0,0.1,-0.0,-0.0,-0.0,-0.0,-0.0,-0.0,0.1,0.0,0.0,0.0,0.0,0.0,0.0,0.1
JVASP-25172,-11.0,11.9,11.9,-0.0,-0.0,0.0,11.9,-11.0,11.9,-0.0,-0.0,0.0,11.9,11.9,-11.0,0.0,-0.0,0.0,-0.0,-0.0,-0.0,-0.1,0.0,-0.0,-0.0,-0.0,-0.0,0.0,-0.1,0.0,0.0,0.0,0.0,0.0,0.0,-0.1
JVASP-25307,6.0,2.8,2.1,-0.0,-0.0,0.0,2.8,6.0,2.1,0.0,0.0,-0.0,2.1,2.1,10.1,0.0,0.0,-0.0,-0.0,0.0,0.0,1.6,0.0,0.0,-0.0,0.0,0.0,0.0,-2.1,-0.0,0.0,-0.0,-0.0,0.0,-0.0,-2.1
JVASP-25308,-16.3,-5.6,-5.6,-0.0,0.0,0.0,-5.6,-16.3,-5.6,0.0,0.0,-0.0,-5.6,-5.6,-16.3,0.0,0.0,-0.0,-0.0,0.0,0.0,-13.3,0.0,0.0,0.0,0.0,0.0,0.0,-13.3,0.0,0.0,-0.0,-0.0,0.0,0.0,-13.3
JVASP-20293,-11.0,11.9,11.9,-0.0,-0.0,-0.0,11.9,-11.0,11.9,-0.0,-0.0,-0.0,11.9,11.9,-11.0,-0.0,-0.0,-0.0,-0.0,-0.0,-0.0,-0.1,-0.0,0.0,-0.0,-0.0,-0.0,-0.0,-0.1,-0.0,-0.0,-0.0,-0.0,-0.0,-0.0,-0.1
JVASP-25138,-24.8,-2.6,-1.1,0.0,0.0,-0.0,-2.6,-24.8,-1.1,-0.0,0.0,0.0,-1.1,-1.1,-26.2,0.0,-0.0,0.0,0.0,0.0,0.0,-11.1,0.0,-0.0,0.0,-0.0,-0.0,0.0,-8.3,0.0,0.0,-0.0,-0.0,-0.0,0.0,-8.3
JVASP-20165,5.3,3.8,3.8,0.0,-0.0,-0.0,3.8,5.3,3.8,0.0,-0.0,0.0,3.8,3.8,5.3,-0.0,-0.0,-0.0,-0.0,-0.0,-0.0,2.4,-0.0,-0.0,-0.0,-0.0,-0.0,-0.0,2.4,-0.0,-0.0,0.0,-0.0,-0.0,-0.0,2.4
JVASP-25416,553.8,148.2,148.2,0.0,0.0,0.0,148.2,553.8,148.2,0.0,0.0,-0.0,148.2,148.2,553.8,-0.0,-0.0,-0.0,0.0,0.0,-0.0,282.7,-0.0,-0.0,0.0,0.0,-0.0,0.0,282.7,0.0,-0.0,-0.0,-0.0,-0.0,-0.0,282.7
JVASP-25250,5.4,4.5,3.3,-0.0,-0.0,-0.0,4.5,5.4,3.3,-0.0,-0.0,0.0,3.3,3.3,7.2,0.0,0.0,0.0,-0.0,-0.0,0.0,2.2,-0.0,0.0,-0.0,-0.0,0.0,-0.0,0.5,0.0,-0.0,0.0,0.0,0.0,0.0,0.5
JVASP-149788,8.1,6.5,6.5,-0.0,-0.0,-0.0,6.5,8.1,6.5,0.0,-0.0,-0.0,6.5,6.5,8.1,0.0,-0.0,-0.0,-0.0,0.0,0.0,5.1,0.0,-0.0,-0.0,-0.0,-0.0,0.0,5.1,0.0,-0.0,-0.0,0.0,-0.0,0.0,5.1
JVASP-149611,3.5,8.2,8.2,-0.0,0.0,0.0,8.2,3.5,8.2,-0.0,0.0,-0.0,8.2,8.2,3.5,-0.0,0.0,-0.0,-0.0,-0.0,-0.0,1.2,-0.0,-0.0,0.0,0.0,0.0,-0.0,1.2,-0.0,0.0,0.0,0.0,0.0,-0.0,1.2
JVASP-151313,37.4,3.1,3.1,-0.0,-0.0,-0.0,3.1,37.4,3.1,0.0,-0.0,0.0,3.1,3.1,37.4,-0.0,-0.0,0.0,-0.0,-0.0,-0.0,2.2,-0.0,-0.0,-0.0,-0.0,-0.0,0.0,2.2,-0.0,-0.0,0.0,-0.0,-0.0,-0.0,2.2
JVASP-26,179.1,6.6,38.4,0.0,0.0,0.0,6.6,48.1,-0.9,0.0,0.0,0.0,38.4,-0.9,53.7,0.0,0.0,0.0,0.0,0.0,0.0,13.5,0.0,0.0,0.0,0.0,0.0,0.0,2.8,0.0,0.0,0.0,0.0,0.0,0.0,57.2
JVASP-15781,215.6,61.3,8.7,-0.0,-0.0,0.0,61.3,65.6,-23.4,-0.0,-0.0,0.0,8.7,-23.4,218.1,-0.0,-0.0,0.0,-0.0,-0.0,-0.0,98.0,0.0,0.0,-0.0,-0.0,-0.0,0.0,-214.8,0.0,0.0,0.0,0.0,0.0,0.0,39.4
JVASP-14611,147.6,42.9,31.2,-0.0,34.4,0.0,42.9,147.6,31.2,-0.0,-34.4,0.0,31.2,31.2,29.5,-0.0,0.0,0.0,-0.0,-0.0,-0.0,52.3,-0.0,34.4,34.4,-34.4,0.0,-0.0,62.7,0.0,0.0,0.0,0.0,34.4,0.0,62.7
JVASP-7758,16.7,4.2,7.4,-0.0,-0.2,-0.0,4.2,16.5,8.1,0.0,1.4,-0.0,7.4,8.1,15.1,-0.0,-0.6,-0.0,-0.0,0.0,-0.0,0.8,0.0,-0.1,-0.2,1.4,-0.6,0.0,6.0,-0.0,-0.0,-0.0,-0.0,-0.1,-0.0,4.9
JVASP-7818,179.4,6.7,38.9,0.0,0.0,-0.0,6.7,48.1,-1.0,0.0,-0.0,-0.0,38.9,-1.0,54.3,0.0,-0.0,-0.0,0.0,0.0,0.0,13.6,0.0,0.0,0.0,0.0,-0.0,0.0,2.9,-0.0,-0.0,-0.0,-0.0,-0.0,-0.0,57.6
JVASP-25144,179.4,6.7,38.9,0.0,0.0,-0.0,6.7,48.1,-1.0,0.0,-0.0,-0.0,38.9,-1.0,54.3,0.0,0.0,-0.0,0.0,0.0,0.0,13.6,-0.0,-0.0,-0.0,0.0,-0.0,-0.0,2.9,0.0,-0.0,-0.0,-0.0,0.0,0.0,57.6
JVASP-25047,147.6,42.9,31.2,-0.0,34.4,0.0,42.9,147.6,31.2,0.0,-34.4,-0.0,31.2,31.2,29.4,0.0,0.0,-0.0,-0.0,0.0,0.0,52.3,0.0,34.4,34.4,-34.4,0.0,0.0,62.7,-0.0,0.0,-0.0,-0.0,34.4,-0.0,62.7
JVASP-25326,215.6,61.3,8.7,0.0,0.0,0.0,61.3,65.6,-23.4,0.0,0.0,0.0,8.7,-23.4,218.1,0.0,0.0,0.0,0.0,0.0,0.0,98.0,0.0,0.0,0.0,0.0,0.0,0.0,-214.9,0.0,0.0,0.0,0.0,0.0,0.0,39.4
JVASP-25311,69.8,106.9,106.9,-0.0,0.0,0.0,106.9,69.8,106.9,-0.0,0.0,-0.0,106.9,106.9,69.8,-0.0,0.0,0.0,-0.0,-0.0,-0.0,-1.5,0.0,0.0,0.0,0.0,0.0,0.0,-1.5,0.0,0.0,-0.0,0.0,0.0,0.0,-1.5
JVASP-79517,179.1,6.7,38.5,0.0,-0.0,0.0,6.7,48.3,-0.8,-0.0,-0.0,-0.0,38.5,-0.8,53.8,0.0,0.0,0.0,0.0,-0.0,0.0,13.4,-0.0,0.0,0.0,-0.0,0.0,-0.0,2.9,-0.0,0.0,-0.0,0.0,-0.0,-0.0,57.6
JVASP-25087,17.0,6.4,7.3,-0.3,0.1,-0.3,6.4,16.8,7.0,0.5,0.2,0.5,7.3,7.0,15.4,-0.0,-0.7,0.4,-0.3,0.5,-0.0,5.3,0.4,0.5,0.1,0.2,-0.7,0.4,3.7,0.3,-0.3,0.5,0.4,0.5,0.3,5.2
JVASP-25091,16.7,4.2,7.4,0.0,-0.2,-0.0,4.2,16.5,8.1,0.0,1.4,-0.0,7.4,8.1,15.1,0.0,-0.6,0.0,0.0,0.0,-0.0,0.8,-0.0,-0.1,-0.2,1.4,-0.6,-0.0,6.0,0.0,0.0,-0.0,0.0,-0.1,0.0,4.9
JVASP-25186,216.4,35.6,36.2,-0.0,0.0,0.0,35.6,215.2,35.2,0.0,0.0,0.0,36.2,35.2,215.7,-0.0,0.0,0.0,-0.0,0.0,-0.0,67.7,0.0,0.0,0.0,0.0,0.0,0.0,67.8,-0.0,0.0,0.0,0.0,0.0,-0.0,67.8
JVASP-14843,110.5,10.9,38.6,0.0,-0.0,-0.0,10.9,50.5,6.6,-0.0,-0.0,0.0,38.6,6.6,37.8,0.0,-0.0,-0.0,0.0,-0.0,0.0,6.5,0.0,-0.0,-0.0,-0.0,-0.0,0.0,4.2,0.0,-0.0,0.0,-0.0,-0.0,0.0,41.7
JVASP-14596,179.7,25.4,25.4,0.0,0.0,0.0,25.4,179.7,25.4,0.0,0.0,0.0,25.4,25.4,179.7,-0.0,-0.0,-0.0,0.0,0.0,-0.0,25.6,0.0,0.0,0.0,0.0,-0.0,0.0,25.6,0.0,0.0,0.0,-0.0,0.0,0.0,25.6
JVASP-14603,120.2,41.7,30.1,-0.0,18.9,-0.0,41.7,120.2,30.1,0.0,-18.9,0.0,30.1,30.1,31.6,-0.0,0.0,-0.0,-0.0,0.0,-0.0,39.3,-0.0,18.9,18.9,-18.9,0.0,-0.0,30.8,-0.0,-0.0,0.0,-0.0,18.9,-0.0,30.8
JVASP-11997,110.5,10.9,38.6,-0.0,0.0,0.0,10.9,50.5,6.6,0.0,-0.0,-0.0,38.6,6.6,37.8,-0.0,-0.0,0.0,-0.0,0.0,-0.0,6.5,-0.0,0.0,0.0,0.0,-0.0,-0.0,4.2,0.0,0.0,-0.0,0.0,-0.0,0.0,41.7
JVASP-25083,179.7,25.4,25.4,-0.0,0.0,0.0,25.4,179.7,25.4,0.0,-0.0,-0.0,25.4,25.4,179.7,0.0,-0.0,0.0,-0.0,0.0,0.0,25.6,0.0,0.0,0.0,-0.0,-0.0,0.0,25.6,0.0,0.0,-0.0,0.0,0.0,0.0,25.6
JVASP-25145,110.5,10.9,38.6,0.0,-0.0,0.0,10.9,50.5,6.6,0.0,-0.0,-0.0,38.6,6.6,37.8,0.0,-0.0,0.0,0.0,0.0,0.0,6.5,-0.0,-0.0,-0.0,-0.0,0.0,-0.0,4.2,0.0,0.0,-0.0,0.0,-0.0,0.0,41.7
JVASP-822,120.1,41.6,30.1,0.0,18.9,0.0,41.6,120.1,30.1,0.0,-18.9,0.0,30.1,30.1,31.6,0.0,0.0,0.0,0.0,0.0,0.0,39.2,0.0,18.9,18.9,-18.9,0.0,0.0,30.7,0.0,0.0,0.0,0.0,18.9,0.0,30.7
JVASP-14614,138.6,13.5,13.5,-0.0,-0.0,0.0,13.5,138.6,13.5,-0.0,0.0,0.0,13.5,13.5,138.6,-0.0,0.0,-0.0,-0.0,-0.0,-0.0,12.9,0.0,0.0,-0.0,0.0,0.0,0.0,12.9,0.0,0.0,0.0,-0.0,0.0,0.0,12.9
JVASP-14591,85.1,26.4,22.2,-0.0,16.7,-0.0,26.4,85.1,22.2,0.0,-16.7,0.0,22.2,22.2,35.3,-0.0,-0.0,-0.0,-0.0,0.0,-0.0,29.4,-0.0,16.7,16.7,-16.7,-0.0,-0.0,27.7,-0.0,-0.0,0.0,-0.0,16.7,-0.0,27.7
JVASP-12177,69.7,63.8,46.4,-0.0,0.0,0.0,63.8,69.7,46.4,0.0,-0.0,0.0,46.4,46.4,65.2,0.0,0.0,0.0,0.0,0.0,0.0,3.0,0.0,-0.0,-0.0,-0.0,0.0,0.0,2.8,0.0,-0.0,0.0,0.0,0.0,0.0,2.8
JVASP-8139,79.2,48.4,48.4,0.0,0.0,0.0,48.4,79.2,48.4,0.0,0.0,0.0,48.4,48.4,79.2,0.0,-0.0,-0.0,0.0,0.0,0.0,21.4,0.0,0.0,0.0,0.0,-0.0,0.0,21.4,0.0,0.0,0.0,-0.0,0.0,0.0,21.4
JVASP-993,85.1,26.4,22.2,0.0,16.7,0.0,26.4,85.1,22.2,-0.0,-16.7,-0.0,22.2,22.2,35.3,0.0,-0.0,0.0,0.0,-0.0,0.0,29.4,0.0,16.7,16.7,-16.7,-0.0,0.0,27.7,0.0,0.0,-0.0,0.0,16.7,0.0,27.7
JVASP-25073,38.0,66.6,66.6,-0.0,0.0,0.0,66.6,38.0,66.6,0.0,-0.0,-0.0,66.6,66.6,38.0,0.0,-0.0,-0.0,-0.0,0.0,0.0,0.1,0.0,-0.0,0.0,-0.0,-0.0,0.0,0.1,-0.0,0.0,-0.0,-0.0,-0.0,-0.0,0.1
JVASP-25123,107.4,33.9,43.8,0.0,0.0,0.0,33.9,107.4,43.8,-0.0,0.0,0.0,43.8,43.8,45.0,0.0,-0.0,0.0,0.0,-0.0,0.0,-10.0,0.0,0.0,0.0,0.0,-0.0,0.0,-13.7,0.0,0.0,0.0,0.0,0.0,0.0,-13.7
JVASP-25092,138.6,13.5,13.5,-0.0,-0.0,-0.0,13.5,138.6,13.5,0.0,-0.0,0.0,13.5,13.5,138.6,0.0,-0.0,0.0,-0.0,0.0,0.0,12.9,0.0,0.0,-0.0,-0.0,-0.0,0.0,12.9,0.0,-0.0,0.0,0.0,0.0,0.0,12.9
JVASP-25287,142.8,10.9,10.9,0.0,-0.0,0.0,10.9,142.8,10.9,0.0,0.0,0.0,10.9,10.9,142.8,-0.0,-0.0,-0.0,0.0,0.0,-0.0,13.4,0.0,0.0,-0.0,0.0,-0.0,0.0,13.4,0.0,0.0,0.0,-0.0,0.0,0.0,13.4
JVASP-16277,38.0,66.6,66.6,0.0,-0.0,-0.0,66.6,38.0,66.6,0.0,-0.0,-0.0,66.6,66.6,38.0,-0.0,-0.0,0.0,0.0,0.0,-0.0,0.1,0.0,0.0,-0.0,-0.0,-0.0,-0.0,0.1,0.0,-0.0,-0.0,0.0,0.0,0.0,0.1
JVASP-16278,107.4,33.9,43.8,-0.0,-0.0,0.0,33.9,107.4,43.8,0.0,0.0,-0.0,43.8,43.8,45.0,0.0,-0.0,0.0,-0.0,0.0,0.0,-10.0,0.0,0.0,-0.0,0.0,-0.0,0.0,-13.7,0.0,0.0,-0.0,0.0,0.0,0.0,-13.7
JVASP-25332,79.2,48.4,48.4,-0.0,-0.0,-0.0,48.4,79.2,48.4,0.0,-0.0,-0.0,48.4,48.4,79.2,-0.0,-0.0,-0.0,-0.0,0.0,-0.0,21.4,0.0,0.0,-0.0,-0.0,-0.0,0.0,21.4,0.0,-0.0,-0.0,-0.0,0.0,0.0,21.4
JVASP-25336,69.7,63.8,46.4,0.0,0.0,-0.0,63.8,69.7,46.4,0.0,0.0,0.0,46.4,46.4,65.2,0.0,-0.0,-0.0,0.0,0.0,0.0,3.0,0.0,0.0,0.0,-0.0,-0.0,-0.0,2.8,0.0,-0.0,0.0,-0.0,-0.0,0.0,2.8
JVASP-25215,79.3,59.4,5.4,0.0,-0.2,-0.0,59.4,79.3,5.4,0.0,-0.2,-0.0,5.4,5.4,60.7,0.0,0.1,-0.0,0.0,0.0,0.0,61.4,0.0,-0.0,-0.2,-0.2,0.1,0.0,3.4,-0.0,-0.0,-0.0,-0.0,-0.0,-0.0,3.4
JVASP-25208,39.2,41.0,34.9,0.0,-0.0,0.0,41.0,39.2,34.9,-0.0,-0.0,0.0,34.9,34.9,101.0,0.0,-0.0,0.0,0.0,-0.0,0.0,11.8,0.0,0.0,-0.0,-0.0,-0.0,0.0,-29.0,-0.0,0.0,0.0,0.0,0.0,-0.0,-29.0
JVASP-103217,86.4,61.2,16.6,0.0,-0.0,-0.0,61.2,86.4,16.6,0.0,0.0,0.0,16.6,16.6,132.5,0.0,-0.0,-0.0,0.0,0.0,0.0,59.1,0.0,0.0,-0.0,0.0,-0.0,0.0,12.5,0.0,-0.0,0.0,-0.0,0.0,0.0,12.5
JVASP-837,66.6,26.8,22.6,0.0,6.3,0.0,26.8,66.6,22.6,0.0,-6.3,0.0,22.6,22.6,33.1,0.0,0.0,0.0,0.0,0.0,0.0,19.9,0.0,6.3,6.3,-6.3,0.0,0.0,10.2,0.0,0.0,0.0,0.0,6.3,0.0,10.2
JVASP-25168,71.2,46.1,32.8,-0.0,-9.9,-0.0,46.1,60.3,43.3,0.0,-6.2,0.0,32.8,43.3,73.0,0.0,15.7,-0.0,-0.0,0.0,0.0,6.4,0.0,-1.1,-9.9,-6.2,15.7,0.0,20.3,-0.0,-0.0,0.0,-0.0,-1.1,-0.0,4.8
JVASP-25227,64.1,48.2,48.2,-0.0,-0.0,0.0,48.2,64.1,48.2,0.0,-0.0,0.0,48.2,48.2,64.1,-0.0,-0.0,0.0,-0.0,0.0,-0.0,23.4,0.0,0.0,-0.0,-0.0,-0.0,0.0,23.4,0.0,0.0,0.0,0.0,0.0,0.0,23.4
JVASP-25228,85.10183393671248,84.92640649187915,34.824972477280596,34.7912839662429,85.20803459656749,0.03346262506015307,67.13374114534854,85.20850201904356,17.30369179759019,17.2720285588166,67.13068953798943,67.04986016257918,85.01801411618264,85.09785757321079,44.241615325508334,84.90994566965428,34.85478455104199,17.28235194735221,54.69986977500845,44.297459576105595,17.283623322990223,44.22471523149149,25.958266829699255,9.055654217964147,67.05533991730978,34.85534623666422,8.71722610207678,34.78796337846495,54.69647147570633,18.81208228336493,54.67418060176176,85.01295022808533,84.91916754113886,84.92576108446944,17.302792216399652,34.78953587009596
JVASP-25217,121.3,11.3,11.3,0.0,-0.0,-0.0,11.3,121.3,11.3,-0.0,-0.0,-0.0,11.3,11.3,121.3,-0.0,-0.0,0.0,0.0,-0.0,-0.0,7.0,0.0,0.0,-0.0,-0.0,-0.0,0.0,7.0,0.0,-0.0,-0.0,0.0,0.0,0.0,7.0
JVASP-14592,41.9,30.3,37.9,-0.0,0.0,-0.0,30.3,93.2,29.4,-0.0,0.0,-0.0,37.9,29.4,45.2,-0.0,0.0,-0.0,-0.0,-0.0,-0.0,2.9,-0.0,0.0,0.0,0.0,0.0,-0.0,2.8,-0.0,-0.0,-0.0,-0.0,0.0,-0.0,30.8
JVASP-25072,41.9,30.3,38.0,0.0,0.0,0.0,30.3,93.2,29.4,0.0,0.0,0.0,38.0,29.4,45.2,0.0,0.0,0.0,0.0,0.0,0.0,2.9,0.0,0.0,0.0,0.0,0.0,0.0,2.8,-0.0,0.0,0.0,0.0,0.0,-0.0,30.8
JVASP-25405,120.3,27.2,21.9,0.0,0.0,0.0,27.2,148.5,11.1,-0.0,0.0,0.0,21.9,11.1,21.5,0.0,0.0,-0.0,0.0,-0.0,0.0,8.4,0.0,0.0,0.0,0.0,0.0,0.0,3.7,0.0,0.0,0.0,-0.0,0.0,0.0,-6.0
JVASP-25075,94.1,28.9,28.9,-0.0,0.0,0.0,28.9,94.1,28.9,0.0,-0.0,-0.0,28.9,28.9,94.1,0.0,0.0,0.0,-0.0,0.0,0.0,2.8,0.0,0.0,0.0,-0.0,0.0,0.0,2.8,0.0,0.0,-0.0,0.0,0.0,0.0,2.8
JVASP-1023,37.6,10.5,25.0,0.0,13.3,0.0,10.5,37.6,25.0,0.0,-13.3,0.0,25.0,25.0,66.8,0.0,0.0,0.0,0.0,0.0,0.0,13.6,0.0,13.3,13.3,-13.3,0.0,0.0,32.4,0.0,0.0,0.0,0.0,13.3,0.0,32.4
JVASP-16291,94.1,28.9,28.9,0.0,-0.0,0.0,28.9,94.1,28.9,0.0,0.0,0.0,28.9,28.9,94.1,0.0,0.0,0.0,0.0,0.0,0.0,2.8,0.0,0.0,-0.0,0.0,0.0,0.0,2.8,0.0,0.0,0.0,0.0,0.0,0.0,2.8
JVASP-25247,62.8,23.9,44.3,0.0,21.0,0.0,23.9,60.8,41.0,-0.0,-23.9,-0.0,44.3,41.0,54.4,-0.0,-3.4,-0.0,0.0,-0.0,-0.0,13.0,0.0,12.2,21.0,-23.9,-3.4,0.0,38.9,0.0,0.0,-0.0,-0.0,12.2,0.0,23.9
JVASP-25210,37.6,10.5,25.0,-0.0,13.3,-0.0,10.5,37.6,25.0,-0.0,-13.3,-0.0,25.0,25.0,66.8,-0.0,0.0,-0.0,0.0,-0.0,-0.0,13.6,0.0,13.3,13.3,-13.3,0.0,0.0,32.4,0.0,0.0,-0.0,-0.0,13.3,0.0,32.4
JVASP-14915,112.8,49.5,49.5,0.0,0.0,-0.0,49.5,112.8,49.5,-0.0,-0.0,-0.0,49.5,49.5,112.8,0.0,-0.0,0.0,0.0,-0.0,0.0,8.2,0.0,0.0,0.0,-0.0,-0.0,0.0,8.2,0.0,-0.0,-0.0,0.0,0.0,0.0,8.2
JVASP-14602,118.7,46.6,46.6,-0.0,-0.0,-0.0,46.6,118.7,46.6,0.0,-0.0,0.0,46.6,46.6,118.7,-0.0,0.0,0.0,-0.0,0.0,-0.0,-31.5,0.0,0.0,-0.0,-0.0,0.0,0.0,-31.5,0.0,-0.0,0.0,0.0,0.0,0.0,-31.5
JVASP-7802,41.5,4.7,11.0,-0.0,-0.6,4.7,4.7,41.5,11.0,-0.0,0.6,-4.7,11.0,11.0,15.5,-0.0,-0.0,-0.0,-0.0,-0.0,-0.0,18.4,-4.7,-0.6,-0.6,0.6,-0.0,-4.7,8.6,0.0,4.7,-4.7,-0.0,-0.6,0.0,8.6
JVASP-7804,27.0,9.1,22.3,0.0,-9.1,-0.0,9.1,27.0,22.3,0.0,9.1,-0.0,22.3,22.3,84.4,0.0,0.0,-0.0,0.0,0.0,0.0,8.9,0.0,-9.1,-9.1,9.1,0.0,0.0,26.0,-0.0,0.0,-0.0,-0.0,-9.1,-0.0,26.0
JVASP-25110,132.8,0.0,65.8,0.0,-0.0,0.0,0.0,30.3,3.9,-0.0,0.0,0.0,65.8,3.9,126.3,-0.0,0.0,0.0,0.0,-0.0,-0.0,4.7,0.0,0.0,-0.0,0.0,0.0,0.0,1.3,0.0,0.0,0.0,0.0,0.0,0.0,15.4
JVASP-25331,112.8,49.5,49.5,0.0,0.0,0.0,49.5,112.8,49.5,0.0,0.0,0.0,49.5,49.5,112.8,-0.0,0.0,0.0,0.0,0.0,-0.0,8.2,0.0,0.0,0.0,0.0,0.0,0.0,8.2,0.0,0.0,0.0,0.0,0.0,0.0,8.2
JVASP-25137,118.7,46.6,46.6,-0.0,0.0,0.0,46.6,118.7,46.6,-0.0,-0.0,-0.0,46.6,46.6,118.7,0.0,-0.0,-0.0,-0.0,-0.0,0.0,-31.5,0.0,0.0,0.0,-0.0,-0.0,0.0,-31.5,0.0,0.0,-0.0,-0.0,0.0,0.0,-31.5
JVASP-25090,26.9,47.0,47.0,-0.0,-0.0,-0.0,47.0,26.9,47.0,-0.0,0.0,-0.0,47.0,47.0,26.9,0.0,0.0,0.0,-0.0,-0.0,0.0,-17.6,0.0,-0.0,-0.0,0.0,0.0,0.0,-17.6,0.0,-0.0,-0.0,0.0,-0.0,0.0,-17.6
JVASP-25049,41.5,4.7,11.0,0.0,-0.6,4.7,4.7,41.5,11.0,0.0,0.6,-4.7,11.0,11.0,15.5,-0.0,-0.0,-0.0,0.0,0.0,-0.0,18.4,-4.7,-0.6,-0.6,0.6,-0.0,-4.7,8.6,-0.0,4.7,-4.7,-0.0,-0.6,-0.0,8.6
JVASP-25043,27.0,9.1,22.3,0.0,9.2,-0.0,9.1,27.0,22.3,-0.0,-9.2,-0.0,22.3,22.3,84.4,-0.0,0.0,-0.0,-0.0,-0.0,-0.0,8.9,0.0,9.2,9.2,-9.2,0.0,0.0,26.1,0.0,0.0,-0.0,-0.0,9.2,0.0,26.1
JVASP-21211,27.0,9.1,22.3,0.0,-9.1,-0.0,9.1,27.0,22.3,-0.0,9.1,0.0,22.3,22.3,84.4,-0.0,-0.0,-0.0,0.0,-0.0,-0.0,8.9,-0.0,-9.1,-9.1,9.1,-0.0,-0.0,26.0,0.0,-0.0,0.0,0.0,-9.1,0.0,26.0
JVASP-25188,14.0,8.6,7.7,-0.0,-0.7,-0.0,8.6,25.5,7.7,0.0,-0.3,-0.0,7.7,7.7,20.8,0.0,1.6,-0.0,-0.0,0.0,0.0,5.5,-0.0,1.0,-0.7,-0.3,1.6,0.0,3.7,-0.0,0.0,-0.0,-0.0,1.0,-0.0,6.2
JVASP-25189,22.2,7.9,8.9,-0.0,-2.4,-0.0,7.9,19.4,7.6,-0.0,-2.5,0.0,8.9,7.6,19.7,-0.0,1.5,0.0,-0.0,-0.0,-0.0,4.3,0.0,-0.2,-2.4,-2.5,1.5,0.0,4.4,-0.0,-0.0,-0.0,-0.0,-0.2,-0.0,10.1
JVASP-16839,26.9,47.0,47.0,-0.0,0.0,-0.0,47.0,26.9,47.0,-0.0,-0.0,0.0,47.0,47.0,26.9,-0.0,0.0,0.0,-0.0,-0.0,-0.0,-17.6,-0.0,-0.0,0.0,-0.0,0.0,0.0,-17.6,0.0,-0.0,0.0,0.0,-0.0,-0.0,-17.6
JVASP-88220,18.2,22.0,7.6,-0.0,4.3,2.9,22.0,18.2,7.6,-0.0,-4.3,-2.9,7.6,7.6,24.3,0.0,-0.0,0.0,-0.0,-0.0,0.0,-1.9,-2.9,4.3,4.3,-4.3,-0.0,-2.9,2.8,0.0,2.9,-2.9,0.0,4.3,0.0,2.8
JVASP-85765,17.6,12.6,4.9,0.0,-4.8,-0.9,12.6,17.6,4.9,0.0,4.8,0.9,4.9,4.9,15.7,0.0,-0.0,-0.0,0.0,0.0,0.0,2.5,0.9,-4.8,-4.8,4.8,-0.0,0.9,-2.5,0.0,-0.9,0.9,-0.0,-4.8,0.0,-2.5
JVASP-21215,20.2,6.7,6.6,0.0,-3.0,-0.0,6.7,20.2,6.6,0.0,3.0,-0.0,6.6,6.6,126.5,0.0,-0.0,-0.0,-0.0,0.0,0.0,6.8,-0.0,-3.0,-3.0,3.0,-0.0,-0.0,7.0,0.0,0.0,0.0,-0.0,-3.0,0.0,7.0
JVASP-8154,33.6,8.5,7.4,0.0,-2.3,-3.6,8.5,33.6,7.4,0.0,2.3,3.6,7.4,7.4,17.1,-0.0,-0.0,0.0,0.0,0.0,-0.0,12.6,3.6,-2.3,-2.3,2.3,-0.0,3.6,8.0,0.0,-3.6,3.6,0.0,-2.3,0.0,8.0
JVASP-16353,119.2,64.0,64.0,0.0,-0.0,-0.0,64.0,119.2,64.0,0.0,-0.0,-0.0,64.0,64.0,119.2,0.0,0.0,0.0,0.0,0.0,0.0,12.6,0.0,0.0,-0.0,-0.0,0.0,0.0,12.6,0.0,-0.0,-0.0,0.0,0.0,0.0,12.6
JVASP-25131,119.2,64.0,64.0,-0.0,-0.0,0.0,64.0,119.2,64.0,0.0,0.0,0.0,64.0,64.0,119.2,0.0,0.0,-0.0,-0.0,0.0,0.0,12.6,0.0,0.0,-0.0,0.0,0.0,0.0,12.6,0.0,0.0,0.0,-0.0,0.0,0.0,12.6
JVASP-25335,33.6,8.5,7.4,0.0,-2.3,-3.6,8.5,33.6,7.4,0.0,2.3,3.6,7.4,7.4,17.1,-0.0,0.0,0.0,0.0,0.0,-0.0,12.6,3.6,-2.3,-2.3,2.3,-0.0,3.6,8.0,-0.0,-3.6,3.6,0.0,-2.3,-0.0,8.0
JVASP-25192,20.3,6.7,6.6,0.0,3.0,0.0,6.7,20.3,6.6,0.0,-3.0,-0.0,6.6,6.6,126.5,0.0,0.0,-0.0,-0.0,0.0,0.0,6.8,-0.0,3.0,3.0,-3.0,0.0,-0.0,7.0,-0.0,0.0,0.0,0.0,3.0,0.0,7.0
JVASP-90736,9.7,4.1,2.6,-0.0,2.3,-0.0,4.1,9.2,3.4,0.0,0.7,0.0,2.6,3.4,14.6,0.0,-5.0,0.0,-0.0,0.0,-0.0,1.4,0.0,1.0,2.3,0.7,-5.0,-0.0,4.0,-0.0,-0.0,0.0,0.0,1.0,-0.0,2.4
JVASP-105705,29.1,18.2,-1.2,-0.0,0.0,-0.0,18.2,66.0,1.4,-0.0,0.0,0.0,-1.2,1.4,36.7,0.0,0.1,0.0,-0.0,-0.0,0.0,10.1,0.0,0.0,0.0,0.0,0.1,0.0,4.3,0.0,-0.0,-0.0,-0.0,0.0,0.0,0.4
JVASP-25270,80.6,71.3,2.5,0.0,-0.0,-0.0,71.3,84.9,2.2,0.0,0.0,-0.0,2.5,2.2,41.8,-0.0,0.2,0.0,0.0,0.0,-0.0,70.5,0.0,-0.0,-0.0,0.0,0.2,0.0,3.7,-0.0,-0.0,-0.0,0.0,-0.0,-0.0,4.2
JVASP-25272,-17.4,-2.9,6.5,0.0,-1.4,0.0,-2.9,-17.4,6.5,-0.0,1.4,-0.0,6.5,6.5,-1.1,-0.0,-0.0,-0.0,0.0,-0.0,-0.0,-7.3,0.0,-1.4,-1.4,1.4,-0.0,0.0,5.4,0.0,0.0,-0.0,-0.0,-1.4,0.0,5.4
JVASP-949,26.0,13.3,4.5,0.0,-1.4,0.0,13.3,24.8,4.8,0.0,0.8,0.0,4.5,4.8,32.5,0.0,0.6,0.0,0.0,0.0,0.0,13.1,0.0,-1.6,-1.4,0.8,0.6,0.0,3.0,0.0,0.0,0.0,0.0,-1.6,0.0,3.9
JVASP-25277,-18.9,5.9,-0.1,0.0,0.3,0.0,5.9,1.0,5.3,0.0,-10.3,0.0,-0.1,5.3,-11.7,0.0,11.5,0.0,0.0,0.0,0.0,7.6,0.0,0.3,0.3,-10.3,11.5,0.0,-7.7,0.0,0.0,0.0,0.0,0.3,0.0,-3.3
JVASP-25109,1.3,10.7,-8.8,-0.0,-1.5,0.0,10.7,-18.6,12.1,0.0,0.5,-0.0,-8.8,12.1,-4.2,0.0,5.6,-0.0,-0.0,0.0,0.0,6.0,-0.0,4.5,-1.5,0.5,5.6,-0.0,-2.8,0.0,0.0,-0.0,-0.0,4.5,0.0,-15.9
JVASP-25380,26.4,13.9,4.7,-0.0,-1.4,0.0,13.9,25.7,4.7,0.0,0.8,0.0,4.7,4.7,33.2,0.0,0.4,0.0,-0.0,0.0,-0.0,13.6,-0.0,-1.5,-1.4,0.8,0.4,-0.0,3.0,0.0,-0.0,0.0,0.0,-1.5,0.0,4.1
JVASP-135754,5.45754210423921,3.5555436806288445,3.2859952496410387,1.7340501407422508,0.7319642989342152,0.9340103761595258,19.29507007444678,0.7319981108890622,0.6634607524195449,0.590408893969704,1.0219564681657163,1.3504709270710922,7.396842580718899,1.9116049797663472,2.6042895793920664,1.6747183881153294,0.8940103393080303,0.5908663813824306,8.685334659648529,5.172060827388423,1.2356663923697957,2.8928821678408325,0.612706746576303,0.9272881354305087,4.11135068847062,1.0650488277484336,0.7158507724629778,0.9869222730229035,0.5382976872161839,0.5015524840035581,1.042456884480611,2.8609062161356387,1.009664301567858,0.8653433229659308,0.7743201260061491,0.600052617240052
JVASP-135755,224.9,330.5,45.3,0.0,-0.0,0.0,330.5,224.9,45.3,0.0,0.0,-0.0,45.3,45.3,68.8,-0.0,0.0,0.0,0.0,0.0,-0.0,-52.8,0.0,-0.0,-0.0,0.0,0.0,-0.0,23.4,0.0,0.0,-0.0,0.0,0.0,0.0,23.4
JVASP-148904,11.5,7.4,10.5,-0.0,0.0,-0.0,7.4,27.5,-0.4,0.0,0.0,-0.0,10.5,-0.4,16.7,0.0,0.0,-0.0,-0.0,-0.0,-0.0,1.5,-0.0,-0.0,0.0,0.0,0.0,-0.0,-2.1,0.0,-0.0,-0.0,-0.0,-0.0,-0.0,13.4
JVASP-19907,542.6,96.5,13.0,0.0,-0.0,-0.0,96.5,542.6,13.0,-0.0,-0.0,-0.0,13.0,13.0,355.7,-0.0,-0.0,-0.0,0.0,-0.0,-0.0,223.1,0.0,-0.0,0.0,0.0,-0.0,-0.0,36.6,0.0,-0.0,-0.0,-0.0,0.0,0.0,36.6
JVASP-114247,173.0,127.9,3.7,0.0,-0.0,0.0,127.9,173.0,3.7,-0.0,-0.0,0.0,3.7,3.7,115.7,0.0,0.0,0.0,0.0,-0.0,0.0,22.6,0.0,0.0,-0.0,0.0,0.0,-0.0,-27.2,0.0,0.0,-0.0,0.0,0.0,0.0,-27.2
JVASP-114249,58.8,313.3,6.6,0.0,-0.0,-0.0,313.3,58.8,6.6,0.0,0.0,0.0,6.6,6.6,20.6,0.0,0.0,0.0,0.0,0.0,0.0,-127.3,-0.0,-0.0,-0.0,0.0,0.0,0.0,-3.0,-0.0,-0.0,-0.0,0.0,-0.0,-0.0,-3.0
JVASP-114250,187.1,50.6,32.2,6.7,-26.3,-9.9,50.6,212.1,124.7,16.1,10.0,-0.2,32.2,124.7,271.7,46.5,69.3,-6.2,6.7,16.1,46.5,55.2,1.2,7.1,-26.3,10.0,69.3,1.2,132.0,38.3,-9.9,-0.2,-6.2,7.1,38.3,60.0
JVASP-133762,110.0,12.3,30.9,0.0,-0.0,0.0,12.3,559.8,29.6,0.0,0.0,0.0,30.9,29.6,53.1,-0.0,-0.0,0.0,0.0,0.0,-0.0,-23.9,0.0,0.0,-0.0,0.0,-0.0,0.0,-308.6,0.0,0.0,0.0,0.0,0.0,0.0,29.0
JVASP-133764,91.0,83.2,-28.0,-0.0,-10.8,0.0,83.2,816.5,101.8,-0.0,35.1,-0.0,-28.0,101.8,-13.1,-0.0,-26.7,0.0,-0.0,-0.0,-0.0,5.4,-0.0,5.8,-10.8,35.1,-26.7,-0.0,-90.2,0.0,0.0,-0.0,0.0,5.8,0.0,-43.9
JVASP-139226,362.6,297.2,114.3,-0.0,-27.7,0.0,297.2,-63.0,-7.9,-0.0,76.5,-0.0,114.3,-7.9,59.0,-0.0,5.7,0.0,-0.0,-0.0,-0.0,-82.7,0.0,-2.9,-27.7,76.5,5.7,0.0,-17.2,-0.0,0.0,-0.0,0.0,-2.9,-0.0,12.0
JVASP-94965,389.7,35.0,35.0,-0.0,-0.0,-0.0,35.0,389.7,35.0,0.0,-0.0,-0.0,35.0,35.0,389.7,0.0,0.0,-0.0,-0.0,0.0,0.0,52.8,-0.0,0.0,-0.0,-0.0,0.0,-0.0,52.8,-0.0,-0.0,-0.0,-0.0,0.0,-0.0,52.8
JVASP-94953,390.6,32.7,32.7,-0.0,-0.0,-0.0,32.7,390.6,32.7,0.0,-0.0,0.0,32.7,32.7,390.6,0.0,-0.0,0.0,-0.0,0.0,0.0,40.5,0.0,0.0,-0.0,-0.0,-0.0,0.0,40.5,0.0,-0.0,0.0,0.0,0.0,0.0,40.5
JVASP-133770,-1420.5,1739.8,59.8,0.0,0.0,0.0,1739.8,-1420.5,59.8,-0.0,0.0,0.0,59.8,59.8,281.4,0.0,0.0,0.0,0.0,-0.0,0.0,-1580.2,-0.0,0.0,0.0,0.0,0.0,0.0,73.6,0.0,0.0,0.0,0.0,-0.0,0.0,73.6
JVASP-8134,395.8,27.0,27.0,-0.0,-0.0,-0.0,27.0,395.8,27.0,-0.0,0.0,0.0,27.0,27.0,395.8,-0.0,0.0,-0.0,-0.0,-0.0,-0.0,-6.4,-0.0,-0.0,-0.0,0.0,0.0,0.0,-6.4,-0.0,-0.0,0.0,-0.0,-0.0,-0.0,-6.4
JVASP-117512,345.3,113.6,8.3,0.0,0.0,0.0,113.6,345.3,8.3,-0.0,-0.0,0.0,8.3,8.3,108.2,0.0,-0.0,0.0,0.0,-0.0,0.0,115.9,0.0,0.0,0.0,0.0,-0.0,0.0,-21.8,0.0,0.0,0.0,0.0,0.0,0.0,-21.8
JVASP-93377,866.4,209.9,10.3,-0.0,0.0,-0.0,209.9,771.7,166.7,0.0,-0.0,0.0,10.3,166.7,987.0,0.0,-0.0,0.0,-0.0,0.0,0.0,426.9,0.0,0.0,0.0,-0.0,-0.0,0.0,459.9,0.0,-0.0,0.0,0.0,0.0,0.0,287.7
JVASP-52866,501.8,111.0,75.0,0.0,-14.6,-0.0,111.0,501.8,75.0,-0.0,14.6,0.0,75.0,75.0,526.0,-0.0,0.0,-0.0,-0.0,-0.0,-0.0,195.4,-0.0,-14.6,-14.6,14.6,0.0,-0.0,147.9,-0.0,-0.0,0.0,-0.0,-14.6,-0.0,147.9
JVASP-9163,0.0,1.6209256159527285e-14,4.218847493575595e-15,1.6209256159527285e-14,2.8199664825478976e-14,3.241851231905457e-14,0.0,-4.2188474935755964e-15,1.1990408665951694e-14,2.398081733190338e-14,2.8199664825478976e-14,1.199040866595169e-14,0.0,-1.199040866595169e-14,-1.6209256159527285e-14,1.620925615952729e-14,3.1554436208840472e-30,1.199040866595169e-14,3.241851231905457e-14,1.6209256159527285e-14,2.8199664825478976e-14,1.6209256159527285e-14,4.218847493575595e-15,-1.222002549713701e-31,2.398081733190338e-14,2.8199664825478976e-14,1.199040866595169e-14,0.0,-4.218847493575596e-15,1.1990408665951692e-14,3.1554436208840472e-30,1.1990408665951692e-14,1.6209256159527285e-14,-1.620925615952729e-14,-4.1339712693580465e-31,-1.1990408665951689e-14
JVASP-137772,545.7,28.2,101.0,0.2,7.7,16.2,28.2,547.9,94.6,-2.7,6.7,16.0,101.0,94.6,412.4,3.4,8.1,20.0,0.2,-2.7,3.4,26.4,-1.7,-0.1,7.7,6.7,8.1,-1.7,12.1,2.5,16.2,16.0,20.0,-0.1,2.5,15.5
JVASP-137773,750.9,-12.8,144.7,-0.0,0.0,0.0,-12.8,40.2,1.9,0.0,0.0,0.0,144.7,1.9,566.5,-0.0,-0.0,-0.0,-0.0,0.0,-0.0,-0.1,0.0,0.0,0.0,0.0,-0.0,0.0,-1.0,0.0,0.0,0.0,-0.0,0.0,0.0,253.5
JVASP-137775,373.5,158.5,-0.8,-0.0,0.0,0.0,158.5,703.9,12.4,-0.0,0.0,0.0,-0.8,12.4,20.7,0.0,0.0,0.0,-0.0,-0.0,0.0,-231.2,-0.0,0.0,0.0,0.0,0.0,-0.0,-23.4,0.0,0.0,0.0,0.0,0.0,0.0,-1.0
JVASP-137779,41.6,-1.1,-1.5,0.0,-0.0,-0.0,-1.1,41.6,-1.5,0.0,-0.0,-0.0,-1.5,-1.5,1128.8,0.0,0.0,0.0,0.0,0.0,0.0,-1.2,0.0,0.0,-0.0,-0.0,0.0,0.0,0.6,-0.0,-0.0,-0.0,0.0,0.0,-0.0,0.6
JVASP-137780,309.2,153.0,128.1,-0.0,-91.3,-0.0,153.0,302.4,247.5,-0.0,-144.7,0.0,128.1,247.5,296.5,0.0,42.9,-0.0,-0.0,-0.0,0.0,-144.9,-0.0,121.2,-91.3,-144.7,42.9,-0.0,116.6,0.0,-0.0,0.0,-0.0,121.2,0.0,-28.0
JVASP-137781,273.4,34.5,70.6,1.1,8.1,2.4,34.5,235.0,164.3,0.5,-41.8,0.1,70.6,164.3,618.3,-5.2,-105.9,-1.9,1.1,0.5,-5.2,24.1,-0.7,-0.7,8.1,-41.8,-105.9,-0.7,121.6,-0.3,2.4,0.1,-1.9,-0.7,-0.3,79.3
JVASP-62756,883.0,198.2,1.1,-0.0,0.0,-0.0,198.2,883.0,1.1,0.0,0.0,0.0,1.1,1.1,36.7,0.0,0.0,0.0,-0.0,0.0,0.0,342.4,-0.0,-0.0,-0.0,0.0,0.0,-0.0,5.5,0.0,-0.0,-0.0,0.0,0.0,0.0,5.5
JVASP-62906,849.2,102.2,55.8,-0.0,14.0,-0.0,102.2,551.0,58.6,-0.0,46.9,0.0,55.8,58.6,334.8,0.0,22.3,-0.0,-0.0,-0.0,0.0,215.5,0.0,17.4,14.0,46.9,22.3,0.0,24.3,-0.0,-0.0,0.0,-0.0,17.4,-0.0,132.6
JVASP-62618,883.8,198.4,1.1,0.0,0.0,-0.0,198.4,883.8,1.1,-0.0,0.0,-0.0,1.1,1.1,37.1,0.0,-0.0,-0.0,0.0,-0.0,0.0,342.7,0.0,-0.0,-0.0,0.0,-0.0,0.0,5.6,-0.0,-0.0,0.0,-0.0,0.0,-0.0,5.6
JVASP-22673,886.4,201.1,-0.4,-0.0,0.0,-0.0,201.1,886.4,-0.4,0.0,0.0,0.0,-0.4,-0.4,37.4,-0.0,0.0,0.0,-0.0,0.0,-0.0,342.6,-0.0,0.0,0.0,0.0,0.0,-0.0,5.6,0.0,-0.0,0.0,0.0,0.0,0.0,5.6
JVASP-62778,883.8,198.5,1.1,-0.0,0.0,-0.0,198.5,883.8,1.1,0.0,-0.0,-0.0,1.1,1.1,37.1,0.0,0.0,0.0,-0.0,0.0,-0.0,342.7,0.0,-0.0,0.0,0.0,-0.0,0.0,5.6,-0.0,0.0,-0.0,0.0,-0.0,-0.0,5.6
JVASP-62940,883.8,198.4,1.1,0.0,-0.0,-0.0,198.4,883.8,1.1,-0.0,-0.0,-0.0,1.1,1.1,37.1,0.0,-0.0,-0.0,0.0,-0.0,0.0,342.7,-0.0,0.0,-0.0,0.0,-0.0,-0.0,5.6,-0.0,-0.0,-0.0,-0.0,0.0,-0.0,5.6
JVASP-63743,879.8,200.0,-2.6,-0.0,0.0,-0.0,200.0,879.8,-2.6,0.0,0.0,0.0,-2.6,-2.6,36.7,-0.0,-0.0,0.0,-0.0,0.0,-0.0,339.9,0.0,0.0,-0.0,-0.0,-0.0,0.0,3.2,0.0,0.0,0.0,0.0,0.0,0.0,3.2
JVASP-63210,734.4,122.7,204.5,-0.0,15.0,0.0,122.7,119.0,88.4,0.0,5.8,0.0,204.5,88.4,781.6,-0.0,68.1,-0.0,-0.0,0.0,0.0,97.3,0.0,59.4,15.0,5.8,68.1,0.0,84.7,-0.0,0.0,0.0,-0.0,59.4,0.0,188.6
JVASP-4843,888.7,198.6,-0.3,-0.0,-3.6,0.0,198.6,888.9,-0.3,-0.0,3.6,0.0,-0.3,-0.3,37.0,-0.0,0.0,0.0,-0.0,-0.0,-0.0,344.9,-0.0,-3.5,-3.6,3.6,0.0,-0.0,5.8,0.0,0.0,0.0,0.0,-3.5,0.0,5.7
JVASP-62975,883.8,198.5,1.1,0.0,-0.0,-0.0,198.5,883.8,1.1,-0.0,-0.0,0.0,1.1,1.1,37.0,-0.0,-0.0,0.0,0.0,-0.0,-0.0,342.7,-0.0,0.0,-0.0,-0.0,-0.0,-0.0,5.5,0.0,0.0,-0.0,-0.0,0.0,0.0,5.5
JVASP-63690,889.0,198.9,-0.2,0.0,-3.6,-0.0,198.9,889.0,-0.2,-0.0,3.6,0.0,-0.2,-0.2,37.2,-0.0,-0.0,-0.0,0.0,-0.0,-0.0,345.1,0.0,-3.6,-3.6,3.6,-0.0,0.0,5.8,-0.0,-0.0,0.0,-0.0,-3.6,-0.0,5.8
JVASP-62568,836.0,187.4,-4.1,-0.0,0.0,0.0,187.4,836.0,-4.1,0.0,0.0,0.0,-4.1,-4.1,33.9,0.0,0.0,0.0,-0.0,0.0,0.0,324.3,0.0,-0.0,0.0,0.0,0.0,0.0,-4.6,0.0,0.0,0.0,0.0,-0.0,0.0,-4.6
JVASP-62681,883.3,198.3,1.1,0.0,0.0,0.0,198.3,883.3,1.1,-0.0,-0.0,-0.0,1.1,1.1,36.8,-0.0,0.0,0.0,0.0,-0.0,-0.0,342.5,0.0,-0.0,0.0,-0.0,0.0,0.0,5.5,0.0,-0.0,-0.0,0.0,-0.0,0.0,5.5
JVASP-63377,564.4,195.6,240.3,-0.0,0.0,-0.0,195.6,344.3,81.5,-0.0,-0.0,0.0,240.3,81.5,413.8,-0.0,-0.0,0.0,0.0,-0.0,-0.0,213.2,-0.0,0.0,0.0,-0.0,-0.0,-0.0,78.6,-0.0,-0.0,0.0,0.0,0.0,-0.0,290.1
JVASP-93373,566.3,19.1,54.5,-0.0,0.0,0.0,19.1,972.2,130.0,0.0,-0.0,-0.0,54.5,130.0,950.7,-0.0,-0.0,-0.0,-0.0,0.0,-0.0,130.8,-0.0,0.0,-0.0,-0.0,0.0,-0.0,388.7,0.0,0.0,-0.0,-0.0,0.0,0.0,140.8
JVASP-7776,731.7,172.1,107.5,0.0,0.0,-0.0,172.1,731.7,107.5,-0.0,-0.0,0.0,107.5,107.5,969.2,-0.0,0.0,0.0,0.0,-0.0,-0.0,246.4,-0.0,0.0,0.0,-0.0,0.0,-0.0,332.6,-0.0,-0.0,0.0,0.0,0.0,-0.0,332.6
JVASP-8039,734.4,122.7,204.5,-0.0,15.0,-0.0,122.7,119.0,88.4,-0.0,5.8,-0.0,204.5,88.4,781.6,-0.0,68.0,0.0,0.0,-0.0,-0.0,97.3,0.0,59.4,15.0,5.8,68.0,0.0,84.7,0.0,-0.0,-0.0,0.0,59.4,0.0,188.6
JVASP-29590,574.2,59.9,305.4,0.0,134.8,-0.0,59.9,44.8,82.5,0.0,32.4,0.0,305.4,82.5,393.9,-0.0,171.4,-0.0,-0.0,0.0,0.0,55.2,0.0,118.1,134.8,32.4,171.4,0.0,88.9,-0.0,-0.0,0.0,-0.0,118.1,-0.0,266.7
JVASP-7821,849.2,102.2,55.8,-0.0,14.0,-0.0,102.2,551.0,58.6,0.0,46.9,0.0,55.8,58.6,334.8,-0.0,22.2,-0.0,-0.0,0.0,-0.0,215.5,0.0,17.4,14.0,46.9,22.2,0.0,24.3,-0.0,-0.0,0.0,-0.0,17.4,-0.0,132.6
JVASP-7836,791.1,171.7,171.7,-0.0,-0.0,-0.0,171.7,791.1,171.7,0.0,0.0,-0.0,171.7,171.7,791.1,-0.0,0.0,0.0,-0.0,0.0,-0.0,447.6,0.0,-0.0,-0.0,0.0,0.0,0.0,447.6,-0.0,-0.0,-0.0,0.0,-0.0,-0.0,447.6
JVASP-51882,782.0,126.0,112.1,0.0,-0.0,-0.0,126.0,687.9,279.1,-0.0,-0.0,-0.0,112.1,279.1,352.4,-0.0,0.0,0.0,0.0,-0.0,-0.0,300.6,-0.0,-0.0,-0.0,-0.0,0.0,-0.0,267.4,-0.0,-0.0,-0.0,0.0,-0.0,-0.0,181.8
JVASP-79204,937.0,132.7,59.8,-0.0,0.0,-0.0,132.7,937.0,59.8,0.0,-0.0,0.0,59.8,59.8,1023.2,-0.0,0.0,-0.0,-0.0,0.0,-0.0,402.2,0.0,-0.0,0.0,-0.0,0.0,0.0,334.4,-0.0,-0.0,0.0,-0.0,-0.0,-0.0,334.4
JVASP-57695,937.1,132.7,59.8,-0.0,0.0,0.0,132.7,937.1,59.8,0.0,-0.0,-0.0,59.8,59.8,1022.9,0.0,-0.0,0.0,-0.0,0.0,0.0,402.2,0.0,0.0,-0.0,-0.0,-0.0,0.0,334.4,0.0,0.0,-0.0,0.0,0.0,0.0,334.4
JVASP-29880,879.7,200.2,-2.6,0.0,-0.0,-0.0,200.2,879.7,-2.6,-0.0,0.0,0.0,-2.6,-2.6,36.7,0.0,0.0,-0.0,0.0,-0.0,0.0,339.8,0.0,-0.0,0.0,0.0,0.0,0.0,3.2,0.0,-0.0,0.0,-0.0,-0.0,0.0,3.2
JVASP-4570,836.9,187.6,-4.1,0.0,0.0,0.0,187.6,836.9,-4.1,0.0,0.0,0.0,-4.1,-4.1,34.3,0.0,0.0,0.0,0.0,0.0,0.0,324.7,0.0,0.0,0.0,0.0,0.0,0.0,-4.6,0.0,0.0,0.0,0.0,0.0,0.0,-4.6
JVASP-30047,879.9,197.6,3.8,0.0,-0.0,0.0,197.6,886.1,-6.4,-0.0,0.0,0.0,3.8,-6.4,38.1,-0.0,0.0,0.0,0.0,-0.0,-0.0,342.6,0.0,0.0,-0.0,0.0,0.0,0.0,-3.4,0.0,0.0,0.0,0.0,0.0,0.0,10.5
JVASP-17,883.7,198.3,1.1,0.0,0.0,0.0,198.3,883.7,1.1,0.0,0.0,0.0,1.1,1.1,37.0,0.0,0.0,0.0,0.0,0.0,0.0,342.7,0.0,0.0,0.0,0.0,0.0,0.0,5.5,0.0,0.0,0.0,0.0,0.0,0.0,5.5
JVASP-135775,932.8,132.1,60.4,0.0,0.0,0.0,132.1,932.9,60.4,-0.0,-0.0,-0.0,60.4,60.4,1016.0,-0.0,-0.0,-0.0,0.0,-0.0,-0.0,400.4,0.0,0.0,0.0,-0.0,-0.0,0.0,333.1,0.0,0.0,-0.0,-0.0,0.0,0.0,333.1
JVASP-135776,75.1,835.8,-0.6,-0.0,-0.4,-0.0,835.8,75.1,-0.6,0.0,0.4,0.0,-0.6,-0.6,39.5,-0.0,-0.0,0.0,-0.0,0.0,-0.0,-380.4,-0.0,-0.4,-0.4,0.4,-0.0,-0.0,-26.4,-0.0,-0.0,0.0,0.0,-0.4,-0.0,-26.4
JVASP-135777,321.8,28.7,45.3,-25.5,-1.4,-4.4,28.7,297.3,100.9,-6.3,-10.1,9.7,45.3,100.9,750.5,14.0,-142.3,-97.3,-25.5,-6.3,14.0,66.8,-1.6,-20.6,-1.4,-10.1,-142.3,-1.6,86.8,18.9,-4.4,9.7,-97.3,-20.6,18.9,137.6
JVASP-138456,979.2,66.8,-1.2,0.0,0.0,0.0,66.8,979.2,-1.2,0.0,0.0,-0.0,-1.2,-1.2,102.4,0.0,0.0,-0.0,0.0,0.0,0.0,-134.2,0.0,0.0,0.0,0.0,0.0,0.0,-11.3,0.0,0.0,-0.0,-0.0,0.0,0.0,-11.3
JVASP-135778,478.0,63.9,66.9,32.2,-24.9,-26.0,63.9,54.4,86.2,-7.5,-20.8,45.5,66.9,86.2,389.3,-30.0,-140.8,81.8,32.2,-7.5,-30.0,9.1,9.8,-18.4,-24.9,-20.8,-140.8,9.8,67.4,-33.5,-26.0,45.5,81.8,-18.4,-33.5,65.1
JVASP-138500,-0.0,-0.2,-0.6,0.0,0.0,0.0,-0.2,-34.8,-17.0,0.0,0.0,0.0,-0.6,-17.0,-10.5,0.0,0.0,0.0,0.0,0.0,0.0,-1.0,0.0,-0.0,-0.0,0.0,0.0,0.0,-22.0,0.0,0.0,0.0,0.0,-0.0,0.0,0.2
JVASP-138515,883.4,-13.9,183.3,0.0,0.0,-0.0,-13.9,176.9,-3.8,0.0,-0.0,0.0,183.3,-3.8,879.9,0.0,-0.0,0.0,0.0,0.0,0.0,27.5,0.0,0.0,0.0,-0.0,-0.0,0.0,-12.9,-0.0,-0.0,0.0,0.0,0.0,-0.0,294.1
JVASP-138516,113.7,5.2,-15.7,0.0,-2.9,-0.0,5.2,227.3,186.4,0.0,6.9,-0.0,-15.7,186.4,706.3,-0.0,-40.7,0.0,0.0,0.0,-0.0,-15.1,-0.0,-1.7,-2.9,6.9,-40.7,-0.0,102.0,0.0,-0.0,-0.0,0.0,-1.7,0.0,-0.2
JVASP-138517,199.1,24.0,-10.3,-0.0,-3.1,0.0,24.0,634.6,196.3,-0.0,-2.3,0.0,-10.3,196.3,1499.8,0.0,-58.2,-0.0,-0.0,-0.0,0.0,-5.6,-0.0,-4.1,-3.1,-2.3,-58.2,-0.0,213.8,-0.0,0.0,0.0,-0.0,-4.1,-0.0,-4.6
JVASP-149915,4.1,5.6,0.8,0.0,0.0,0.0,5.6,4.1,0.8,-0.0,-0.0,-0.0,0.8,0.8,811.0,0.0,0.0,-0.0,0.0,-0.0,0.0,-0.4,-0.0,-0.0,0.0,-0.0,0.0,-0.0,-7.0,-0.0,0.0,-0.0,-0.0,-0.0,-0.0,-7.0
JVASP-1312,340.5,72.2,72.2,0.0,0.0,0.0,72.2,340.5,72.2,0.0,0.0,0.0,72.2,72.2,340.5,0.0,0.0,0.0,0.0,0.0,0.0,185.4,0.0,0.0,0.0,0.0,0.0,0.0,185.4,0.0,0.0,0.0,0.0,0.0,0.0,185.4
JVASP-12908,470.8,86.0,70.5,0.0,7.2,-0.0,86.0,470.8,70.5,0.0,-7.2,0.0,70.5,70.5,408.1,-0.0,-0.0,-0.0,0.0,0.0,-0.0,192.4,0.0,7.2,7.2,-7.2,-0.0,-0.0,197.0,-0.0,-0.0,-0.0,-0.0,7.2,0.0,197.0
JVASP-36204,402.5,57.1,22.1,0.0,0.0,0.0,57.1,402.5,22.1,-0.0,-0.0,-0.0,22.1,22.1,449.6,0.0,-0.0,0.0,0.0,-0.0,0.0,172.7,-0.0,-0.0,0.0,-0.0,-0.0,-0.0,135.0,0.0,0.0,-0.0,0.0,-0.0,0.0,135.0
JVASP-137829,156.1,13.4,47.6,0.0,-6.6,-0.0,13.4,48.3,114.1,-0.0,-38.4,0.0,47.6,114.1,-88.7,-0.0,-55.9,0.0,0.0,-0.0,-0.0,-6.6,-0.0,-37.4,-6.6,-38.4,-55.9,-0.0,37.2,0.0,-0.0,0.0,0.0,-37.4,0.0,9.1
JVASP-137831,253.8,45.6,19.3,-0.0,-0.0,0.0,45.6,200.5,33.1,-0.0,-0.0,0.0,19.3,33.1,145.5,-0.0,-0.0,0.0,-0.0,-0.0,-0.0,56.0,0.0,0.0,-0.0,-0.0,-0.0,0.0,-13.3,0.0,0.0,0.0,0.0,0.0,0.0,-7.9
JVASP-137832,-587.7,-1511.4,781.1,-0.0,-175.9,-0.0,-1511.4,-3918.2,1899.2,-0.0,-401.0,-0.0,781.1,1899.2,-874.7,0.0,221.9,0.0,-0.0,-0.0,0.0,-223.3,-0.0,-185.2,-175.9,-401.0,221.9,-0.0,-37.8,-0.0,-0.0,-0.0,0.0,-185.2,-0.0,-106.9
JVASP-137833,27.4,2.5,5.5,0.0,-0.0,0.0,2.5,396.9,131.7,-0.0,0.0,0.0,5.5,131.7,218.6,0.0,-0.0,0.0,0.0,-0.0,0.0,-2.2,-0.0,0.0,-0.0,0.0,-0.0,-0.0,96.7,0.0,0.0,0.0,0.0,0.0,0.0,9.0
JVASP-137834,163.3,10.9,-29.8,-0.0,17.4,0.0,10.9,233.3,29.7,-0.0,7.2,0.0,-29.8,29.7,81.1,0.0,-6.2,-0.0,-0.0,-0.0,0.0,11.9,0.0,-4.7,17.4,7.2,-6.2,0.0,0.4,-0.0,0.0,0.0,-0.0,-4.7,-0.0,28.2
JVASP-137835,-248.9,103.5,109.5,-0.0,30.0,-0.0,103.5,208.3,71.0,-0.0,-0.2,0.0,109.5,71.0,51.8,-0.0,-13.2,0.0,-0.0,-0.0,-0.0,63.2,0.0,8.6,30.0,-0.2,-13.2,0.0,-18.2,-0.0,-0.0,0.0,0.0,8.6,-0.0,-8.9
JVASP-137836,-13.3,33.2,-84.8,-0.0,-0.0,0.0,33.2,276.4,59.6,0.0,-0.0,0.0,-84.8,59.6,25.5,0.0,-0.0,0.0,-0.0,0.0,0.0,27.7,0.0,0.0,-0.0,-0.0,-0.0,0.0,-52.3,0.0,0.0,0.0,0.0,0.0,0.0,39.9
JVASP-137839,206.6,21.2,19.4,0.0,0.0,-0.0,21.2,206.6,19.4,0.0,0.0,-0.0,19.4,19.4,51.9,0.0,0.0,-0.0,0.0,0.0,0.0,29.1,0.0,0.0,0.0,0.0,0.0,0.0,4.2,-0.0,-0.0,-0.0,-0.0,0.0,0.0,4.2
JVASP-137842,332.7,-9.9,111.1,0.0,0.0,0.0,-9.9,332.7,111.1,0.0,0.0,0.0,111.1,111.1,176.7,0.0,0.0,-0.0,0.0,0.0,0.0,68.0,0.0,0.0,0.0,0.0,0.0,0.0,49.9,0.0,0.0,0.0,-0.0,0.0,0.0,49.9
JVASP-137844,423.8,100.4,77.0,-0.0,11.1,0.0,100.4,463.8,47.0,-0.0,-28.6,0.0,77.0,47.0,296.9,0.0,-42.6,-0.0,-0.0,-0.0,0.0,184.9,0.0,-16.0,11.1,-28.6,-42.6,0.0,112.2,0.0,0.0,0.0,-0.0,-16.0,0.0,102.8
JVASP-137845,215.2,69.3,38.7,-6.9,19.0,2.2,69.3,97.2,57.6,-31.7,1.0,-14.5,38.7,57.6,155.1,-12.4,-1.7,-10.0,-6.9,-31.7,-12.4,65.5,-8.7,1.3,19.0,1.0,-1.7,-8.7,60.5,-11.6,2.2,-14.5,-10.0,1.3,-11.6,73.3
JVASP-9166,434.0,92.4,62.4,0.0,4.7,0.0,92.4,434.0,62.4,-0.0,-4.7,-0.0,62.4,62.4,366.7,0.0,-0.0,-0.0,0.0,-0.0,0.0,170.8,0.0,4.7,4.7,-4.7,-0.0,0.0,174.0,0.0,0.0,-0.0,-0.0,4.7,0.0,174.0
JVASP-37905,319.4,54.2,23.9,-0.0,0.0,0.0,54.2,319.4,23.9,0.0,-0.0,-0.0,23.9,23.9,359.0,-0.0,0.0,0.0,-0.0,0.0,-0.0,132.6,0.0,0.0,0.0,-0.0,0.0,0.0,105.8,-0.0,0.0,-0.0,0.0,-0.0,-0.0,105.8
JVASP-7630,268.3,65.9,65.9,0.0,-0.0,0.0,65.9,268.3,65.9,0.0,-0.0,-0.0,65.9,65.9,268.3,-0.0,0.0,-0.0,0.0,0.0,-0.0,144.2,-0.0,-0.0,-0.0,-0.0,0.0,-0.0,144.2,0.0,0.0,-0.0,-0.0,-0.0,0.0,144.2
JVASP-120817,-273.4,205.6,126.8,0.0,-123.6,-0.0,205.6,38.4,83.7,-0.0,36.0,0.0,126.8,83.7,191.5,-0.0,-17.1,0.0,0.0,-0.0,-0.0,-9.7,0.0,17.2,-123.6,36.0,-17.1,0.0,-49.2,0.0,-0.0,0.0,0.0,17.2,0.0,75.3
JVASP-133718,114.5,58.9,-2.1,-0.0,0.0,-0.0,58.9,491.4,4.6,-0.0,-0.0,0.0,-2.1,4.6,50.7,-0.0,0.0,-0.0,-0.0,-0.0,-0.0,-2.3,-0.0,-0.0,-0.0,-0.0,-0.0,-0.0,-19.7,-0.0,-0.0,0.0,-0.0,-0.0,-0.0,5.6
JVASP-133719,224.2,89.9,89.9,-0.0,49.5,0.0,89.9,146.7,28.2,-0.0,-77.5,0.0,89.9,28.2,146.7,-0.0,-77.5,0.0,0.0,-0.0,-0.0,39.3,0.0,-64.1,49.5,-77.5,-77.5,-0.0,64.4,0.0,0.0,0.0,0.0,-64.1,0.0,39.3
JVASP-133720,-44.6,51.0,2.3,-0.0,-28.1,-0.0,51.0,11.8,20.8,0.0,14.5,-0.0,2.3,20.8,126.3,-0.0,23.0,0.0,-0.0,0.0,-0.0,-13.8,0.0,-39.6,-28.1,14.5,23.0,0.0,32.7,-0.0,-0.0,-0.0,0.0,-39.6,-0.0,58.4
JVASP-36873,183.9,56.5,56.5,-0.0,-0.0,-0.0,56.5,183.9,56.5,-0.0,0.0,0.0,56.5,56.5,183.9,0.0,0.0,-0.0,-0.0,-0.0,0.0,99.3,0.0,0.0,-0.0,0.0,0.0,0.0,99.3,-0.0,-0.0,0.0,-0.0,-0.0,-0.0,99.3
JVASP-36109,130.1,44.4,44.4,-0.0,-0.0,-0.0,44.4,130.1,44.4,-0.0,0.0,-0.0,44.4,44.4,130.1,-0.0,-0.0,-0.0,-0.0,-0.0,-0.0,70.0,0.0,-0.0,-0.0,0.0,-0.0,0.0,70.0,-0.0,-0.0,-0.0,-0.0,0.0,-0.0,70.0
JVASP-117520,121.8,12.2,11.6,1.4,-9.3,-0.1,12.2,33.7,26.2,3.1,-10.3,-4.6,11.6,26.2,52.5,3.1,-7.9,-0.5,1.4,3.1,3.1,2.3,-1.9,-2.4,-9.3,-10.3,-7.9,-1.9,28.0,2.1,-0.1,-4.6,-0.5,-2.4,2.1,11.0
JVASP-117510,448.7,36.6,39.1,-0.9,1.6,0.2,36.6,181.6,16.9,-0.1,-0.9,0.1,39.1,16.9,204.6,1.0,-16.2,0.1,-0.9,-0.1,1.0,68.8,0.1,-13.0,1.6,-0.9,-16.2,0.1,13.7,0.1,0.2,0.1,0.1,-13.0,0.1,125.4
JVASP-117511,130.6,24.8,7.0,-0.3,0.1,0.0,24.8,49.7,2.8,-4.3,-0.5,-0.3,7.0,2.8,27.3,-0.7,0.7,-0.6,-0.3,-4.3,-0.7,10.5,0.5,1.6,0.1,-0.5,0.7,0.5,0.6,-0.8,0.0,-0.3,-0.6,1.6,-0.8,5.1
JVASP-119924,27.6,-0.2,-1.2,-0.0,-0.1,-0.0,-0.2,177.2,5.7,0.0,-0.5,0.0,-1.2,5.7,35.1,-0.0,-3.1,0.0,-0.0,0.0,-0.0,-0.5,-0.0,0.1,-0.1,-0.5,-3.1,-0.0,5.0,-0.0,-0.0,0.0,0.0,0.1,-0.0,-2.3
JVASP-120840,-3.5,227.0,-4.2,0.0,-0.0,0.0,227.0,-3.5,-4.2,-0.0,0.0,0.0,-4.2,-4.2,67.6,0.0,-0.0,0.0,0.0,-0.0,0.0,-115.3,-0.0,0.0,-0.0,0.0,-0.0,0.0,11.4,0.0,0.0,0.0,0.0,0.0,0.0,11.4
JVASP-120845,393.6,-1.2,-2.9,4.9,-4.5,-11.8,-1.2,139.5,53.7,3.2,15.5,-10.0,-2.9,53.7,114.3,1.0,31.1,-17.6,4.9,3.2,1.0,46.7,0.8,25.8,-4.5,15.5,31.1,0.8,77.4,-3.8,-11.8,-10.0,-17.6,25.8,-3.8,35.3
JVASP-30452,0.0,0.9999989999996988,0.999999000000249,0.5000010000003012,0.500000999999751,0.5,0.0,-5.503399229501279e-13,0.9999989999996985,0.49999899999969877,0.49999799999939754,0.49999799999994776,0.0,-2.1765685089979365e-17,-6.5144618443285374e-18,0.4999959999998951,0.4999959999998951,0.4999959999998951,0.0,1.0000003012322622e-06,9.999997510057312e-07,0.49999899999969877,0.499999000000249,0.5,0.9999979999993975,0.9999979999999482,0.9999989999996992,0.4999989999996983,0.4999999999999998,0.49999999999944955,0.9999959999998955,0.9999959999998955,0.9999959999998955,0.4999999999999998,0.4999999999999998,0.4999999999999998
JVASP-133827,157.8,98.1,99.1,-28.3,-0.0,-0.0,98.1,95.8,115.5,2.0,0.0,0.0,99.1,115.5,30.7,6.6,0.0,-0.0,-28.3,2.0,6.6,51.1,0.0,0.0,-0.0,0.0,0.0,0.0,14.8,-0.6,-0.0,0.0,-0.0,0.0,-0.6,-9.2
JVASP-133830,254.7,170.1,-7.6,-0.0,0.1,0.0,170.1,277.7,12.1,0.0,-0.1,0.0,-7.6,12.1,77.7,0.0,0.4,-0.0,-0.0,0.0,0.0,68.6,0.0,0.0,0.1,-0.1,0.4,0.0,-38.0,0.0,0.0,0.0,-0.0,0.0,0.0,11.0
JVASP-133831,158.1,30.4,15.6,-0.0,0.5,-0.4,30.4,333.8,17.7,0.1,0.2,-0.3,15.6,17.7,50.4,-0.1,2.0,-0.8,-0.0,0.1,-0.1,65.4,-0.2,0.3,0.5,0.2,2.0,-0.2,26.2,-0.0,-0.4,-0.3,-0.8,0.3,-0.0,12.1
JVASP-133832,214.5,18.6,16.9,0.0,0.0,-0.0,18.6,34.4,-2.2,0.0,-0.0,-0.0,16.9,-2.2,90.0,0.0,0.0,0.0,0.0,0.0,0.0,-0.2,0.0,0.0,0.0,-0.0,0.0,0.0,-4.4,-0.0,-0.0,-0.0,0.0,0.0,-0.0,19.4
JVASP-133834,524.2,-47.8,-9.4,0.0,-0.0,0.0,-47.8,524.2,-9.4,0.0,0.0,0.0,-9.4,-9.4,57.5,0.0,0.0,0.0,0.0,0.0,0.0,30.2,0.0,0.0,-0.0,0.0,0.0,0.0,-1.7,0.0,0.0,0.0,0.0,0.0,0.0,-1.7
JVASP-133835,29.6,17.5,-1.3,0.0,0.0,0.0,17.5,29.6,-1.3,0.0,0.0,0.0,-1.3,-1.3,39.4,0.0,-0.0,-0.0,0.0,0.0,0.0,-1.0,0.0,0.0,0.0,0.0,-0.0,0.0,-4.0,-0.0,0.0,0.0,-0.0,0.0,-0.0,-4.0
JVASP-133838,176.2,324.4,3.0,-0.0,-0.0,-0.0,324.4,176.3,3.0,0.0,-0.0,-0.0,3.0,3.0,80.1,0.0,0.0,0.0,-0.0,0.0,0.0,-74.1,0.0,0.0,0.0,0.0,0.0,-0.0,19.2,0.0,0.0,0.0,0.0,0.0,0.0,19.2
JVASP-133841,192.6,3.6,5.4,0.6,-4.1,0.1,3.6,28.2,21.2,-0.3,8.8,-0.4,5.4,21.2,27.5,-0.4,-6.7,-0.1,0.6,-0.3,-0.4,2.9,-0.8,-3.3,-4.1,8.8,-6.7,-0.8,21.5,-0.4,0.1,-0.4,-0.1,-3.3,-0.4,5.5
JVASP-133842,486.3,5.6,83.1,-3.1,15.4,-0.6,5.6,73.4,5.6,15.1,1.3,1.0,83.1,5.6,391.5,-5.8,66.6,2.3,-3.1,15.1,-5.8,14.7,1.4,30.6,15.4,1.3,66.6,1.4,15.5,-1.8,-0.6,1.0,2.3,30.6,-1.8,170.3
JVASP-63878,170.9,43.9,12.2,-0.0,-15.9,0.0,43.9,170.9,12.2,-0.0,15.9,-0.0,12.2,12.2,61.6,-0.0,-0.0,-0.0,-0.0,-0.0,-0.0,63.5,-0.0,-15.9,-15.9,15.9,-0.0,-0.0,50.9,0.0,0.0,-0.0,-0.0,-15.9,0.0,50.9
JVASP-63235,170.7,43.9,12.2,-0.0,15.8,-0.0,43.9,170.7,12.2,-0.0,-15.8,0.0,12.2,12.2,61.6,-0.0,0.0,0.0,-0.0,-0.0,-0.0,63.4,0.0,15.8,15.8,-15.8,0.0,0.0,50.9,0.0,-0.0,0.0,0.0,15.8,0.0,50.9
JVASP-62678,170.8,43.8,12.2,0.0,15.9,0.0,43.8,170.8,12.2,0.0,-15.9,-0.0,12.2,12.2,61.5,-0.0,-0.0,0.0,0.0,-0.0,0.0,63.5,0.0,15.9,15.9,-15.9,-0.0,0.0,50.9,0.0,0.0,-0.0,0.0,15.9,0.0,50.9
JVASP-9090,591.9,126.2,52.5,-0.0,-22.8,-0.0,126.2,591.9,52.5,0.0,22.8,0.0,52.5,52.5,459.8,-0.0,0.0,-0.0,-0.0,0.0,0.0,232.9,-0.0,-22.8,-22.8,22.8,0.0,-0.0,178.6,-0.0,-0.0,0.0,-0.0,-22.8,-0.0,178.6
JVASP-14147,170.8,44.0,12.2,-0.0,15.8,-0.0,44.0,170.8,12.2,0.0,-15.8,0.0,12.2,12.2,61.6,0.0,0.0,0.0,0.0,0.0,0.0,63.4,-0.0,15.8,15.8,-15.8,0.0,-0.0,51.0,-0.0,-0.0,0.0,0.0,15.8,-0.0,51.0
JVASP-57876,313.5,42.4,38.7,-0.0,0.0,-0.0,42.4,470.4,48.4,-0.0,0.0,0.0,38.7,48.4,488.3,-0.0,0.0,0.0,-0.0,-0.0,-0.0,137.7,-0.0,-0.0,0.0,0.0,0.0,-0.0,128.1,0.0,-0.0,0.0,-0.0,-0.0,0.0,177.1
JVASP-113442,30.0,36.0,230.0,0.0,0.0,-0.0,36.0,93.7,33.5,0.0,-0.0,-0.0,230.0,33.5,272.2,0.0,-0.0,-0.0,0.0,0.0,0.0,-6.3,0.0,0.0,0.0,-0.0,-0.0,0.0,-20.7,0.0,-0.0,-0.0,-0.0,0.0,0.0,30.5
JVASP-113443,145.3,18.4,62.9,0.0,0.0,0.0,18.4,87.7,6.5,0.0,0.0,0.0,62.9,6.5,596.1,-0.0,-0.0,0.0,0.0,0.0,-0.0,3.5,0.0,0.0,0.0,0.0,-0.0,0.0,-101.7,0.0,0.0,0.0,0.0,0.0,0.0,44.5
JVASP-113446,93.6,156.5,16.2,0.0,0.0,0.0,156.5,673.1,-26.8,0.0,-0.0,0.0,16.2,-26.8,81.5,-0.0,0.0,0.0,0.0,0.0,-0.0,-80.5,-0.0,0.0,0.0,-0.0,0.0,-0.0,-177.8,0.0,0.0,0.0,0.0,0.0,0.0,4.8
JVASP-114011,381.9,51.7,6.9,0.0,0.0,0.4,51.7,388.6,9.5,-0.1,-0.9,-0.0,6.9,9.5,49.6,-0.5,-3.4,-0.2,0.0,-0.1,-0.5,130.1,0.2,2.2,0.0,-0.9,-3.4,0.2,9.2,-0.8,0.4,-0.0,-0.2,2.2,-0.8,0.8
JVASP-114013,471.0,14.0,15.3,-0.6,3.2,-0.2,14.0,31.9,20.4,1.4,3.0,1.2,15.3,20.4,33.1,1.4,5.7,1.5,-0.6,1.4,1.4,10.5,0.4,3.1,3.2,3.0,5.7,0.4,19.2,0.5,-0.2,1.2,1.5,3.1,0.5,11.3
JVASP-114014,524.4,40.5,87.9,4.4,0.1,0.8,40.5,190.5,192.0,2.1,-0.2,-1.0,87.9,192.0,762.6,-9.4,1.5,2.9,4.4,2.1,-9.4,41.5,1.3,0.9,0.1,-0.2,1.5,1.3,182.7,-4.5,0.8,-1.0,2.9,0.9,-4.5,178.0
JVASP-114015,506.6,268.1,37.5,-0.0,-0.0,0.0,268.1,506.6,37.5,0.0,-0.0,0.0,37.5,37.5,232.9,0.0,-0.0,-0.0,-0.0,0.0,0.0,119.2,0.0,0.0,-0.0,-0.0,-0.0,0.0,103.3,0.0,0.0,0.0,-0.0,0.0,0.0,103.3
JVASP-149038,-128.5,201.5,-150.9,-0.0,-26.2,-0.0,201.5,196.5,60.2,-0.0,11.4,-0.0,-150.9,60.2,-27.3,-0.0,-32.7,-0.0,-0.0,-0.0,-0.0,19.0,-0.0,16.2,-26.2,11.4,-32.7,-0.0,-94.7,0.0,-0.0,-0.0,-0.0,16.2,0.0,-22.5
JVASP-154389,180.1,46.2,15.7,0.0,-17.3,-0.0,46.2,180.1,15.7,0.0,17.3,-0.0,15.7,15.7,72.0,0.0,-0.0,-0.0,0.0,0.0,0.0,67.0,-0.0,-17.3,-17.3,17.3,-0.0,-0.0,56.3,0.0,-0.0,-0.0,-0.0,-17.3,0.0,56.3
JVASP-103585,69.7,36.6,37.0,0.0,-0.0,-0.0,36.6,64.5,38.3,0.0,-0.0,-0.0,37.0,38.3,58.0,0.0,-0.0,-0.0,0.0,0.0,0.0,0.6,0.0,0.0,-0.0,-0.0,-0.0,0.0,-2.4,-0.0,-0.0,-0.0,-0.0,0.0,-0.0,-4.5
JVASP-14917,71.3,29.9,28.6,0.0,0.0,0.0,29.9,71.3,28.6,-0.0,-0.0,0.0,28.6,28.6,104.1,0.0,0.0,0.0,0.0,-0.0,0.0,20.7,-0.0,-0.0,0.0,0.0,0.0,0.0,8.4,0.0,0.0,-0.0,0.0,-0.0,0.0,8.4
JVASP-102451,66.1,43.7,43.7,-0.0,-0.0,-0.0,43.7,66.1,43.7,-0.0,0.0,0.0,43.7,43.7,66.1,0.0,-0.0,0.0,-0.0,-0.0,0.0,17.4,0.0,0.0,-0.0,0.0,-0.0,0.0,17.4,0.0,-0.0,0.0,0.0,0.0,0.0,17.4
JVASP-4552,71.3,29.9,28.6,0.0,0.0,0.0,29.9,71.3,28.6,0.0,0.0,0.0,28.6,28.6,104.1,0.0,0.0,0.0,0.0,0.0,0.0,20.7,0.0,0.0,0.0,0.0,0.0,0.0,8.4,0.0,0.0,0.0,0.0,0.0,0.0,8.4
JVASP-35236,33.0,90.5,90.5,-0.0,0.0,-0.0,90.5,33.0,90.5,0.0,-0.0,0.0,90.5,90.5,33.0,-0.0,-0.0,-0.0,-0.0,0.0,-0.0,15.9,0.0,0.0,0.0,-0.0,-0.0,0.0,15.9,0.0,-0.0,0.0,-0.0,0.0,0.0,15.9
JVASP-134881,326.1,153.4,-4.3,-0.0,0.0,0.0,153.4,326.1,-4.3,0.0,0.0,0.0,-4.3,-4.3,108.6,-0.0,0.0,0.0,-0.0,0.0,-0.0,86.4,0.0,0.0,0.0,0.0,0.0,0.0,-26.4,0.0,0.0,0.0,0.0,0.0,0.0,-26.4
JVASP-134882,171.1,64.6,63.5,0.1,7.4,-0.4,64.6,169.4,64.6,-0.6,-5.5,-0.4,63.5,64.6,443.5,0.2,3.9,-1.8,0.1,-0.6,0.2,52.3,-0.2,6.7,7.4,-5.5,3.9,-0.2,25.0,0.1,-0.4,-0.4,-1.8,6.7,0.1,23.7
JVASP-134884,51.5,9.5,-6.2,0.0,1.4,0.0,9.5,170.0,118.8,0.0,-14.3,0.0,-6.2,118.8,449.2,-0.0,-17.2,-0.0,0.0,0.0,-0.0,-6.3,0.0,-0.6,1.4,-14.3,-17.2,0.0,19.1,0.0,0.0,0.0,-0.0,-0.6,0.0,-4.5
JVASP-134887,259.7,-3.2,101.3,0.0,-0.0,-0.0,-3.2,43.6,-1.9,0.0,-0.0,-0.0,101.3,-1.9,531.6,0.0,0.0,0.0,0.0,0.0,0.0,-10.2,0.0,0.0,-0.0,-0.0,0.0,0.0,-11.2,-0.0,-0.0,-0.0,0.0,0.0,-0.0,104.8
JVASP-4849,362.6,188.6,134.3,0.0,0.0,0.0,188.6,362.6,134.3,0.0,0.0,0.0,134.3,134.3,285.2,0.0,0.0,0.0,0.0,0.0,0.0,87.0,0.0,0.0,0.0,0.0,0.0,0.0,203.7,0.0,0.0,0.0,0.0,0.0,0.0,203.7
JVASP-7844,289.5,153.2,153.2,-0.0,0.0,-0.0,153.2,289.5,153.2,-0.0,-0.0,-0.0,153.2,153.2,289.5,0.0,-0.0,0.0,-0.0,-0.0,0.0,184.5,-0.0,-0.0,0.0,-0.0,-0.0,-0.0,184.5,0.0,-0.0,-0.0,0.0,-0.0,0.0,184.5
JVASP-7780,443.8,168.3,168.3,0.0,0.0,0.0,168.3,443.8,168.3,-0.0,0.0,0.0,168.3,168.3,443.8,0.0,-0.0,-0.0,0.0,-0.0,0.0,314.3,-0.0,-0.0,0.0,0.0,-0.0,-0.0,314.3,0.0,0.0,0.0,-0.0,-0.0,0.0,314.3
JVASP-39,385.2,131.8,98.6,0.0,0.0,0.0,131.8,385.2,98.6,0.0,0.0,0.0,98.6,98.6,366.2,0.0,0.0,0.0,0.0,0.0,0.0,126.7,0.0,0.0,0.0,0.0,0.0,0.0,114.7,0.0,0.0,0.0,0.0,0.0,0.0,114.7
JVASP-118633,215.0,5.1,4.3,6.6,-5.1,-0.0,5.1,49.7,32.5,5.6,-4.0,-2.1,4.3,32.5,58.4,-1.9,-6.7,-7.8,6.6,5.6,-1.9,0.2,-8.5,-0.2,-5.1,-4.0,-6.7,-8.5,14.3,1.9,-0.0,-2.1,-7.8,-0.2,1.9,9.1
JVASP-118634,441.8,545.5,54.6,0.0,-0.0,0.0,545.5,441.8,54.6,0.0,-0.0,-0.0,54.6,54.6,708.4,0.0,0.0,0.0,0.0,0.0,0.0,618.3,0.0,0.0,-0.0,-0.0,0.0,0.0,32.6,0.0,0.0,-0.0,0.0,0.0,0.0,32.6
JVASP-137888,374.2,170.5,-2.0,-0.0,0.0,-0.0,170.5,374.2,-2.0,0.0,-0.0,0.0,-2.0,-2.0,20.8,-0.0,-0.0,0.0,-0.0,0.0,-0.0,101.9,0.0,0.0,0.0,-0.0,-0.0,0.0,-8.1,0.0,-0.0,0.0,0.0,0.0,0.0,-8.1
JVASP-137889,276.3,233.9,0.6,-0.0,0.0,0.0,233.9,276.3,0.6,0.0,0.0,0.0,0.6,0.6,22.1,-0.0,-0.0,0.0,-0.0,0.0,-0.0,21.2,0.0,-0.0,0.0,0.0,-0.0,-0.0,-10.1,0.0,0.0,0.0,0.0,0.0,0.0,-10.1
JVASP-1327,126.3,61.9,61.9,0.0,0.0,0.0,61.9,126.3,61.9,0.0,0.0,0.0,61.9,61.9,126.3,0.0,0.0,0.0,0.0,0.0,0.0,61.9,0.0,0.0,0.0,0.0,0.0,0.0,61.9,0.0,0.0,0.0,0.0,0.0,0.0,61.9
JVASP-8182,151.4,56.9,40.0,-0.0,0.0,0.0,56.9,151.4,40.0,-0.0,0.0,-0.0,40.0,40.0,172.8,0.0,0.0,-0.0,-0.0,-0.0,0.0,47.2,-0.0,0.0,0.0,-0.0,0.0,-0.0,37.6,-0.0,0.0,-0.0,-0.0,-0.0,-0.0,37.6
JVASP-30519,8.2,-1.2,-1.2,0.0,-0.0,-0.0,-1.2,107.4,92.2,0.0,-0.0,-0.0,-1.2,92.2,108.3,-0.0,0.0,0.0,0.0,0.0,-0.0,-2.8,-0.0,0.0,-0.0,-0.0,0.0,-0.0,46.7,-0.0,-0.0,-0.0,0.0,0.0,-0.0,-3.0
JVASP-121233,-11.4,35.1,176.1,0.0,35.8,0.0,35.1,-162.4,239.7,0.0,1.1,0.0,176.1,239.7,-232.8,-0.0,-83.3,-0.0,0.0,0.0,-0.0,-7.4,-0.0,9.6,35.8,1.1,-83.3,-0.0,-58.3,-0.0,0.0,0.0,-0.0,9.6,-0.0,-24.2
JVASP-121235,142.6,28.0,30.6,0.5,7.5,-1.2,28.0,67.4,25.5,1.3,-19.3,-1.1,30.6,25.5,116.5,-0.4,-18.8,-1.3,0.5,1.3,-0.4,22.3,0.4,9.5,7.5,-19.3,-18.8,0.4,17.9,-0.2,-1.2,-1.1,-1.3,9.5,-0.2,13.6
JVASP-121236,90.6,39.1,50.0,0.0,-7.8,-0.0,39.1,35.1,27.6,0.0,-6.9,-0.0,50.0,27.6,105.7,-0.0,-23.9,0.0,-0.0,-0.0,-0.0,40.0,0.0,1.1,-7.8,-6.9,-23.9,0.0,19.1,-0.0,-0.0,-0.0,0.0,1.1,-0.0,16.3
JVASP-121237,99.0,49.0,54.3,27.6,19.9,-4.6,49.0,73.2,49.2,19.9,-11.3,15.6,54.3,49.2,113.9,8.7,-4.1,-4.5,27.6,19.9,8.7,32.3,-0.3,7.5,19.9,-11.3,-4.1,-0.3,41.1,19.1,-4.6,15.6,-4.5,7.5,19.1,51.8
JVASP-135467,167.4,78.1,-1.7,-0.0,-0.0,0.0,78.1,167.4,-1.7,0.0,-0.0,-0.0,-1.7,-1.7,13.3,-0.0,0.0,0.0,-0.0,0.0,-0.0,44.6,0.0,-0.0,0.0,-0.0,0.0,-0.0,-3.9,-0.0,0.0,-0.0,0.0,-0.0,-0.0,-3.9
JVASP-135471,235.4,12.6,12.6,0.0,-0.0,-0.0,12.6,226.6,51.5,0.0,-0.0,0.0,12.6,51.5,226.6,0.0,-0.0,-0.0,0.0,0.0,0.0,28.0,0.0,0.0,-0.0,-0.0,-0.0,0.0,-5.1,0.0,-0.0,0.0,-0.0,0.0,0.0,28.0
JVASP-135472,67.7,54.0,76.4,0.0,0.0,-0.0,54.0,99.7,50.9,0.0,-0.0,0.0,76.4,50.9,148.4,0.0,0.0,-0.0,0.0,0.0,0.0,1.3,0.0,0.0,0.0,-0.0,0.0,0.0,4.0,0.0,-0.0,0.0,-0.0,0.0,0.0,-2.1
JVASP-1372,105.4,50.6,50.6,0.0,0.0,0.0,50.6,105.4,50.6,0.0,0.0,0.0,50.6,50.6,105.4,0.0,0.0,0.0,0.0,0.0,0.0,52.7,0.0,0.0,0.0,0.0,0.0,0.0,52.7,0.0,0.0,0.0,0.0,0.0,0.0,52.7
JVASP-8183,126.9,46.7,31.5,0.0,0.0,0.0,46.7,126.9,31.5,-0.0,0.0,-0.0,31.5,31.5,146.4,0.0,0.0,-0.0,0.0,-0.0,0.0,40.1,0.0,-0.0,-0.0,0.0,0.0,0.0,32.1,0.0,0.0,-0.0,-0.0,-0.0,0.0,32.1
JVASP-13985,134.5,57.1,49.8,-0.0,-0.0,0.0,57.1,134.5,49.8,0.0,0.0,-0.0,49.8,49.8,147.9,-0.0,0.0,0.0,-0.0,0.0,-0.0,38.7,-0.0,0.0,-0.0,0.0,0.0,-0.0,24.2,0.0,0.0,-0.0,0.0,0.0,0.0,24.2
JVASP-16421,134.5,57.1,49.8,-0.0,0.0,0.0,57.1,134.5,49.8,0.0,0.0,0.0,49.8,49.8,147.9,-0.0,0.0,-0.0,-0.0,0.0,-0.0,38.7,-0.0,0.0,-0.0,-0.0,0.0,-0.0,24.2,0.0,0.0,0.0,-0.0,0.0,0.0,24.2
JVASP-118169,35.9,75.7,10.8,0.0,0.0,0.0,75.7,103.2,6.7,-0.0,-0.0,0.0,10.8,6.7,203.9,-0.0,-0.0,0.0,0.0,-0.0,-0.0,10.8,0.0,0.0,0.0,-0.0,-0.0,0.0,-542.9,0.0,0.0,0.0,0.0,0.0,0.0,1.0
JVASP-118170,103.2,20.8,33.6,-0.0,-0.0,-0.0,20.8,64.0,37.6,0.0,0.0,0.0,33.6,37.6,101.9,0.0,0.0,0.0,-0.0,0.0,0.0,-1.9,0.0,0.0,-0.0,0.0,0.0,0.0,-8.1,-0.0,-0.0,0.0,0.0,0.0,-0.0,-391.3
JVASP-118179,91.5,27.2,21.7,0.0,0.0,0.0,27.2,-203.1,65.6,0.0,0.0,0.0,21.7,65.6,108.8,-0.0,0.0,0.0,0.0,0.0,-0.0,-72.1,-0.0,0.0,0.0,0.0,0.0,-0.0,6.0,0.0,0.0,0.0,0.0,0.0,0.0,33.1
JVASP-120123,91.9,59.9,59.9,0.0,10.0,-0.0,59.9,86.2,50.1,0.0,-9.0,0.0,59.9,50.1,86.2,0.0,-9.0,0.0,0.0,0.0,0.0,32.5,0.0,1.9,10.0,-9.0,-9.0,0.0,27.6,0.0,-0.0,-0.0,-0.0,1.9,0.0,32.5
JVASP-1408,76.9,37.2,37.2,0.0,0.0,0.0,37.2,76.9,37.2,0.0,0.0,0.0,37.2,37.2,76.9,0.0,0.0,0.0,0.0,0.0,0.0,36.8,0.0,0.0,0.0,0.0,0.0,0.0,36.8,0.0,0.0,0.0,0.0,0.0,0.0,36.8
JVASP-100038,71.1,79.6,33.6,0.0,-0.0,-0.0,79.6,71.1,33.6,0.0,0.0,0.0,33.6,33.6,74.0,0.0,-0.0,0.0,0.0,0.0,0.0,53.8,0.0,0.0,-0.0,0.0,-0.0,0.0,22.9,0.0,-0.0,0.0,0.0,0.0,0.0,22.9
JVASP-35748,91.8,34.4,23.4,-0.0,-0.0,-0.0,34.4,91.8,23.4,0.0,0.0,0.0,23.4,23.4,107.3,-0.0,0.0,0.0,-0.0,0.0,-0.0,28.7,-0.0,0.0,-0.0,0.0,0.0,-0.0,22.6,-0.0,-0.0,0.0,0.0,0.0,-0.0,22.6
JVASP-35259,124.4,33.3,43.3,-0.0,0.0,0.0,33.3,42.0,6.7,-0.0,0.0,0.0,43.3,6.7,76.8,-0.0,0.0,0.0,-0.0,-0.0,-0.0,27.7,0.0,0.0,0.0,0.0,0.0,0.0,14.9,0.0,0.0,0.0,0.0,0.0,0.0,26.8
JVASP-11395,89.6,28.6,28.6,0.0,-0.0,-0.0,28.6,89.6,28.6,-0.0,-0.0,-0.0,28.6,28.6,89.6,0.0,0.0,-0.0,-0.0,-0.0,0.0,32.8,-0.0,0.0,0.0,-0.0,-0.0,0.0,32.8,-0.0,-0.0,0.0,-0.0,0.0,-0.0,32.8
JVASP-139573,90.2,11.4,13.4,-0.0,-0.0,-0.0,11.4,52.7,48.0,0.0,0.0,0.0,13.4,48.0,89.5,0.0,-0.0,-0.0,-0.0,0.0,0.0,-0.2,0.0,0.0,-0.0,0.0,-0.0,0.0,-4.3,-0.0,-0.0,0.0,-0.0,0.0,-0.0,-10.4
JVASP-106484,46.5,49.5,49.5,0.0,0.0,0.0,49.5,46.5,49.5,-0.0,0.0,0.0,49.5,49.5,46.5,0.0,0.0,0.0,0.0,-0.0,0.0,14.3,0.0,0.0,0.0,0.0,0.0,0.0,14.3,0.0,0.0,0.0,0.0,0.0,0.0,14.3
JVASP-35769,58.8,29.7,29.7,0.0,-0.0,-0.0,29.7,58.8,29.7,0.0,0.0,0.0,29.7,29.7,58.8,-0.0,0.0,-0.0,0.0,0.0,-0.0,28.0,-0.0,-0.0,-0.0,0.0,0.0,-0.0,28.0,0.0,-0.0,0.0,-0.0,-0.0,0.0,28.0
JVASP-106137,50.0,17.5,13.1,-0.0,0.5,0.0,17.5,46.0,11.2,-0.0,0.3,0.0,13.1,11.2,72.6,-0.0,1.7,-0.0,-0.0,-0.0,-0.0,15.9,-0.0,-0.0,0.5,0.3,1.7,0.0,14.3,-0.0,-0.0,0.0,-0.0,-0.0,0.0,16.2
JVASP-2931,64.3,9.7,13.8,0.0,2.9,0.0,9.7,24.6,9.9,0.0,-0.6,0.0,13.8,9.9,30.8,0.0,-5.2,0.0,0.0,0.0,0.0,10.4,0.0,1.9,2.9,-0.6,-5.2,0.0,10.7,0.0,0.0,0.0,0.0,1.9,0.0,17.9
JVASP-135589,-69.2,-20.8,10.8,-0.0,-8.4,-0.0,-20.8,29.2,11.2,-0.0,1.0,-0.0,10.8,11.2,12.2,-0.0,2.0,-0.0,-0.0,-0.0,-0.0,-9.6,-0.0,0.2,-8.4,1.0,2.0,-0.0,-0.2,-0.0,-0.0,-0.0,-0.0,0.2,-0.0,-0.4
JVASP-135593,122.4,16.5,-7.1,-0.0,0.0,0.0,16.5,67.9,27.2,0.0,0.0,0.0,-7.1,27.2,80.8,0.0,-0.0,0.0,-0.0,0.0,0.0,-11.4,-0.0,0.0,0.0,0.0,-0.0,-0.0,0.4,0.0,0.0,0.0,0.0,0.0,0.0,16.7
JVASP-135595,47.6,57.8,13.1,0.0,0.0,0.0,57.8,47.6,13.1,-0.0,0.0,0.0,13.1,13.1,126.2,-0.0,0.0,-0.0,0.0,-0.0,-0.0,-5.1,-0.0,-0.0,0.0,0.0,0.0,-0.0,24.3,0.0,0.0,0.0,-0.0,-0.0,0.0,24.3
JVASP-135596,-16.8,15.8,-22.8,0.0,6.1,-0.0,15.8,0.7,31.5,0.0,-11.1,-0.0,-22.8,31.5,-153.1,0.0,-11.9,-0.0,0.0,-0.0,0.0,-3.2,0.0,-0.4,6.1,-11.1,-11.9,0.0,-18.2,0.0,-0.0,-0.0,-0.0,-0.4,0.0,-4.1
JVASP-135597,102.5,-0.3,-4.5,0.0,0.0,-0.0,-0.3,72.3,21.1,0.0,0.0,-0.0,-4.5,21.1,38.7,0.0,0.0,-0.0,0.0,0.0,0.0,3.3,0.0,0.0,0.0,0.0,0.0,0.0,-5.8,-0.0,-0.0,-0.0,-0.0,0.0,-0.0,-5.7
JVASP-135599,109.5,9.3,9.3,-0.0,0.0,-0.0,9.3,159.2,36.7,0.0,0.0,-0.0,9.3,36.7,159.2,-0.0,-0.0,0.0,-0.0,0.0,-0.0,9.2,0.0,0.0,0.0,0.0,-0.0,0.0,-16.8,0.0,-0.0,-0.0,0.0,0.0,0.0,9.2
JVASP-135600,37.3,36.1,23.1,-8.8,-0.0,-0.0,36.1,47.2,36.8,-13.2,0.0,-0.0,23.1,36.8,51.0,1.3,0.0,-0.0,-8.8,-13.2,1.3,24.9,-0.0,0.0,-0.0,0.0,0.0,-0.0,-5.4,-1.3,-0.0,-0.0,-0.0,0.0,-1.3,1.8
JVASP-10862,60.4,21.3,18.0,-0.0,0.2,0.0,21.3,57.2,15.3,0.0,2.0,0.0,18.0,15.3,90.6,0.0,4.7,0.0,-0.0,0.0,0.0,20.1,-0.0,1.1,0.2,2.0,4.7,-0.0,20.5,-0.0,0.0,-0.0,0.0,1.1,-0.0,21.6
JVASP-137056,7.8,4.4,-13.7,-10.3,0.0,0.0,4.4,-21.7,-2.6,-14.5,0.0,0.0,-13.7,-2.6,-183.6,-42.5,0.0,-0.0,-10.3,-14.5,-42.5,-10.3,0.0,0.0,0.0,0.0,0.0,0.0,-9.0,0.3,0.0,0.0,-0.0,0.0,0.3,-0.7
JVASP-137057,83.7,14.0,9.0,-0.1,9.8,-0.1,14.0,87.4,23.5,-0.3,-1.1,-0.1,9.0,23.5,15.0,-0.2,-1.6,-0.1,-0.1,-0.3,-0.2,20.8,0.0,7.9,9.8,-1.1,-1.6,0.0,21.3,-0.3,-0.1,-0.1,-0.1,7.9,-0.3,5.8
JVASP-137058,185.9,-2.9,5.5,0.0,-0.0,-0.0,-2.9,57.1,29.1,0.0,0.0,0.0,5.5,29.1,82.8,-0.0,0.0,0.0,0.0,0.0,-0.0,11.3,0.0,0.0,-0.0,0.0,0.0,0.0,-7.6,0.0,-0.0,0.0,0.0,0.0,0.0,-28.7
JVASP-137060,-209.0,-102.0,-37.8,-0.0,10.8,-0.0,-102.0,-110.6,-34.2,-0.0,8.4,-0.0,-37.8,-34.2,-39.0,-0.0,-6.6,-0.0,-0.0,-0.0,-0.0,-9.0,0.0,-1.7,10.8,8.4,-6.6,0.0,-8.6,0.0,-0.0,-0.0,-0.0,-1.7,0.0,-9.0
JVASP-137061,28.8,68.0,74.9,6.9,12.7,3.4,68.0,27.0,43.7,-12.0,5.2,-6.2,74.9,43.7,57.5,4.0,-2.2,-6.6,6.9,-12.0,4.0,-4.5,10.3,-5.8,12.7,5.2,-2.2,10.3,-11.0,-1.3,3.4,-6.2,-6.6,-5.8,-1.3,-3.2
JVASP-137065,143.3,-3.7,28.1,0.0,0.0,0.0,-3.7,13.4,6.6,0.0,0.0,0.0,28.1,6.6,112.6,0.0,0.0,0.0,0.0,0.0,0.0,-4.3,0.0,0.0,0.0,0.0,0.0,0.0,-3.4,0.0,0.0,0.0,0.0,0.0,0.0,1.4
JVASP-137068,23.7,37.7,70.9,-0.0,-3.2,-0.0,37.7,-30.8,55.8,-0.0,-4.6,-0.0,70.9,55.8,36.6,-0.0,-2.7,-0.0,-0.0,-0.0,-0.0,-17.7,-0.0,-0.5,-3.2,-4.6,-2.7,-0.0,-6.7,-0.0,-0.0,-0.0,-0.0,-0.5,-0.0,-6.7
JVASP-7066,65.9,28.4,24.8,-0.0,0.0,0.0,28.4,65.9,24.8,-0.0,0.0,0.0,24.8,24.8,72.8,0.0,0.0,0.0,-0.0,-0.0,0.0,18.8,0.0,0.0,0.0,0.0,0.0,0.0,29.6,0.0,0.0,0.0,0.0,0.0,0.0,29.6
JVASP-139540,73.0,41.8,46.7,-1.2,0.0,-5.4,41.8,67.9,51.8,-4.2,-0.9,4.0,46.7,51.8,169.4,-4.3,-1.2,-0.7,-1.2,-4.2,-4.3,22.5,-0.6,1.4,0.0,-0.9,-1.2,-0.6,8.7,-10.7,-5.4,4.0,-0.7,1.4,-10.7,5.2
JVASP-139542,-177.5,-189.4,70.0,180.6,116.0,19.5,-189.4,-286.3,99.9,211.3,133.1,43.1,70.0,99.9,-34.0,-46.2,-23.9,-5.0,180.6,211.3,-46.2,-161.0,-108.4,-28.8,116.0,133.1,-23.9,-108.4,-92.1,-12.4,19.5,43.1,-5.0,-28.8,-12.4,-15.5
JVASP-139544,84.3,-10.4,63.0,-0.0,0.0,-0.0,-10.4,-335.5,14.5,-0.0,-0.0,0.0,63.0,14.5,55.9,0.0,-0.0,0.0,-0.0,-0.0,0.0,8.6,0.0,-0.0,0.0,0.0,-0.0,0.0,-0.8,0.0,-0.0,0.0,0.0,-0.0,0.0,-64.0
JVASP-139545,118.1,56.9,26.0,-0.0,-0.0,0.0,56.9,118.1,26.0,0.0,-0.0,0.0,26.0,26.0,248.1,0.0,0.0,0.0,-0.0,0.0,0.0,57.5,0.0,0.0,-0.0,-0.0,0.0,0.0,20.5,0.0,0.0,0.0,0.0,0.0,0.0,20.5
JVASP-139546,101.3,5.8,13.2,0.0,-3.8,0.0,5.8,46.9,3.4,0.0,3.0,0.0,13.2,3.4,46.0,0.0,8.0,0.0,0.0,0.0,0.0,3.3,0.0,-2.3,-3.8,3.0,8.0,0.0,7.6,0.0,0.0,0.0,0.0,-2.3,0.0,15.6
JVASP-139551,85.7,51.9,4.7,0.1,0.9,-0.0,51.9,85.8,5.1,0.1,-1.1,0.1,4.7,5.1,49.5,-0.2,-0.8,-0.3,0.1,0.1,-0.2,17.0,-0.0,0.8,0.9,-1.1,-0.8,-0.0,2.3,-0.1,-0.0,0.1,-0.3,0.8,-0.1,1.8
JVASP-139552,73.1,44.4,17.7,0.0,0.0,0.0,44.4,114.2,56.8,-0.0,-0.0,0.0,17.7,56.8,39.7,0.0,-0.0,0.0,0.0,-0.0,0.0,-125.7,-0.0,0.0,0.0,-0.0,-0.0,-0.0,4.1,0.0,0.0,0.0,0.0,0.0,0.0,-14.5
JVASP-49837,118.4,92.8,69.1,-0.0,16.8,0.0,92.8,253.3,111.0,0.0,-8.9,-0.0,69.1,111.0,210.2,-0.0,25.8,-0.0,-0.0,0.0,-0.0,79.2,0.0,12.7,16.8,-8.9,25.8,0.0,91.1,-0.0,0.0,-0.0,-0.0,12.7,-0.0,43.8
JVASP-32,469.8,153.3,114.1,0.0,-20.8,0.0,153.3,469.8,114.1,0.0,20.8,0.0,114.1,114.1,468.9,0.0,0.0,0.0,0.0,0.0,0.0,158.3,0.0,-20.8,-20.8,20.8,0.0,0.0,140.9,0.0,0.0,0.0,0.0,-20.8,0.0,140.9
JVASP-85600,332.7,36.1,0.8,0.0,-16.8,0.1,36.1,119.3,41.8,0.0,5.6,0.0,0.8,41.8,96.0,0.0,16.4,0.0,0.0,0.0,0.0,57.0,0.0,-9.7,-16.8,5.6,16.4,0.0,57.8,0.0,0.1,0.0,0.0,-9.7,0.0,22.2
JVASP-105710,424.0,68.0,99.5,0.0,0.0,0.0,68.0,282.2,151.1,0.0,0.0,0.0,99.5,151.1,362.1,0.0,0.0,-0.0,0.0,0.0,0.0,100.7,-0.0,-0.0,0.0,0.0,0.0,-0.0,200.4,0.0,0.0,0.0,-0.0,-0.0,0.0,125.4
JVASP-96735,-855.6,268.2,130.0,-55.3,-35.1,-87.7,268.2,-128.6,76.9,23.2,28.7,18.6,130.0,76.9,-162.2,-39.6,28.1,0.3,-55.3,23.2,-39.6,-98.3,-2.9,13.3,-35.1,28.7,28.1,-2.9,-146.7,-5.6,-87.7,18.6,0.3,13.3,-5.6,-135.3
JVASP-93395,333.5,22.3,95.2,0.0,-0.0,0.0,22.3,152.7,80.6,0.0,-0.0,0.0,95.2,80.6,376.5,0.0,-0.0,0.0,0.0,0.0,0.0,34.2,0.0,0.0,-0.0,-0.0,-0.0,0.0,50.2,0.0,0.0,0.0,0.0,0.0,0.0,127.9
JVASP-49795,128.5,64.9,30.2,-0.0,0.0,0.0,64.9,217.3,46.2,-0.0,0.0,-0.0,30.2,46.2,161.0,0.0,0.0,-0.0,-0.0,-0.0,0.0,32.7,-0.0,0.0,0.0,0.0,-0.0,-0.0,24.2,-0.0,0.0,-0.0,0.0,0.0,0.0,62.8
JVASP-16003,-25.1,85.4,85.4,-0.0,-0.0,0.0,85.4,-25.1,85.4,-0.0,0.0,0.0,85.4,85.4,-25.1,-0.0,-0.0,-0.0,-0.0,-0.0,-0.0,-78.5,0.0,-0.0,-0.0,0.0,-0.0,0.0,-78.5,-0.0,0.0,0.0,-0.0,-0.0,-0.0,-78.5
JVASP-16004,110.8,142.9,142.9,-0.0,0.0,0.0,142.9,110.8,142.9,0.0,0.0,-0.0,142.9,142.9,110.8,-0.0,-0.0,-0.0,-0.0,0.0,-0.0,-13.4,0.0,-0.0,0.0,0.0,-0.0,0.0,-13.4,-0.0,0.0,-0.0,-0.0,0.0,-0.0,-13.4
JVASP-50058,459.3,125.9,68.6,-0.0,0.0,4.7,125.9,459.3,68.6,0.0,-0.0,-4.7,68.6,68.6,356.4,-0.0,0.0,-0.0,-0.0,-0.0,-0.0,166.7,-4.7,0.0,0.0,-0.0,-0.0,-4.7,92.6,-0.0,4.7,-4.7,-0.0,0.0,-0.0,92.6
JVASP-49866,461.7,128.2,74.1,0.0,-7.8,-7.1,128.2,461.7,74.1,0.0,7.8,7.1,74.1,74.1,342.4,-0.0,-0.0,0.0,0.0,0.0,-0.0,166.8,7.1,-7.8,-7.8,7.8,-0.0,7.1,95.9,0.0,-7.1,7.1,0.0,-7.8,0.0,95.9
JVASP-50026,281.5,148.2,109.3,0.0,15.7,-0.0,148.2,281.8,134.7,-0.0,-16.4,-0.0,109.3,134.7,361.5,0.0,-8.8,0.0,0.0,-0.0,0.0,78.7,-0.0,4.8,15.7,-16.4,-8.8,-0.0,109.2,-0.0,0.0,-0.0,0.0,4.8,-0.0,82.4
JVASP-49931,300.8,123.5,138.8,0.0,16.6,-0.0,123.5,238.1,146.8,-0.0,-42.5,-0.0,138.8,146.8,322.7,-0.0,2.3,0.0,0.0,-0.0,-0.0,54.7,0.0,1.4,16.6,-42.5,2.3,0.0,76.9,-0.0,-0.0,-0.0,0.0,1.4,-0.0,75.2
JVASP-10076,403.1,114.2,67.7,0.0,-14.3,-0.0,114.2,280.3,140.5,0.0,28.5,-0.0,67.7,140.5,418.2,-0.0,-15.5,0.0,0.0,0.0,-0.0,123.7,-0.0,-21.9,-14.3,28.5,-15.5,-0.0,104.1,0.0,-0.0,-0.0,0.0,-21.9,0.0,78.6
JVASP-57670,484.6,92.5,154.0,-0.0,0.0,-0.0,92.5,477.8,149.6,0.0,-0.0,0.0,154.0,149.6,412.8,-0.0,0.0,-0.0,-0.0,0.0,-0.0,130.7,-0.0,0.0,0.0,-0.0,0.0,-0.0,151.5,-0.0,-0.0,0.0,-0.0,-0.0,-0.0,174.6
JVASP-137965,254.4,196.6,15.2,-0.0,0.0,-0.0,196.6,254.4,15.2,0.0,-0.0,0.0,15.2,15.2,76.0,-0.0,0.0,0.0,-0.0,0.0,-0.0,28.9,0.0,0.0,0.0,-0.0,0.0,0.0,20.6,0.0,0.0,0.0,0.0,0.0,0.0,20.6
JVASP-137969,22.4,518.4,-2.7,0.0,0.0,0.0,518.4,22.4,-2.7,-0.0,-0.0,-0.0,-2.7,-2.7,18.3,-0.0,0.0,0.0,0.0,-0.0,-0.0,-248.0,-0.0,0.0,0.0,-0.0,0.0,-0.0,-10.0,0.0,0.0,0.0,0.0,0.0,0.0,-10.0
JVASP-137974,-43.0,340.8,-9.4,-0.0,-0.0,-0.0,340.8,-43.0,-9.4,0.0,0.0,0.0,-9.4,-9.4,130.1,-0.0,-0.0,0.0,-0.0,0.0,-0.0,-191.9,0.0,0.0,-0.0,0.0,-0.0,0.0,7.1,0.0,0.0,0.0,0.0,0.0,0.0,7.1
JVASP-137975,363.6,-41.0,92.4,0.0,-0.0,-0.0,-41.0,363.6,92.4,0.0,-0.0,-0.0,92.4,92.4,237.3,0.0,0.0,-0.0,0.0,0.0,0.0,55.2,0.0,0.0,-0.0,-0.0,0.0,0.0,-319.6,0.0,-0.0,-0.0,-0.0,0.0,0.0,-319.6
JVASP-137978,421.8,93.4,13.6,0.0,0.0,0.0,93.4,421.8,13.6,0.0,-0.0,0.0,13.6,13.6,122.6,0.0,-0.0,0.0,0.0,0.0,0.0,75.0,0.0,0.0,0.0,-0.0,-0.0,0.0,38.2,0.0,0.0,0.0,0.0,0.0,0.0,38.2
JVASP-137979,224.1,26.7,-4.6,0.0,-0.0,0.0,26.7,135.4,23.2,0.0,0.0,-0.0,-4.6,23.2,64.9,-0.0,-0.0,0.0,0.0,0.0,-0.0,-11.0,0.0,0.0,-0.0,0.0,-0.0,0.0,-2.3,-0.0,0.0,-0.0,0.0,0.0,-0.0,-16.8
JVASP-137985,100.5,13.1,24.4,-0.0,-0.3,0.0,13.1,159.5,45.2,0.0,0.1,-0.0,24.4,45.2,150.3,0.0,-0.9,-0.0,-0.0,0.0,0.0,-11.6,0.0,0.4,-0.3,0.1,-0.9,0.0,16.1,-0.0,0.0,-0.0,-0.0,0.4,-0.0,-67.8
JVASP-137988,76.1,-9.1,-9.2,0.0,-1.0,0.0,-9.1,682.8,95.9,0.0,11.9,0.0,-9.2,95.9,551.1,0.0,49.3,0.0,0.0,0.0,0.0,-28.3,0.0,-3.3,-1.0,11.9,49.3,0.0,38.7,0.0,0.0,0.0,0.0,-3.3,0.0,-24.2
JVASP-137019,3.6,120.8,22.1,-19.2,-0.0,-0.0,120.8,136.8,52.0,-20.2,0.0,0.0,22.1,52.0,384.1,-9.3,0.0,0.0,-19.2,-20.2,-9.3,-62.9,-0.0,-0.0,-0.0,0.0,0.0,-0.0,-34.0,-66.9,-0.0,0.0,0.0,-0.0,-66.9,-50.3
JVASP-8169,261.4,137.3,137.3,0.0,0.0,0.0,137.3,261.4,137.3,0.0,-0.0,-0.0,137.3,137.3,261.4,0.0,-0.0,0.0,0.0,0.0,0.0,148.9,0.0,0.0,0.0,-0.0,-0.0,-0.0,148.9,0.0,0.0,-0.0,0.0,0.0,0.0,148.9
JVASP-8027,328.3,157.2,157.2,0.0,0.0,-0.0,157.2,328.3,157.2,-0.0,-0.0,0.0,157.2,157.2,328.3,0.0,0.0,0.0,0.0,-0.0,0.0,206.9,0.0,0.0,0.0,-0.0,0.0,0.0,206.9,0.0,-0.0,0.0,0.0,0.0,0.0,206.9
JVASP-28345,359.6,159.5,-1.0,-0.0,-0.0,-0.0,159.5,359.6,-1.0,0.0,0.0,-0.0,-1.0,-1.0,18.5,0.0,0.0,0.0,-0.0,0.0,0.0,100.0,-0.0,0.0,-0.0,0.0,0.0,-0.0,-5.5,-0.0,-0.0,-0.0,0.0,0.0,-0.0,-5.5
JVASP-30,333.4,119.1,83.0,0.0,0.0,0.0,119.1,333.4,83.0,0.0,0.0,0.0,83.0,83.0,373.7,0.0,0.0,0.0,0.0,0.0,0.0,107.2,0.0,0.0,0.0,0.0,0.0,0.0,90.2,0.0,0.0,0.0,0.0,0.0,0.0,90.2
JVASP-28372,147.7,53.5,-0.4,0.0,7.8,-0.0,53.5,147.7,-0.4,-0.0,-7.8,0.0,-0.4,-0.4,15.3,-0.0,0.0,0.0,0.0,-0.0,-0.0,47.1,-0.0,7.8,7.8,-7.8,0.0,-0.0,-22.8,0.0,-0.0,0.0,0.0,7.8,0.0,-22.8
JVASP-8184,151.5,48.1,29.4,-0.0,0.0,-0.0,48.1,151.5,29.4,0.0,-0.0,0.0,29.4,29.4,177.8,0.0,0.0,0.0,-0.0,0.0,0.0,51.7,-0.0,0.0,0.0,-0.0,0.0,-0.0,41.3,0.0,-0.0,0.0,0.0,-0.0,0.0,41.3
JVASP-1393,125.9,53.2,53.2,0.0,0.0,0.0,53.2,125.9,53.2,0.0,0.0,0.0,53.2,53.2,125.9,0.0,0.0,0.0,0.0,0.0,0.0,65.2,0.0,0.0,0.0,0.0,0.0,0.0,65.2,0.0,0.0,0.0,0.0,0.0,0.0,65.2
JVASP-39523,135.1,55.6,55.1,-0.0,-0.2,-0.0,55.6,131.3,45.5,0.0,-1.2,0.0,55.1,45.5,102.1,0.0,-25.5,0.0,-0.0,0.0,0.0,78.8,-0.0,-21.5,-0.2,-1.2,-25.5,-0.0,20.0,-0.0,-0.0,0.0,0.0,-21.5,-0.0,55.0
JVASP-118384,47.2,48.0,34.4,2.1,3.7,5.0,48.0,69.5,56.8,-12.3,-3.3,-6.0,34.4,56.8,81.4,13.3,-0.1,2.2,2.1,-12.3,13.3,13.1,-3.5,-2.0,3.7,-3.3,-0.1,-3.5,11.0,-11.0,5.0,-6.0,2.2,-2.0,-11.0,13.0
JVASP-120200,56.6,40.1,49.6,0.0,2.4,-0.0,40.1,54.3,47.2,-0.0,13.7,0.0,49.6,47.2,50.8,0.0,2.4,-0.0,0.0,-0.0,0.0,-28.6,0.0,-24.8,2.4,13.7,2.4,0.0,-18.7,-0.0,-0.0,0.0,-0.0,-24.8,-0.0,-22.5
JVASP-120201,113.9,19.3,24.6,0.0,-0.0,0.0,19.3,67.0,32.0,0.0,0.0,-0.0,24.6,32.0,85.7,-0.0,0.0,-0.0,0.0,0.0,-0.0,3.3,0.0,0.0,-0.0,0.0,0.0,0.0,-6.6,-0.0,0.0,-0.0,-0.0,0.0,-0.0,-16.0
JVASP-1174,100.0,42.9,42.9,0.0,0.0,0.0,42.9,100.0,42.9,0.0,0.0,0.0,42.9,42.9,100.0,0.0,0.0,0.0,0.0,0.0,0.0,51.5,0.0,0.0,0.0,0.0,0.0,0.0,51.5,0.0,0.0,0.0,0.0,0.0,0.0,51.5
JVASP-106521,39.2,49.1,49.1,0.0,-0.0,-0.0,49.1,39.2,49.1,0.0,0.0,0.0,49.1,49.1,39.2,-0.0,0.0,0.0,0.0,0.0,-0.0,-1.1,0.0,0.0,-0.0,0.0,0.0,0.0,-1.1,0.0,-0.0,0.0,0.0,0.0,0.0,-1.1
JVASP-8185,121.4,39.6,23.7,0.0,0.0,-0.0,39.6,121.4,23.7,0.0,0.0,0.0,23.7,23.7,141.9,-0.0,0.0,0.0,0.0,0.0,-0.0,40.9,-0.0,0.0,-0.0,-0.0,0.0,-0.0,32.7,0.0,-0.0,0.0,0.0,0.0,0.0,32.7
JVASP-137171,42.0,0.9,7.8,0.0,-0.0,-0.0,0.9,83.7,97.2,0.0,0.0,-0.0,7.8,97.2,160.3,0.0,-0.0,0.0,0.0,0.0,0.0,21.0,0.0,0.0,-0.0,0.0,-0.0,0.0,-30.1,-0.0,-0.0,-0.0,0.0,0.0,-0.0,-25.6
JVASP-1177,72.9,32.4,32.4,0.0,0.0,0.0,32.4,72.9,32.4,0.0,0.0,0.0,32.4,32.4,72.9,0.0,0.0,0.0,0.0,0.0,0.0,36.3,0.0,0.0,0.0,0.0,0.0,0.0,36.3,0.0,0.0,0.0,0.0,0.0,0.0,36.3
JVASP-99373,47.1,25.9,32.2,0.0,-0.0,-0.0,25.9,47.1,32.2,0.0,-0.0,-0.0,32.2,32.2,32.7,0.0,-0.0,-0.0,0.0,0.0,0.0,6.1,0.0,0.0,-0.0,-0.0,-0.0,0.0,3.8,0.0,-0.0,-0.0,-0.0,0.0,0.0,3.8
JVASP-20099,72.9,32.4,32.4,0.0,-0.0,0.0,32.4,72.9,32.4,0.0,0.0,0.0,32.4,32.4,72.9,-0.0,0.0,0.0,0.0,0.0,-0.0,36.3,0.0,-0.0,-0.0,0.0,0.0,0.0,36.3,0.0,0.0,0.0,0.0,0.0,-0.0,36.3
JVASP-35711,87.6,29.6,18.9,-0.0,-0.0,0.0,29.6,87.6,18.9,-0.0,0.0,0.0,18.9,18.9,103.2,0.0,0.0,-0.0,-0.0,-0.0,0.0,29.0,-0.0,0.0,0.0,-0.0,0.0,-0.0,23.1,0.0,0.0,0.0,-0.0,-0.0,0.0,23.1
JVASP-111058,43.7,23.4,61.1,0.0,-0.0,0.0,23.4,38.9,60.2,0.0,0.0,0.0,61.1,60.2,51.5,0.0,-0.0,-0.0,0.0,0.0,0.0,20.7,0.0,0.0,-0.0,0.0,-0.0,0.0,5.1,0.0,0.0,0.0,-0.0,0.0,0.0,4.5
JVASP-100167,2.0845317537273085e-16,1.0371328053400355,7.395673776290748e-08,0.20975013826251357,5.638624888676532e-05,0.20975013826251357,0.011109797319316226,1.0444471679528864,0.02187194572881494,0.12338119511116898,0.051303135238966825,0.12338119511116898,1.0371328053400355,7.395673776290748e-08,0.6453928901612226,5.638624888676532e-05,0.20975013826251357,5.638624888676532e-05,1.0444471679528864,0.02187194572881494,0.5246854507798766,0.051303135238966825,0.12338119511116898,0.051303135238966825,2.0845317537273085e-16,0.6453928901612226,5.638624888676532e-05,0.20975013826251357,5.638624888676532e-05,0.20975013826251357,0.011109797319316226,0.5246854507798766,0.051303135238966825,0.12338119511116898,0.051303135238966825,0.12338119511116898
JVASP-2175,45.7,3.6,10.5,-6.9,0.0,0.0,3.6,45.7,10.5,6.9,0.0,0.0,10.5,10.5,63.0,0.0,0.0,0.0,-6.9,6.9,0.0,18.2,0.0,0.0,0.0,0.0,0.0,0.0,16.5,0.0,0.0,0.0,0.0,0.0,0.0,16.5
JVASP-92698,47.2,31.9,36.7,0.0,-5.8,0.0,31.9,47.2,36.7,-0.0,5.8,-0.0,36.7,36.7,61.5,-0.0,-0.0,-0.0,0.0,-0.0,-0.0,7.6,0.0,-5.8,-5.8,5.8,-0.0,0.0,-27.3,0.0,0.0,-0.0,-0.0,-5.8,0.0,-27.3
JVASP-100596,38.3,34.1,24.2,0.0,-0.0,-0.0,34.1,38.3,24.2,0.0,0.0,0.0,24.2,24.2,55.1,0.0,0.0,0.0,0.0,0.0,0.0,32.1,0.0,0.0,-0.0,0.0,0.0,0.0,6.9,0.0,-0.0,0.0,0.0,0.0,0.0,6.9
JVASP-29359,69.9,19.2,7.5,0.0,-4.9,-0.0,19.2,29.9,10.4,0.0,-5.8,0.0,7.5,10.4,60.4,-0.0,-7.5,-0.0,0.0,0.0,-0.0,18.8,-0.0,-7.7,-4.9,-5.8,-7.5,-0.0,11.4,-0.0,-0.0,0.0,-0.0,-7.7,-0.0,11.4
JVASP-4666,68.0,18.6,8.8,0.0,0.0,0.0,18.6,68.0,8.8,0.0,0.0,0.0,8.8,8.8,28.8,0.0,0.0,0.0,0.0,0.0,0.0,24.7,0.0,0.0,0.0,0.0,0.0,0.0,7.9,0.0,0.0,0.0,0.0,0.0,0.0,7.9
JVASP-134911,82.7,-8.5,-6.4,0.0,0.0,-0.0,-8.5,39.2,26.1,0.0,0.0,-0.0,-6.4,26.1,57.0,0.0,0.0,-0.0,0.0,0.0,0.0,2.3,0.0,0.0,0.0,0.0,0.0,0.0,-7.1,-0.0,-0.0,-0.0,-0.0,0.0,-0.0,-52.7
JVASP-134912,32.7,29.1,8.8,0.0,-0.0,0.0,29.1,37.2,9.8,0.0,-0.0,0.0,8.8,9.8,103.4,0.0,0.0,0.0,0.0,0.0,0.0,6.1,-0.0,0.0,-0.0,-0.0,0.0,-0.0,-4.4,0.0,0.0,0.0,0.0,0.0,0.0,-0.2
JVASP-134913,42.3,49.8,-1.1,0.0,0.0,0.0,49.8,42.3,-1.1,-0.0,0.0,0.0,-1.1,-1.1,10.0,-0.0,0.0,0.0,0.0,-0.0,-0.0,-3.7,0.0,0.0,0.0,0.0,0.0,0.0,-2.2,0.0,-0.0,-0.0,0.0,0.0,0.0,-2.2
JVASP-134914,88.0,10.8,21.7,0.0,-0.0,0.0,10.8,45.9,35.7,0.0,0.0,-0.0,21.7,35.7,60.2,-0.0,-0.0,0.0,0.0,0.0,-0.0,4.2,0.0,0.0,-0.0,0.0,-0.0,0.0,-13.3,0.0,0.0,-0.0,0.0,0.0,0.0,9.5
JVASP-81,89.4,23.2,9.4,0.0,0.0,0.0,23.2,89.4,9.4,0.0,0.0,0.0,9.4,9.4,34.2,0.0,0.0,0.0,0.0,0.0,0.0,33.1,0.0,0.0,0.0,0.0,0.0,0.0,7.8,0.0,0.0,0.0,0.0,0.0,0.0,7.8
JVASP-105499,-20.5,3.2,17.2,-0.0,-0.0,0.0,3.2,-8.0,30.3,-0.0,0.0,0.0,17.2,30.3,-8.7,-0.0,-0.0,0.0,-0.0,-0.0,-0.0,-6.9,0.0,0.0,0.0,0.0,0.0,0.0,-9.1,-0.0,0.0,0.0,0.0,0.0,-0.0,-16.9
JVASP-9088,60.8,21.1,13.3,0.0,8.2,0.0,21.1,68.7,15.5,-0.0,-7.6,-0.0,13.3,15.5,86.4,0.0,2.5,-0.0,0.0,-0.0,0.0,24.5,0.0,8.1,8.2,-7.6,2.5,0.0,20.1,0.0,-0.0,-0.0,-0.0,8.1,0.0,19.8
JVASP-13856,90.9,23.3,11.3,-0.0,-2.7,-0.0,23.3,90.9,11.3,0.0,2.7,-0.0,11.3,11.3,33.6,0.0,0.0,0.0,-0.0,0.0,0.0,33.8,-0.0,-2.7,-2.7,2.7,0.0,-0.0,9.1,-0.0,-0.0,-0.0,0.0,-2.7,-0.0,9.1
JVASP-4358,89.8,23.9,10.5,0.0,0.0,0.0,23.9,89.8,10.5,0.0,0.0,0.0,10.5,10.5,32.4,0.0,0.0,0.0,0.0,0.0,0.0,32.9,0.0,0.0,0.0,0.0,0.0,0.0,8.9,0.0,0.0,0.0,0.0,0.0,0.0,8.9
JVASP-22517,110.4,30.2,12.1,-0.0,0.0,0.0,30.2,110.4,12.1,0.0,-0.0,-0.0,12.1,12.1,34.6,0.0,-0.0,0.0,-0.0,0.0,0.0,40.1,0.0,-0.0,0.0,-0.0,-0.0,0.0,10.4,0.0,0.0,-0.0,0.0,-0.0,0.0,10.4
JVASP-106072,110.1,22.9,5.5,0.0,-0.0,0.0,22.9,52.7,25.9,0.0,-0.0,-0.0,5.5,25.9,82.1,0.0,-0.0,0.0,0.0,0.0,0.0,30.8,-0.0,-0.0,-0.0,-0.0,0.0,-0.0,30.8,-0.0,0.0,-0.0,0.0,-0.0,-0.0,11.4
JVASP-143,109.3,28.6,10.2,0.0,0.0,0.0,28.6,109.3,10.2,0.0,0.0,0.0,10.2,10.2,38.7,0.0,0.0,0.0,0.0,0.0,0.0,40.4,0.0,0.0,0.0,0.0,0.0,0.0,8.9,0.0,0.0,0.0,0.0,0.0,0.0,8.9
JVASP-9159,66.8,22.7,19.9,-0.0,-0.4,0.0,22.7,63.7,16.0,0.0,3.0,-0.0,19.9,16.0,108.4,-0.0,5.2,-0.0,0.0,-0.0,-0.0,22.9,0.0,1.8,-0.4,3.0,5.2,0.0,24.0,-0.0,-0.0,0.0,-0.0,1.8,-0.0,25.2
JVASP-4657,106.3,29.9,12.5,0.0,-0.1,0.0,29.9,106.3,12.5,0.0,0.1,0.0,12.5,12.5,41.1,0.0,0.0,0.0,0.0,0.0,0.0,38.2,0.0,-0.1,-0.1,0.1,0.0,0.0,9.7,0.0,0.0,0.0,0.0,-0.1,0.0,9.7
JVASP-9082,371.8,168.7,123.7,0.0,-17.2,0.0,168.7,371.8,123.7,-0.0,17.2,-0.0,123.7,123.7,334.1,0.0,0.0,0.0,0.0,-0.0,0.0,101.5,0.0,-17.2,-17.2,17.2,0.0,0.0,78.6,-0.0,0.0,-0.0,-0.0,-17.2,-0.0,78.6
JVASP-9176,325.9,113.9,74.6,-0.0,-12.2,-0.0,113.9,222.5,124.2,0.0,17.4,-0.0,74.6,124.2,321.5,-0.0,-8.2,0.0,-0.0,0.0,-0.0,90.4,-0.0,-17.7,-12.2,17.4,-8.2,-0.0,65.5,0.0,-0.0,-0.0,0.0,-17.7,0.0,51.0
JVASP-136677,153.6,168.6,-10.7,-0.0,0.0,0.0,168.6,153.6,-10.7,0.0,0.0,-0.0,-10.7,-10.7,22.3,-0.0,0.0,0.0,-0.0,0.0,-0.0,-7.5,0.0,-0.0,0.0,0.0,0.0,0.0,2.2,0.0,0.0,0.0,0.0,0.0,0.0,2.2
JVASP-136680,93.0,50.3,58.8,1.9,21.7,-0.6,50.3,114.8,104.2,1.4,10.3,-1.5,58.8,104.2,132.8,-1.5,20.9,-0.8,1.9,1.4,-1.5,29.7,-0.6,-4.4,21.7,10.3,20.9,-0.6,12.9,0.2,-0.6,-1.5,-0.8,-4.4,0.2,22.9
JVASP-136682,70.6,5.8,7.4,0.0,-0.0,-0.0,5.8,133.4,5.6,0.0,0.0,0.0,7.4,5.6,44.8,-0.0,0.0,0.0,0.0,0.0,-0.0,-1.0,0.0,0.0,-0.0,0.0,0.0,0.0,-7.0,0.0,-0.0,0.0,0.0,0.0,0.0,6.0
JVASP-136685,-0.3,240.3,240.3,-0.0,-128.8,-0.0,240.3,-80.9,-86.1,0.0,75.6,0.0,240.3,-86.1,-80.9,0.0,75.6,0.0,-0.0,0.0,0.0,-155.3,-0.0,-113.5,-128.8,75.6,75.6,-0.0,19.8,-0.0,0.0,0.0,0.0,-113.5,-0.0,-155.3
JVASP-136687,184.0,-3.6,20.6,0.0,-0.0,0.0,-3.6,184.0,20.6,0.0,-0.0,0.0,20.6,20.6,100.6,0.0,-0.0,0.0,0.0,0.0,0.0,37.4,0.0,0.0,-0.0,-0.0,-0.0,0.0,-2861.9,-0.0,0.0,0.0,0.0,0.0,-0.0,-2861.9
JVASP-135218,191.5,40.3,76.8,0.3,-7.7,15.5,40.3,99.8,46.9,-8.1,-4.0,11.6,76.8,46.9,236.2,-4.6,-21.6,12.6,0.3,-8.1,-4.6,26.4,-2.2,-13.3,-7.7,-4.0,-21.6,-2.2,11.2,1.4,15.5,11.6,12.6,-13.3,1.4,44.6
JVASP-1180,204.1,97.9,79.2,0.0,0.0,0.0,97.9,204.1,79.2,0.0,0.0,0.0,79.2,79.2,215.6,0.0,0.0,0.0,0.0,0.0,0.0,53.1,0.0,0.0,0.0,0.0,0.0,0.0,46.8,0.0,0.0,0.0,0.0,0.0,0.0,46.8
JVASP-17841,258.0,114.1,114.1,-0.0,0.0,-0.0,114.1,258.0,114.1,0.0,0.0,-0.0,114.1,114.1,258.0,-0.0,0.0,-0.0,-0.0,0.0,-0.0,118.4,-0.0,0.0,0.0,0.0,0.0,-0.0,118.4,-0.0,-0.0,-0.0,-0.0,0.0,-0.0,118.4
JVASP-17700,162.6,106.4,106.4,0.0,-0.0,-0.0,106.4,162.6,106.4,0.0,0.0,-0.0,106.4,106.4,162.6,0.0,-0.0,0.0,0.0,0.0,0.0,78.2,-0.0,-0.0,-0.0,0.0,-0.0,-0.0,78.2,-0.0,-0.0,-0.0,0.0,0.0,-0.0,78.2
JVASP-1183,85.7,46.7,46.7,0.0,0.0,0.0,46.7,85.7,46.7,0.0,0.0,0.0,46.7,46.7,85.7,0.0,0.0,0.0,0.0,0.0,0.0,40.4,0.0,0.0,0.0,0.0,0.0,0.0,40.4,0.0,0.0,0.0,0.0,0.0,0.0,40.4
JVASP-85122,102.6,43.4,30.9,-0.0,0.0,0.0,43.4,102.6,30.9,0.0,-0.0,-0.0,30.9,30.9,119.7,-0.0,-0.0,0.0,-0.0,0.0,-0.0,29.6,-0.0,-0.0,0.0,-0.0,-0.0,-0.0,24.5,-0.0,0.0,-0.0,0.0,-0.0,-0.0,24.5
JVASP-82129,102.6,43.4,30.9,-0.0,-0.0,0.0,43.4,102.6,30.9,0.0,-0.0,-0.0,30.9,30.9,119.8,-0.0,-0.0,0.0,-0.0,0.0,-0.0,29.6,-0.0,-0.0,-0.0,0.0,-0.0,-0.0,24.5,0.0,0.0,-0.0,0.0,0.0,0.0,24.5
JVASP-266,85.7,46.7,46.7,0.0,0.0,0.0,46.7,85.7,46.7,0.0,0.0,0.0,46.7,46.7,85.7,0.0,0.0,0.0,0.0,0.0,0.0,40.4,0.0,0.0,0.0,0.0,0.0,0.0,40.4,0.0,0.0,0.0,0.0,0.0,0.0,40.4
JVASP-17716,140.9,36.7,36.7,-0.0,0.0,0.0,36.7,140.9,36.7,0.0,-0.0,-0.0,36.7,36.7,140.9,0.0,-0.0,-0.0,-0.0,0.0,0.0,27.9,-0.0,0.0,0.0,-0.0,-0.0,-0.0,27.9,-0.0,0.0,-0.0,-0.0,0.0,-0.0,27.9
JVASP-1186,71.1,39.5,39.5,0.0,0.0,0.0,39.5,71.1,39.5,0.0,0.0,0.0,39.5,39.5,71.1,0.0,0.0,0.0,0.0,0.0,0.0,32.8,0.0,0.0,0.0,0.0,0.0,0.0,32.8,0.0,0.0,0.0,0.0,0.0,0.0,32.8
JVASP-36119,84.7,37.3,26.1,-0.0,-0.0,0.0,37.3,84.7,26.1,0.0,0.0,-0.0,26.1,26.1,99.7,0.0,0.0,-0.0,-0.0,0.0,0.0,23.7,-0.0,-0.0,-0.0,0.0,0.0,-0.0,19.7,0.0,0.0,-0.0,-0.0,0.0,0.0,19.7
JVASP-18070,124.8,28.7,28.7,0.0,-0.0,-0.0,28.7,124.8,28.7,0.0,-0.0,0.0,28.7,28.7,124.8,0.0,-0.0,-0.0,0.0,0.0,0.0,17.1,0.0,-0.0,-0.0,-0.0,-0.0,0.0,17.1,-0.0,-0.0,0.0,-0.0,-0.0,-0.0,17.1
JVASP-17666,71.1,39.5,39.5,0.0,-0.0,0.0,39.5,71.1,39.5,0.0,0.0,-0.0,39.5,39.5,71.1,-0.0,0.0,0.0,0.0,0.0,-0.0,32.8,-0.0,0.0,-0.0,0.0,0.0,-0.0,32.8,-0.0,0.0,-0.0,0.0,-0.0,-0.0,32.8
JVASP-97,71.1,39.5,39.5,0.0,0.0,0.0,39.5,71.1,39.5,0.0,0.0,0.0,39.5,39.5,71.1,0.0,0.0,0.0,0.0,0.0,0.0,32.8,0.0,0.0,0.0,0.0,0.0,0.0,32.8,0.0,0.0,0.0,0.0,0.0,0.0,32.8
JVASP-1189,54.6,29.9,29.9,0.0,0.0,0.0,29.9,54.6,29.9,0.0,0.0,0.0,29.9,29.9,54.6,0.0,0.0,0.0,0.0,0.0,0.0,24.7,0.0,0.0,0.0,0.0,0.0,0.0,24.7,0.0,0.0,0.0,0.0,0.0,0.0,24.7
JVASP-14093,103.4,19.7,19.7,0.0,0.0,-0.0,19.7,103.4,19.7,0.0,0.0,0.0,19.7,19.7,103.4,0.0,-0.0,0.0,0.0,0.0,0.0,6.9,0.0,0.0,0.0,0.0,-0.0,0.0,6.9,0.0,-0.0,0.0,0.0,0.0,0.0,6.9
JVASP-103084,65.5,53.4,23.2,0.0,0.0,-0.0,53.4,65.5,23.2,0.0,-0.0,0.0,23.2,23.2,81.5,0.0,0.0,0.0,0.0,0.0,0.0,27.5,0.0,0.0,0.0,-0.0,0.0,0.0,13.9,-0.0,-0.0,0.0,0.0,0.0,-0.0,13.9
JVASP-36123,64.4,28.1,20.0,-0.0,-0.0,0.0,28.1,64.4,20.0,0.0,0.0,0.0,20.0,20.0,76.7,0.0,-0.0,-0.0,-0.0,0.0,0.0,18.2,-0.0,0.0,-0.0,0.0,-0.0,-0.0,14.9,0.0,0.0,0.0,-0.0,0.0,0.0,14.9
JVASP-15902,2.14321574937e-312,0.0,2.228095581037e-312,0.0,2.355415328475e-312,2.4190752022e-312,2.100775833624e-312,0.0,4.94e-322,0.0,2.312975412715e-312,2.567614907577e-312,0.0,0.0,0.0,0.0,2.461515118e-312,2.37663528635e-312,0.0,0.0,0.0,0.0,2.35541532849e-312,2.4190752022e-312,0.0,0.0,0.0,0.0,2.01589600196e-312,2.461515118e-312,0.0,0.0,0.0,0.0,2.33419537056e-312,2.3129754127e-312
JVASP-15903,101.8,20.4,20.4,-0.0,-0.0,-0.0,20.4,101.8,20.4,0.0,0.0,0.0,20.4,20.4,101.8,0.0,-0.0,-0.0,-0.0,0.0,0.0,6.7,0.0,-0.0,-0.0,0.0,-0.0,0.0,6.7,-0.0,-0.0,0.0,-0.0,-0.0,-0.0,6.7
JVASP-18005,103.4,19.7,19.7,0.0,-0.0,0.0,19.7,103.4,19.7,0.0,-0.0,-0.0,19.7,19.7,103.4,-0.0,-0.0,-0.0,0.0,0.0,-0.0,6.9,0.0,0.0,-0.0,-0.0,-0.0,0.0,6.9,0.0,0.0,-0.0,-0.0,0.0,0.0,6.9
JVASP-4948,109.3,14.0,10.7,0.0,0.0,0.0,14.0,108.6,10.8,0.0,0.0,0.0,10.7,10.8,96.9,0.0,0.0,0.0,0.0,0.0,0.0,4.9,0.0,0.0,0.0,0.0,0.0,0.0,7.7,0.0,0.0,0.0,0.0,0.0,0.0,7.7
JVASP-17491,74.79838535642229,6.61573195430698,50.46884918150181,2.1225966670061496,76.10175574406652,0.03801388326739641,62.310812472738874,74.9739919711024,42.01035270182234,9.672805170961595,44.321189676637644,44.40769611851455,35.69602358556742,28.20003307195583,19.43325415346108,50.57356733283379,36.303991177649934,7.226072445591996,28.161721609126545,6.62504511351608,12.29102100186877,12.32803328595395,76.20351586246677,15.314265644612085,35.726070592207165,0.6239375253910708,60.19579942880931,9.662764617491945,28.790656788992365,23.799310638867055,13.76002715529006,60.087373178317435,19.461176330958622,17.660898410630573,7.198164680736085,36.394556081245724
JVASP-17580,54.6,29.9,29.9,-0.0,-0.0,-0.0,29.9,54.6,29.9,-0.0,0.0,-0.0,29.9,29.9,54.6,-0.0,0.0,-0.0,-0.0,-0.0,-0.0,24.7,0.0,-0.0,-0.0,0.0,0.0,0.0,24.7,0.0,-0.0,-0.0,-0.0,-0.0,0.0,24.7
JVASP-12001,51.3,37.6,27.9,0.0,-0.0,0.0,37.6,51.3,27.9,0.0,-0.0,-0.0,27.9,27.9,36.5,0.0,-0.0,-0.0,0.0,0.0,0.0,15.3,0.0,0.0,-0.0,-0.0,-0.0,0.0,22.1,0.0,0.0,-0.0,-0.0,0.0,0.0,22.1
JVASP-35987,42.2,26.5,26.5,0.0,-0.0,-0.0,26.5,42.2,26.5,0.0,0.0,-0.0,26.5,26.5,42.2,-0.0,0.0,-0.0,0.0,0.0,-0.0,16.9,0.0,0.0,-0.0,0.0,0.0,0.0,16.9,-0.0,-0.0,-0.0,-0.0,-0.0,-0.0,16.9
JVASP-14973,64.0,29.0,29.0,-0.0,0.0,-0.0,29.0,64.0,29.0,0.0,0.0,0.0,29.0,29.0,64.0,0.0,-0.0,-0.0,-0.0,0.0,0.0,11.7,-0.0,-0.0,0.0,0.0,-0.0,-0.0,11.7,-0.0,-0.0,0.0,-0.0,-0.0,-0.0,11.7
JVASP-15070,47.7,32.6,32.6,-0.0,-0.0,0.0,32.6,47.7,32.6,-0.0,-0.0,0.0,32.6,32.6,47.7,0.0,-0.0,0.0,-0.0,-0.0,0.0,4.1,0.0,0.0,-0.0,-0.0,-0.0,0.0,4.1,0.0,0.0,0.0,0.0,0.0,0.0,4.1
JVASP-17671,35.0,13.7,15.1,0.0,-0.0,0.0,13.7,35.0,15.1,-0.0,-0.0,0.0,15.1,15.1,55.2,-0.0,-0.0,0.0,0.0,-0.0,-0.0,14.2,-0.0,-0.0,-0.0,-0.0,-0.0,-0.0,14.2,0.0,0.0,0.0,0.0,-0.0,0.0,14.2
JVASP-28366,88.5,31.1,15.3,-0.0,-2.8,0.0,31.1,88.5,15.3,0.0,2.8,0.0,15.3,15.3,33.7,-0.0,0.0,0.0,-0.0,0.0,-0.0,28.7,0.0,-2.8,-2.8,2.8,0.0,0.0,6.9,-0.0,0.0,0.0,0.0,-2.8,-0.0,6.9
JVASP-91686,60.9,20.8,13.0,0.0,-0.0,0.0,20.8,61.0,12.9,-0.0,0.0,-0.0,13.0,12.9,32.4,0.0,-0.0,-0.0,0.0,-0.0,0.0,20.0,0.0,-0.0,-0.0,-0.0,-0.0,0.0,9.2,0.0,0.0,-0.0,-0.0,-0.0,0.0,9.3
JVASP-1915,62.0,20.2,13.0,0.0,-3.0,0.0,20.2,62.0,13.0,0.0,3.0,0.0,13.0,13.0,32.4,0.0,0.0,0.0,0.0,0.0,0.0,20.9,0.0,-3.0,-3.0,3.0,0.0,0.0,9.3,0.0,0.0,0.0,0.0,-3.0,0.0,9.3
JVASP-8490,69.2,25.4,15.1,-0.0,11.6,0.0,25.4,103.0,27.7,-0.0,-0.8,0.0,15.1,27.7,21.1,-0.0,-6.0,-0.0,-0.0,-0.0,-0.0,21.7,-0.0,7.7,11.6,-0.8,-6.0,-0.0,23.6,0.0,0.0,0.0,-0.0,7.7,0.0,15.7
JVASP-7974,60.4,20.0,12.0,0.0,-0.0,-0.0,20.0,60.4,12.0,0.0,0.0,0.0,12.0,12.0,34.5,0.0,0.0,0.0,0.0,0.0,0.0,20.2,-0.0,0.0,-0.0,-0.0,0.0,-0.0,7.7,-0.0,-0.0,0.0,0.0,0.0,-0.0,7.7
JVASP-156323,32.5,19.3,7.6,0.0,0.0,-0.0,19.3,32.5,7.6,-0.0,-0.0,-0.0,7.6,7.6,31.8,-0.0,-0.0,-0.0,0.0,-0.0,-0.0,6.6,-0.0,-0.0,0.0,-0.0,-0.0,-0.0,18.4,-0.0,-0.0,-0.0,-0.0,-0.0,-0.0,18.4
JVASP-3414,75.5,19.7,16.6,0.0,0.0,0.0,19.7,25.0,30.0,0.0,0.0,0.0,16.6,30.0,110.2,0.0,0.0,0.0,0.0,0.0,0.0,20.6,0.0,0.0,0.0,0.0,0.0,0.0,30.2,0.0,0.0,0.0,0.0,0.0,0.0,19.5
JVASP-103609,39.6,36.1,36.1,-0.0,-0.0,-0.0,36.1,39.6,36.1,0.0,-0.0,0.0,36.1,36.1,39.6,-0.0,0.0,0.0,-0.0,0.0,-0.0,9.0,0.0,0.0,-0.0,-0.0,0.0,0.0,9.0,0.0,-0.0,0.0,0.0,0.0,0.0,9.0
JVASP-51076,110.3,17.1,30.3,0.0,0.1,0.0,17.1,75.7,20.0,0.0,0.0,0.0,30.3,20.0,25.4,0.0,-0.0,0.0,0.0,0.0,0.0,19.8,-0.0,0.0,0.1,0.0,-0.0,-0.0,20.6,-0.0,0.0,0.0,0.0,0.0,-0.0,30.2
JVASP-114314,47.6,79.4,-10.3,0.0,-0.0,0.0,79.4,47.6,-10.3,-0.0,0.0,0.0,-10.3,-10.3,9.2,-0.0,0.0,0.0,0.0,-0.0,-0.0,-15.9,0.0,0.0,-0.0,0.0,0.0,0.0,-2.5,0.0,-0.0,0.0,0.0,0.0,0.0,-2.5
JVASP-114315,80.1,25.1,23.2,-0.1,12.5,-0.1,25.1,29.5,35.5,-0.2,14.7,0.2,23.2,35.5,113.1,-0.3,14.7,-0.4,-0.1,-0.2,-0.3,20.4,0.1,5.6,12.5,14.7,14.7,0.1,28.5,-0.1,-0.1,0.2,-0.4,5.6,-0.1,20.2
JVASP-115153,101.0,34.4,33.7,7.7,9.4,-4.2,34.4,103.4,39.6,-3.4,-0.4,-10.2,33.7,39.6,113.7,4.6,13.8,-21.4,7.7,-3.4,4.6,24.4,2.5,2.0,9.4,-0.4,13.8,2.5,20.1,-11.3,-4.2,-10.2,-21.4,2.0,-11.3,29.6
JVASP-150000,75.4,20.1,17.6,0.0,-0.0,-0.0,20.1,25.2,30.6,-0.0,-0.0,-0.0,17.6,30.6,109.7,-0.0,-0.0,-0.0,0.0,-0.0,-0.0,20.3,0.0,0.0,0.0,-0.0,-0.0,0.0,30.1,-0.0,-0.0,-0.0,-0.0,0.0,-0.0,19.7
JVASP-12424,271.3,141.8,102.9,0.0,-7.9,0.0,141.8,271.3,102.9,-0.0,7.9,-0.0,102.9,102.9,194.5,-0.0,-0.0,-0.0,0.0,-0.0,-0.0,64.7,0.0,-7.9,-7.9,7.9,-0.0,0.0,58.8,-0.0,-0.0,-0.0,-0.0,-7.9,-0.0,58.8
JVASP-14956,59.7,20.6,35.5,0.0,0.0,0.0,20.6,59.7,35.5,0.0,0.0,0.0,35.5,35.5,36.3,0.0,0.0,-0.0,0.0,0.0,0.0,0.9,0.0,0.0,0.0,0.0,0.0,0.0,5.2,0.0,0.0,0.0,-0.0,0.0,0.0,5.2
JVASP-4400,59.7,20.6,35.5,0.0,0.0,0.0,20.6,59.7,35.5,0.0,0.0,0.0,35.5,35.5,36.3,0.0,0.0,0.0,0.0,0.0,0.0,0.9,0.0,0.0,0.0,0.0,0.0,0.0,5.2,0.0,0.0,0.0,0.0,0.0,0.0,5.2
JVASP-8177,47.5,19.7,20.9,-0.0,0.0,-0.0,19.7,47.5,20.9,-0.0,0.0,-0.0,20.9,20.9,33.3,0.0,-0.0,0.0,-0.0,-0.0,0.0,12.7,0.0,0.0,0.0,0.0,-0.0,0.0,8.5,0.0,-0.0,-0.0,0.0,0.0,0.0,8.5
JVASP-36140,116.0,81.5,81.5,0.0,0.0,0.0,81.5,116.0,81.5,0.0,0.0,0.0,81.5,81.5,116.0,0.0,0.0,0.0,0.0,0.0,0.0,52.0,-0.0,-0.0,0.0,0.0,0.0,-0.0,52.0,0.0,0.0,0.0,0.0,-0.0,0.0,52.0
JVASP-35668,144.5,76.2,59.1,-0.0,0.0,-0.0,76.2,144.5,59.1,0.0,-0.0,0.0,59.1,59.1,157.3,-0.0,0.0,0.0,-0.0,0.0,-0.0,34.2,-0.0,0.0,0.0,-0.0,0.0,-0.0,29.4,-0.0,-0.0,0.0,0.0,0.0,-0.0,29.4
JVASP-36139,64.8,37.4,37.4,0.0,-0.0,-0.0,37.4,64.8,37.4,0.0,0.0,-0.0,37.4,37.4,64.8,-0.0,0.0,-0.0,0.0,0.0,-0.0,31.2,0.0,0.0,-0.0,0.0,0.0,-0.0,31.2,-0.0,-0.0,-0.0,-0.0,0.0,-0.0,31.2
JVASP-36138,52.6,33.0,33.0,-0.0,-0.0,-0.0,33.0,52.6,33.0,-0.0,-0.0,0.0,33.0,33.0,52.6,-0.0,-0.0,-0.0,-0.0,-0.0,-0.0,22.5,0.0,-0.0,-0.0,-0.0,-0.0,-0.0,22.5,0.0,-0.0,0.0,-0.0,-0.0,0.0,22.5
JVASP-15708,25.5,46.6,46.6,-0.0,-0.0,-0.0,46.6,25.5,46.6,-0.0,-0.0,0.0,46.6,46.6,25.5,-0.0,-0.0,0.0,-0.0,-0.0,-0.0,17.2,0.0,0.0,-0.0,-0.0,-0.0,0.0,17.2,0.0,-0.0,0.0,0.0,0.0,0.0,17.2
JVASP-100244,26.524763567297043,26.528746045260334,26.521318999438108,47.37159998482777,69.19048721913069,47.37496706219078,35.32807958833959,45.134775893397034,35.32526315672828,0.025210415597143765,47.37318561922801,69.1919731033471,35.32998819409892,47.374567706753254,26.524352530205846,35.329662948187945,26.528361538861333,78.25399495619897,47.3734543039773,35.33133597058708,53.748965342455065,63.58868664990348,61.68063933568257,76.45924698742357,45.13362898538594,26.529708491045113,63.58732384719998,76.45779601179645,78.25345991270213,63.59021776268483,26.52709776761148,35.332122961906975,61.678282260732104,78.25254880663724,83.61432467334575,35.33181938725215
JVASP-108896,38.1,31.2,31.2,-0.0,0.0,-0.0,31.2,38.1,31.2,-0.0,-0.0,-0.0,31.2,31.2,38.1,0.0,-0.0,-0.0,-0.0,-0.0,0.0,-11.3,0.0,0.0,0.0,-0.0,-0.0,0.0,-11.3,0.0,-0.0,-0.0,-0.0,0.0,0.0,-11.3
JVASP-13048,48.5,16.9,16.0,0.0,0.6,0.0,16.9,36.5,19.0,0.0,3.5,0.0,16.0,19.0,31.6,0.0,2.4,0.0,0.0,-0.0,0.0,9.7,-0.0,-1.5,0.6,3.5,2.4,0.0,11.6,0.0,0.0,-0.0,-0.0,-1.5,0.0,6.9
JVASP-91802,40.3,16.6,16.3,-0.0,-0.0,-0.0,16.6,40.3,16.3,-0.0,-0.0,0.0,16.3,16.3,64.5,-0.0,-0.0,0.0,-0.0,-0.0,-0.0,11.9,0.0,0.0,-0.0,0.0,-0.0,0.0,10.9,0.0,0.0,0.0,0.0,0.0,0.0,10.9
JVASP-7846,40.4,16.7,16.4,-0.0,-0.0,0.0,16.7,40.4,16.4,0.0,-0.0,0.0,16.4,16.4,64.5,0.0,-0.0,0.0,-0.0,0.0,0.0,11.9,0.0,0.0,-0.0,-0.0,-0.0,0.0,10.9,0.0,0.0,0.0,0.0,0.0,0.0,10.9
JVASP-16288,44.0,36.9,36.9,-0.0,-0.0,0.0,36.9,44.0,36.9,0.0,0.0,0.0,36.9,36.9,44.0,-0.0,0.0,-0.0,-0.0,0.0,-0.0,4.6,0.0,0.0,-0.0,0.0,0.0,0.0,4.6,0.0,0.0,0.0,-0.0,0.0,0.0,4.6
JVASP-150795,21.2,22.4,24.0,0.0,17.2,-0.0,22.4,-18.5,14.7,-0.0,37.6,0.0,24.0,14.7,7.1,-0.0,-2.2,0.0,-0.0,-0.0,-0.0,-19.2,0.0,3.5,17.2,37.6,-2.2,0.0,-58.7,0.0,-0.0,-0.0,-0.0,3.5,0.0,-6.1
JVASP-8034,47.3,16.9,16.6,0.0,0.0,0.0,16.9,47.3,16.6,-0.0,-0.0,0.0,16.6,16.6,80.1,-0.0,0.0,0.0,-0.0,-0.0,-0.0,10.4,-0.0,0.0,0.0,-0.0,0.0,-0.0,9.0,-0.0,0.0,-0.0,0.0,0.0,-0.0,9.0
JVASP-16279,76.5,29.9,29.9,0.0,-0.0,0.0,29.9,76.5,29.9,0.0,0.0,0.0,29.9,29.9,76.5,-0.0,0.0,-0.0,0.0,0.0,-0.0,-0.9,0.0,0.0,-0.0,0.0,0.0,0.0,-0.9,0.0,0.0,0.0,-0.0,0.0,0.0,-0.9
JVASP-8656,52.6,23.6,14.4,-0.0,-2.1,0.0,23.6,52.6,14.4,0.0,2.1,-0.0,14.4,14.4,28.7,0.0,0.0,-0.0,-0.0,0.0,0.0,14.5,0.0,-2.1,-2.1,2.1,0.0,0.0,9.7,-0.0,0.0,-0.0,-0.0,-2.1,-0.0,9.7
JVASP-24589,72.7,16.6,16.6,-0.0,-0.3,-0.0,16.6,41.7,12.4,-0.0,-0.3,-0.0,16.6,12.4,43.0,-0.0,1.4,-0.0,-0.0,-0.0,-0.0,17.7,-0.0,-0.5,-0.3,-0.3,1.4,-0.0,11.3,-0.0,-0.0,-0.0,-0.0,-0.5,-0.0,9.7
JVASP-136237,797.6,3.0,53.7,0.0,0.0,0.0,3.0,58.6,12.8,0.0,0.0,-0.0,53.7,12.8,41.8,-0.0,0.0,-0.0,0.0,0.0,-0.0,1.2,0.0,0.0,0.0,0.0,0.0,0.0,-0.5,0.0,0.0,-0.0,-0.0,0.0,0.0,-7.2
JVASP-104933,49.7,51.3,35.6,0.0,0.0,0.0,51.3,58.6,41.8,-0.0,0.0,0.0,35.6,41.8,65.9,0.0,0.0,0.0,0.0,-0.0,0.0,28.7,0.0,0.0,0.0,0.0,0.0,0.0,-5.4,0.0,0.0,0.0,0.0,0.0,0.0,20.1
JVASP-110178,58.8,44.4,34.8,-0.0,0.0,0.0,44.4,58.8,34.8,0.0,-0.0,-0.0,34.8,34.8,57.7,0.0,0.0,-0.0,-0.0,0.0,0.0,7.2,0.0,-0.0,0.0,-0.0,0.0,0.0,8.6,-0.0,0.0,-0.0,-0.0,-0.0,-0.0,8.6
JVASP-90810,73.3,45.6,5.2,0.0,0.0,-0.0,45.6,73.3,5.2,0.0,0.0,-0.0,5.2,5.2,113.8,-0.0,0.0,-0.0,0.0,0.0,-0.0,54.2,-0.0,-0.0,0.0,0.0,0.0,-0.0,13.9,0.0,-0.0,-0.0,-0.0,0.0,0.0,13.9
JVASP-99391,44.7,49.1,34.5,0.0,0.0,-0.0,49.1,44.7,34.5,-0.0,0.0,-0.0,34.5,34.5,47.4,0.0,-0.0,0.0,0.0,-0.0,0.0,23.7,0.0,0.0,0.0,0.0,-0.0,0.0,-61.1,-0.0,-0.0,-0.0,0.0,0.0,-0.0,-61.1
JVASP-1103,117.5,3.2,3.2,0.0,0.0,0.0,3.2,117.5,3.2,0.0,0.0,0.0,3.2,3.2,117.5,0.0,0.0,0.0,0.0,0.0,0.0,14.5,0.0,0.0,0.0,0.0,0.0,0.0,14.5,0.0,0.0,0.0,0.0,0.0,0.0,14.5
JVASP-17886,59.2,35.7,35.7,-0.0,0.0,0.0,35.7,59.2,35.7,-0.0,0.0,-0.0,35.7,35.7,59.2,0.0,-0.0,0.0,-0.0,-0.0,0.0,12.1,0.0,0.0,0.0,0.0,-0.0,0.0,12.1,0.0,0.0,-0.0,0.0,0.0,0.0,12.1
JVASP-150058,107.4,3.3,3.3,-0.0,0.0,-0.0,3.3,94.9,8.6,-0.0,0.0,0.0,3.3,8.6,94.9,-0.0,-0.0,-0.0,-0.0,-0.0,-0.0,4.9,0.0,0.0,0.0,0.0,-0.0,0.0,2.2,0.0,-0.0,0.0,-0.0,0.0,0.0,4.9
JVASP-150063,93.8,10.6,10.6,-0.0,-0.0,0.0,10.6,53.8,40.2,-0.0,0.0,0.0,10.6,40.2,53.8,-0.0,0.0,0.0,-0.0,-0.0,-0.0,4.7,0.0,0.0,-0.0,0.0,0.0,0.0,2.9,0.0,0.0,0.0,0.0,0.0,0.0,4.7
JVASP-91670,86.5,52.8,11.5,0.0,-0.0,0.0,52.8,86.5,11.5,-0.0,0.0,0.0,11.5,11.5,128.0,0.0,0.0,0.0,0.0,-0.0,0.0,57.8,0.0,-0.0,-0.0,-0.0,0.0,0.0,16.9,-0.0,0.0,0.0,0.0,-0.0,-0.0,16.9
JVASP-8506,114.1,6.3,2.0,0.0,-0.0,0.0,6.3,114.0,2.0,0.0,0.0,0.0,2.0,2.0,41.2,0.0,0.0,0.0,0.0,0.0,0.0,16.3,0.0,0.0,-0.0,0.0,0.0,0.0,-7.5,-0.0,0.0,0.0,0.0,0.0,-0.0,-7.5
JVASP-21,128.1,11.5,11.5,0.0,0.0,0.0,11.5,128.1,11.5,0.0,0.0,0.0,11.5,11.5,128.1,0.0,0.0,0.0,0.0,0.0,0.0,16.9,0.0,0.0,0.0,0.0,0.0,0.0,16.9,0.0,0.0,0.0,0.0,0.0,0.0,16.9
JVASP-1115,128.2,11.5,11.5,0.0,0.0,0.0,11.5,128.2,11.5,0.0,0.0,0.0,11.5,11.5,128.2,0.0,0.0,0.0,0.0,0.0,0.0,16.9,0.0,0.0,0.0,0.0,0.0,0.0,16.9,0.0,0.0,0.0,0.0,0.0,0.0,16.9
JVASP-18007,94.0,32.0,32.0,0.0,0.0,-0.0,32.0,94.0,32.0,0.0,0.0,0.0,32.0,32.0,94.0,-0.0,0.0,-0.0,0.0,0.0,-0.0,8.8,0.0,0.0,0.0,0.0,0.0,0.0,8.8,0.0,-0.0,0.0,-0.0,0.0,0.0,8.8
JVASP-28356,64.6,31.2,22.3,-0.0,-0.0,-0.0,31.2,64.6,22.3,0.0,0.0,0.0,22.3,22.3,50.5,0.0,-0.0,0.0,-0.0,0.0,0.0,16.7,0.0,0.0,-0.0,0.0,-0.0,0.0,25.8,-0.0,-0.0,0.0,0.0,0.0,-0.0,25.8
JVASP-91537,79.2,24.8,30.3,-0.0,0.0,0.0,24.8,33.8,20.6,-0.0,-0.0,0.0,30.3,20.6,48.9,0.0,-0.0,0.0,-0.0,-0.0,0.0,6.3,0.0,0.0,0.0,0.0,-0.0,0.0,-2.2,0.0,0.0,0.0,0.0,0.0,0.0,19.0
JVASP-28369,88.8,5.1,49.6,-0.0,0.0,0.0,5.1,51.9,16.7,0.0,0.0,0.0,49.6,16.7,86.8,-0.0,0.0,0.0,-0.0,0.0,-0.0,-5.8,0.0,0.0,0.0,0.0,0.0,0.0,13.4,0.0,0.0,0.0,0.0,0.0,0.0,58.2
JVASP-90740,138.0,16.0,16.0,0.0,-0.0,0.0,16.0,138.0,16.0,-0.0,-0.0,0.0,16.0,16.0,138.0,0.0,0.0,0.0,0.0,-0.0,0.0,19.5,-0.0,-0.0,-0.0,-0.0,0.0,-0.0,19.5,-0.0,0.0,0.0,0.0,-0.0,-0.0,19.5
JVASP-90798,137.9,16.1,16.1,-0.0,0.0,-0.0,16.1,137.9,16.1,-0.0,-0.0,-0.0,16.1,16.1,137.9,-0.0,0.0,-0.0,-0.0,-0.0,-0.0,19.5,0.0,0.0,0.0,-0.0,0.0,0.0,19.5,-0.0,-0.0,-0.0,-0.0,0.0,-0.0,19.5
JVASP-91778,55.6,5.7,24.3,0.0,0.9,-0.0,5.7,63.3,8.3,0.0,-1.1,-0.0,24.3,8.3,43.5,0.0,6.4,-0.0,0.0,0.0,0.0,5.3,-0.0,1.3,0.9,-1.1,6.4,-0.0,5.1,0.0,-0.0,-0.0,-0.0,1.3,0.0,17.4
JVASP-254,138.8,16.0,16.0,0.0,0.0,0.0,16.0,138.8,16.0,0.0,0.0,0.0,16.0,16.0,138.8,0.0,0.0,0.0,0.0,0.0,0.0,19.5,0.0,0.0,0.0,0.0,0.0,0.0,19.5,0.0,0.0,0.0,0.0,0.0,0.0,19.5
JVASP-260,109.6,7.4,1.7,-0.0,-0.0,-0.0,7.4,100.7,1.0,0.0,0.0,0.0,1.7,1.0,36.5,-0.0,0.0,0.0,-0.0,0.0,-0.0,7.2,-0.0,-0.0,-0.0,0.0,0.0,-0.0,11.9,-0.0,-0.0,0.0,0.0,-0.0,-0.0,2.2
JVASP-79657,135.3,15.7,15.7,0.0,0.0,-0.0,15.7,135.3,15.7,0.0,0.0,-0.0,15.7,15.7,151.3,0.0,0.0,-0.0,0.0,0.0,0.0,19.3,0.0,-0.0,0.0,0.0,0.0,0.0,20.2,0.0,-0.0,-0.0,-0.0,-0.0,0.0,18.8
JVASP-36357,59.4,44.4,36.3,0.0,-0.0,-0.0,44.4,59.4,36.3,-0.0,-0.0,0.0,36.3,36.3,130.7,0.0,-0.0,-0.0,0.0,-0.0,0.0,7.5,0.0,0.0,-0.0,-0.0,-0.0,-0.0,20.2,0.0,-0.0,0.0,-0.0,0.0,0.0,20.2
JVASP-1112,138.8,16.0,16.0,0.0,0.0,0.0,16.0,138.8,16.0,0.0,0.0,0.0,16.0,16.0,138.8,0.0,0.0,0.0,0.0,0.0,0.0,19.5,0.0,0.0,0.0,0.0,0.0,0.0,19.5,0.0,0.0,0.0,0.0,0.0,0.0,19.5
JVASP-35680,73.7,37.9,41.8,0.0,0.0,-0.0,37.9,73.7,41.8,-0.0,-0.0,0.0,41.8,41.8,110.6,0.0,-0.0,0.0,0.0,-0.0,0.0,17.9,-0.0,-0.0,0.0,-0.0,-0.0,-0.0,37.4,0.0,0.0,0.0,0.0,-0.0,0.0,37.4
JVASP-13762,151.3,15.7,15.7,0.0,0.0,-0.0,15.7,135.3,15.6,0.0,-0.0,0.0,15.7,15.6,135.3,-0.0,-0.0,-0.0,0.0,0.0,-0.0,18.7,0.0,0.0,0.0,-0.0,-0.0,0.0,19.3,-0.0,-0.0,0.0,-0.0,0.0,-0.0,20.2
JVASP-17941,120.5,29.5,29.5,0.0,0.0,-0.0,29.5,120.5,29.5,0.0,0.0,0.0,29.5,29.5,120.5,0.0,0.0,-0.0,0.0,0.0,0.0,7.8,0.0,0.0,0.0,0.0,0.0,0.0,7.8,0.0,-0.0,0.0,-0.0,0.0,0.0,7.8
JVASP-115384,59.2,3.8,9.3,0.0,0.0,-0.0,3.8,52.8,25.1,-0.0,0.0,-0.0,9.3,25.1,65.9,-0.0,0.0,-0.0,0.0,-0.0,-0.0,-0.3,0.0,0.0,0.0,0.0,0.0,0.0,-9.0,0.0,-0.0,-0.0,-0.0,0.0,0.0,1.6
JVASP-115385,-3.2,1.3,-1.2,0.0,0.4,0.0,1.3,-4.5,7.8,-0.0,3.3,-0.0,-1.2,7.8,-9.4,0.0,0.2,0.0,0.0,-0.0,0.0,-0.7,-0.0,-2.4,0.4,3.3,0.2,-0.0,0.4,-0.0,0.0,-0.0,0.0,-2.4,-0.0,-3.6
JVASP-115387,48.0,21.4,34.1,-0.0,-0.0,0.0,21.4,37.5,8.6,0.0,-0.0,0.0,34.1,8.6,53.5,-0.0,-0.0,0.0,-0.0,0.0,-0.0,-3.1,-0.0,0.0,-0.0,-0.0,-0.0,-0.0,-7.3,0.0,0.0,0.0,0.0,0.0,0.0,39.2
JVASP-115388,7.2,38.3,46.7,-0.0,2.4,-0.0,38.3,26.5,41.1,-0.0,-9.5,-0.0,46.7,41.1,57.1,0.0,13.9,0.0,-0.0,-0.0,0.0,-0.9,-0.0,-15.1,2.4,-9.5,13.9,-0.0,12.9,-0.0,-0.0,-0.0,0.0,-15.1,-0.0,-60.2
JVASP-115391,168.7,1.4,1.4,-0.0,-0.0,-0.0,1.4,135.2,19.0,0.0,0.0,0.0,1.4,19.0,135.2,-0.0,0.0,-0.0,-0.0,0.0,-0.0,1.9,0.0,0.0,-0.0,0.0,0.0,0.0,20.6,0.0,-0.0,0.0,-0.0,0.0,0.0,1.9
JVASP-149870,114.5,12.0,12.0,-0.0,-0.0,-0.0,12.0,119.6,19.7,0.0,-0.0,0.0,12.0,19.7,119.6,-0.0,-0.0,0.0,-0.0,0.0,-0.0,3.2,0.0,0.0,-0.0,-0.0,-0.0,0.0,0.4,0.0,-0.0,0.0,0.0,0.0,0.0,3.2
JVASP-149658,34.5,13.9,10.8,-0.0,0.0,-0.0,13.9,27.0,9.1,-0.0,0.0,0.0,10.8,9.1,38.8,-0.0,-0.0,-0.0,-0.0,-0.0,-0.0,-2.7,0.0,0.0,0.0,0.0,-0.0,0.0,3.3,-0.0,-0.0,0.0,-0.0,0.0,-0.0,2.4
JVASP-149746,34.3,13.8,10.7,0.0,0.0,0.0,13.8,27.0,9.0,-0.0,0.0,0.0,10.7,9.0,38.7,0.0,-0.0,0.0,0.0,-0.0,0.0,-2.7,0.0,0.0,0.0,0.0,0.0,0.0,3.4,-0.0,0.0,0.0,0.0,0.0,0.0,2.3
JVASP-149749,34.0,13.8,10.8,-0.0,0.0,-0.0,13.8,27.3,8.9,0.0,0.0,-0.0,10.8,8.9,38.5,0.0,-0.0,-0.0,-0.0,0.0,0.0,-2.5,0.0,0.0,0.0,0.0,0.0,0.0,3.4,-0.0,-0.0,-0.0,-0.0,0.0,-0.0,2.4
JVASP-8441,132.9,99.1,105.2,-0.0,0.0,-0.0,99.1,132.9,105.2,0.0,0.0,-0.0,105.2,105.2,236.2,0.0,0.0,-0.0,-0.0,0.0,0.0,130.3,-0.0,-0.0,0.0,0.0,0.0,-0.0,41.5,-0.0,-0.0,-0.0,-0.0,-0.0,-0.0,41.5
JVASP-29744,130.4,64.6,27.0,-0.0,0.1,0.0,64.6,130.0,27.1,0.0,0.0,0.0,27.0,27.1,101.2,0.0,-0.0,0.0,-0.0,0.0,0.0,51.8,0.0,-0.0,0.1,0.0,-0.0,0.0,26.8,-0.0,0.0,0.0,0.0,-0.0,-0.0,26.9
JVASP-29376,99.8,29.7,13.7,0.1,-0.0,0.0,29.7,41.1,7.1,0.0,0.1,-0.1,13.7,7.1,31.3,0.1,0.0,0.1,0.1,0.0,0.1,35.4,-0.2,0.1,-0.0,0.1,0.0,-0.2,0.6,-0.1,0.0,-0.1,0.1,0.1,-0.1,6.8
JVASP-29379,152.71286991315327,90.4010872037116,69.153264428107,57.668727784117365,52.994392558402524,35.565912974798636,119.83872936400229,87.92853802137486,66.86400454435287,55.34135254065629,40.78947376522369,24.06431315351733,109.60717778080675,85.49628771778228,133.4888881935497,50.62329246954347,38.210360089316296,17.448998162710506,106.56753755158894,78.38344851090463,92.92087095688105,48.22308817439877,32.844774565615936,13.785897899068242,112.80349264744382,76.05725083326114,83.09823496000631,45.78829300767839,30.033099626064047,9.778880610997842,98.13555197031745,71.44606396158645,64.57462004216956,59.980757924342484,27.11363352806414,5.279932493472611
JVASP-8454,100.4,30.0,13.7,0.0,0.0,-0.0,30.0,41.5,7.1,0.0,-0.0,0.0,13.7,7.1,31.7,0.0,-0.0,0.0,0.0,0.0,0.0,35.7,-0.0,0.0,0.0,-0.0,-0.0,-0.0,1.0,0.0,-0.0,0.0,0.0,0.0,0.0,6.3
JVASP-50903,178.9,55.3,65.9,0.0,-0.0,0.0,55.3,180.8,91.6,-0.0,-0.3,0.0,65.9,91.6,128.3,0.0,-0.3,0.0,0.0,-0.0,0.0,25.2,0.0,-0.0,-0.0,-0.3,-0.3,0.0,40.7,-0.0,0.0,0.0,0.0,-0.0,-0.0,29.3
JVASP-59671,171.0,101.1,96.2,-0.0,-0.0,0.0,101.1,168.4,54.2,-0.0,-0.0,-0.0,96.2,54.2,129.8,-0.0,-0.0,-0.0,-0.0,-0.0,-0.0,46.1,-0.0,-0.0,-0.0,-0.0,-0.0,-0.0,29.2,0.0,0.0,-0.0,-0.0,-0.0,0.0,58.6
JVASP-17616,296.6,58.0,58.0,-0.0,-0.0,0.0,58.0,296.6,58.0,0.0,-0.0,0.0,58.0,58.0,296.6,-0.0,-0.0,0.0,-0.0,0.0,-0.0,4.5,-0.0,-0.0,-0.0,-0.0,-0.0,-0.0,4.5,-0.0,0.0,0.0,0.0,-0.0,-0.0,4.5
JVASP-252,64.5,65.8,16.4,0.0,0.0,0.0,65.8,64.5,16.4,0.0,0.0,0.0,16.4,16.4,18.8,0.0,0.0,0.0,0.0,0.0,0.0,56.1,0.0,0.0,0.0,0.0,0.0,0.0,16.4,0.0,0.0,0.0,0.0,0.0,0.0,16.4
JVASP-149884,100.9,30.3,13.9,0.0,-0.0,-0.0,30.3,41.9,7.8,0.0,0.0,-0.0,13.9,7.8,33.4,-0.0,0.0,-0.0,0.0,0.0,-0.0,35.9,0.0,0.0,0.0,0.0,0.0,0.0,1.3,-0.0,-0.0,-0.0,-0.0,0.0,-0.0,7.6
JVASP-107982,21.9,57.2,57.2,-0.0,-0.0,-0.0,57.2,21.8,56.5,-0.0,0.0,-0.0,57.2,56.5,21.8,-0.0,0.0,-0.0,-0.0,-0.0,-0.0,-1.7,0.0,0.0,-0.0,0.0,0.0,0.0,-0.1,0.0,-0.0,-0.0,-0.0,0.0,0.0,-1.7
JVASP-36408,198.1,86.7,86.7,-0.0,-0.0,0.0,86.7,198.1,86.7,0.0,-0.0,-0.0,86.7,86.7,198.1,-0.0,0.0,0.0,-0.0,0.0,-0.0,112.1,0.0,-0.0,-0.0,-0.0,0.0,0.0,112.1,0.0,0.0,-0.0,0.0,-0.0,0.0,112.1
JVASP-115777,254.5,97.0,0.2,-0.0,0.0,0.0,97.0,254.5,0.2,0.0,0.0,-0.0,0.2,0.2,16.8,0.0,0.0,0.0,-0.0,0.0,0.0,78.7,0.0,0.0,0.0,0.0,0.0,0.0,-5.0,0.0,0.0,-0.0,-0.0,0.0,0.0,-5.0
JVASP-115778,90.6,4.5,20.4,0.0,-0.1,-0.0,4.5,251.6,64.3,0.0,2.4,-0.0,20.4,64.3,332.9,-0.0,1.7,0.0,0.0,0.0,-0.0,5.6,0.0,0.9,-0.1,2.4,1.7,0.0,63.5,-0.0,-0.0,-0.0,0.0,0.9,-0.0,2.1
JVASP-115780,161.2,142.5,36.8,-0.0,-0.0,0.0,142.5,161.2,36.8,0.0,0.0,0.0,36.8,36.8,147.9,0.0,0.0,-0.0,0.0,-0.0,0.0,9.3,0.0,0.0,-0.0,-0.0,0.0,-0.0,32.4,0.0,-0.0,0.0,-0.0,0.0,0.0,32.4
JVASP-14735,152.6,29.6,29.6,0.0,0.0,0.0,29.6,152.6,29.6,0.0,0.0,0.0,29.6,29.6,152.6,0.0,-0.0,0.0,0.0,0.0,0.0,34.5,0.0,0.0,0.0,0.0,-0.0,0.0,34.5,0.0,0.0,0.0,0.0,0.0,0.0,34.5
JVASP-111006,70.7,33.7,26.8,0.0,-6.0,-0.0,33.7,70.7,26.8,-0.0,6.0,0.0,26.8,26.8,54.2,-0.0,-0.0,0.0,0.0,-0.0,-0.0,18.5,-0.0,-6.0,-6.0,6.0,-0.0,-0.0,25.4,0.0,-0.0,0.0,0.0,-6.0,0.0,25.4
JVASP-56488,57.8,28.7,28.7,0.0,0.0,-0.0,28.7,57.8,28.7,0.0,0.0,0.0,28.7,28.7,57.8,0.0,-0.0,0.0,0.0,0.0,0.0,27.3,-0.0,-0.0,0.0,0.0,-0.0,-0.0,27.3,-0.0,0.0,0.0,0.0,-0.0,-0.0,27.3
JVASP-30466,86.6,84.3,44.5,-0.0,-0.0,0.0,84.3,86.6,44.5,0.0,0.0,0.0,44.5,44.5,64.8,0.0,0.0,0.0,-0.0,0.0,0.0,55.7,0.0,0.0,-0.0,0.0,0.0,0.0,-14.5,-0.0,-0.0,0.0,0.0,0.0,-0.0,-14.5
JVASP-20610,139.3,24.3,24.3,0.0,0.0,0.0,24.3,139.3,24.3,-0.0,0.0,-0.0,24.3,24.3,139.3,0.0,0.0,-0.0,0.0,-0.0,0.0,27.1,0.0,0.0,0.0,0.0,0.0,0.0,27.1,0.0,0.0,-0.0,-0.0,0.0,0.0,27.1
JVASP-101119,84.1,32.2,30.7,0.7,-17.5,1.0,32.2,66.2,41.0,-0.3,10.1,0.7,30.7,41.0,69.9,0.6,7.8,-0.5,0.7,-0.3,0.6,16.0,1.5,-2.0,-17.5,10.1,7.8,1.5,-48.5,2.2,1.0,0.7,-0.5,-2.0,2.2,16.3
JVASP-16282,121.9,15.0,15.0,-0.0,0.0,0.0,15.0,121.9,15.0,-0.0,-0.0,-0.0,15.0,15.0,121.9,0.0,0.0,-0.0,-0.0,-0.0,0.0,14.6,0.0,0.0,0.0,-0.0,0.0,0.0,14.6,0.0,0.0,-0.0,-0.0,0.0,0.0,14.6
JVASP-17404,24.9,33.9,33.9,0.0,0.0,0.0,33.9,24.9,33.9,0.0,0.0,0.0,33.9,33.9,24.9,-0.0,-0.0,0.0,0.0,0.0,-0.0,-23.8,0.0,-0.0,0.0,0.0,-0.0,-0.0,-23.8,-0.0,0.0,0.0,0.0,-0.0,-0.0,-23.8
JVASP-101118,65.0,53.2,27.2,0.0,0.0,0.0,53.2,43.3,25.3,0.0,-0.0,-0.0,27.2,25.3,94.7,0.0,0.0,-0.0,0.0,0.0,0.0,11.0,0.0,0.0,0.0,-0.0,0.0,0.0,10.6,-0.0,0.0,-0.0,-0.0,0.0,-0.0,9.6
JVASP-106601,35.1,47.3,47.3,0.0,0.0,-0.0,47.3,35.1,47.3,-0.0,-0.0,0.0,47.3,47.3,35.1,0.0,-0.0,0.0,0.0,-0.0,0.0,8.1,0.0,0.0,0.0,-0.0,-0.0,0.0,8.1,0.0,-0.0,0.0,0.0,0.0,0.0,8.1
JVASP-7860,119.7,3.3,3.3,0.0,-0.0,-0.0,3.3,119.7,3.3,0.0,-0.0,0.0,3.3,3.3,119.7,-0.0,0.0,-0.0,0.0,0.0,-0.0,16.1,0.0,-0.0,-0.0,0.0,0.0,0.0,16.1,0.0,-0.0,0.0,-0.0,-0.0,0.0,16.1
JVASP-7833,24.4,26.5,26.5,-0.0,-0.0,0.0,26.5,24.4,26.5,-0.0,-0.0,0.0,26.5,26.5,24.4,0.0,-0.0,0.0,-0.0,-0.0,0.0,-10.8,0.0,-0.0,-0.0,-0.0,-0.0,0.0,-10.8,-0.0,0.0,0.0,0.0,-0.0,-0.0,-10.8
JVASP-19726,63.4,31.3,31.3,0.0,0.0,0.0,31.3,63.4,31.3,0.0,0.0,0.0,31.3,31.3,63.4,0.0,-0.0,0.0,0.0,0.0,0.0,6.5,0.0,0.0,0.0,0.0,-0.0,0.0,6.5,0.0,0.0,0.0,0.0,0.0,0.0,6.5
JVASP-149916,105.4,2.9,2.9,0.0,0.0,-0.0,2.9,104.4,7.9,-0.0,-0.0,-0.0,2.9,7.9,104.4,0.0,-0.0,0.0,0.0,-0.0,0.0,8.2,0.0,0.0,0.0,-0.0,-0.0,0.0,2.8,-0.0,-0.0,-0.0,0.0,0.0,-0.0,8.2
JVASP-302,129.1,11.2,11.2,0.0,0.0,0.0,11.2,129.1,11.2,0.0,0.0,0.0,11.2,11.2,129.1,0.0,0.0,0.0,0.0,0.0,0.0,17.5,0.0,0.0,0.0,0.0,0.0,0.0,17.5,0.0,0.0,0.0,0.0,0.0,0.0,17.5
JVASP-296,80.6,6.5,41.0,0.0,0.0,0.0,6.5,52.6,7.5,0.0,0.0,0.0,41.0,7.5,74.1,0.0,0.0,0.0,0.0,0.0,0.0,-8.2,0.0,0.0,0.0,0.0,0.0,0.0,7.9,0.0,0.0,0.0,0.0,0.0,0.0,55.8
JVASP-29879,40.5,14.1,4.4,-0.0,-0.0,0.0,14.1,23.5,0.8,-0.0,-0.0,0.0,4.4,0.8,88.8,-0.0,-0.0,0.0,-0.0,-0.0,-0.0,-4.8,-0.0,0.0,-0.0,-0.0,-0.0,-0.0,-2.2,0.0,0.0,0.0,0.0,0.0,0.0,9.7
JVASP-122,95.4,27.6,16.6,0.0,-1.1,0.0,27.6,95.4,16.6,0.0,1.1,0.0,16.6,16.6,26.7,0.0,0.0,0.0,0.0,0.0,0.0,33.9,0.0,-1.1,-1.1,1.1,0.0,0.0,8.8,0.0,0.0,0.0,0.0,-1.1,0.0,8.8
JVASP-299,69.1,31.7,9.8,0.0,0.0,0.0,31.7,35.9,13.7,0.0,0.0,0.0,9.8,13.7,52.3,0.0,0.0,0.0,0.0,0.0,0.0,33.4,0.0,0.0,0.0,0.0,0.0,0.0,15.0,0.0,0.0,0.0,0.0,0.0,0.0,11.9
JVASP-131,119.0,32.6,13.7,0.0,0.9,0.0,32.6,119.0,13.7,0.0,-0.9,0.0,13.7,13.7,28.7,0.0,0.0,0.0,0.0,0.0,0.0,43.2,0.0,0.9,0.9,-0.9,0.0,0.0,9.7,0.0,0.0,0.0,0.0,0.9,0.0,9.7
JVASP-98977,88.1,22.8,21.7,0.0,-0.0,-0.0,22.8,34.9,19.2,0.0,-0.0,0.0,21.7,19.2,40.6,-0.0,0.0,-0.0,0.0,0.0,-0.0,29.2,0.0,-0.0,-0.0,0.0,-0.0,0.0,16.9,-0.0,-0.0,0.0,-0.0,-0.0,-0.0,17.0
JVASP-8179,4.2,-5.4,-5.3,0.0,-0.0,0.0,-5.4,124.1,-3.9,-0.0,0.0,0.0,-5.3,-3.9,59.7,-0.0,0.0,0.0,0.0,-0.0,-0.0,-16.4,-0.0,0.0,-0.0,0.0,0.0,-0.0,18.6,0.0,0.0,0.0,0.0,0.0,0.0,8.2
JVASP-7855,137.0,15.4,15.4,-0.0,-0.0,-0.0,15.4,137.0,15.4,0.0,-0.0,-0.0,15.4,15.4,137.0,-0.0,-0.0,0.0,-0.0,0.0,-0.0,18.7,0.0,-0.0,0.0,-0.0,-0.0,-0.0,18.7,0.0,-0.0,-0.0,0.0,-0.0,0.0,18.7
JVASP-7785,49.7,8.2,8.4,0.0,-0.0,0.0,8.2,22.1,8.6,0.0,-0.0,0.0,8.4,8.6,65.0,-0.0,-0.0,0.0,0.0,0.0,-0.0,-4.1,0.0,0.0,-0.0,-0.0,-0.0,0.0,-3.8,0.0,0.0,0.0,0.0,0.0,0.0,14.3
JVASP-8397,28.3,7.3,22.3,-0.0,-0.0,-0.0,7.3,28.3,22.3,0.0,-0.0,-0.0,22.3,22.3,41.0,-0.0,-0.0,-0.0,-0.0,0.0,-0.0,11.3,0.0,0.0,-0.0,-0.0,-0.0,0.0,20.2,0.0,-0.0,-0.0,-0.0,0.0,0.0,20.1
JVASP-36000,28.3,7.4,22.3,-0.0,0.0,-0.0,7.4,28.3,22.3,-0.0,0.0,0.0,22.3,22.3,41.2,-0.0,0.0,0.0,-0.0,-0.0,-0.0,11.5,-0.0,0.0,0.0,0.0,0.0,-0.0,20.2,0.0,-0.0,0.0,-0.0,-0.0,-0.0,20.2
JVASP-79527,78.4,34.4,12.2,0.0,1.3,-0.0,34.4,44.0,18.7,-0.0,6.6,-0.0,12.2,18.7,55.2,0.0,2.3,-0.0,0.0,-0.0,0.0,41.1,0.0,-4.1,1.3,6.6,2.3,0.0,12.9,0.0,-0.0,-0.0,-0.0,-4.1,0.0,16.2
JVASP-1109,77.2,33.5,13.1,0.0,0.0,0.0,33.5,36.7,16.8,0.0,0.0,0.0,13.1,16.8,51.5,0.0,0.0,0.0,0.0,0.0,0.0,35.1,0.0,0.0,0.0,0.0,0.0,0.0,19.1,0.0,0.0,0.0,0.0,0.0,0.0,18.5
JVASP-290,118.4,32.2,12.5,0.0,0.0,0.0,32.2,118.4,12.5,0.0,0.0,0.0,12.5,12.5,29.2,0.0,0.0,0.0,0.0,0.0,0.0,43.1,0.0,0.0,0.0,0.0,0.0,0.0,9.8,0.0,0.0,0.0,0.0,0.0,0.0,9.8
JVASP-7629,34.1,37.2,37.2,-0.0,-0.0,-0.0,37.2,34.1,37.2,-0.0,-0.0,0.0,37.2,37.2,34.1,0.0,-0.0,-0.0,-0.0,-0.0,0.0,-15.0,0.0,-0.0,-0.0,-0.0,-0.0,-0.0,-15.0,-0.0,-0.0,0.0,-0.0,-0.0,-0.0,-15.0
JVASP-29475,85.8,10.1,40.2,0.0,-0.0,0.0,10.1,49.3,11.9,-0.0,-0.0,0.0,40.2,11.9,82.6,-0.0,-0.0,0.0,0.0,-0.0,-0.0,16.2,0.0,0.0,-0.0,-0.0,-0.0,0.0,13.4,0.0,0.0,0.0,0.0,0.0,0.0,56.8
JVASP-22565,164.8,8.4,13.7,-0.0,0.0,-0.0,8.4,164.6,13.8,0.0,0.0,-0.0,13.7,13.8,29.2,0.0,0.0,-0.0,-0.0,0.0,0.0,4.1,0.0,0.0,0.0,0.0,0.0,0.0,24.6,0.0,-0.0,-0.0,-0.0,-0.0,-0.0,25.0
JVASP-91773,98.5,42.4,10.7,0.0,0.0,0.0,42.4,41.2,4.9,-0.0,0.0,-0.0,10.7,4.9,33.9,-0.0,0.0,-0.0,0.0,-0.0,-0.0,2.3,-0.0,-0.0,0.0,0.0,0.0,-0.0,2.6,0.0,0.0,-0.0,-0.0,-0.0,0.0,12.2
JVASP-93336,220.3,157.2,133.8,-0.0,0.0,-0.0,157.2,220.3,133.8,0.0,-0.0,0.0,133.8,133.8,384.9,0.0,-0.0,-0.0,0.0,0.0,0.0,186.8,-0.0,0.0,0.0,-0.0,-0.0,-0.0,87.5,-0.0,-0.0,0.0,-0.0,0.0,-0.0,87.5
JVASP-287,305.5,103.6,20.7,0.0,0.0,0.0,103.6,305.5,20.7,0.0,0.0,0.0,20.7,20.7,48.5,0.0,0.0,0.0,0.0,0.0,0.0,100.9,0.0,0.0,0.0,0.0,0.0,0.0,-9.7,0.0,0.0,0.0,0.0,0.0,0.0,-9.7
JVASP-22567,220.4,157.2,133.8,0.0,-0.0,0.0,157.2,220.4,133.8,-0.0,0.0,-0.0,133.8,133.8,385.4,0.0,0.0,-0.0,0.0,-0.0,0.0,187.1,0.0,-0.0,-0.0,0.0,0.0,0.0,87.7,-0.0,0.0,-0.0,-0.0,-0.0,-0.0,87.7
JVASP-12197,296.6,90.3,28.1,-0.0,9.0,0.0,90.3,295.9,28.2,-0.0,-9.2,0.0,28.1,28.2,40.2,-0.0,-0.2,0.0,-0.0,-0.0,-0.0,102.5,-0.0,9.3,9.0,-9.2,-0.2,-0.0,20.4,-0.0,0.0,0.0,0.0,9.3,-0.0,20.3
JVASP-1228,385.9,133.7,133.5,0.0,0.0,0.0,133.7,220.2,157.2,0.0,0.0,0.0,133.5,157.2,220.8,0.0,0.0,0.0,0.0,0.0,0.0,87.5,0.0,0.0,0.0,0.0,0.0,0.0,187.2,0.0,0.0,0.0,0.0,0.0,0.0,87.7
JVASP-284,296.0,90.6,28.0,0.2,9.2,-0.1,90.6,295.9,28.1,0.3,-9.3,0.1,28.0,28.1,39.9,0.3,-0.0,0.0,0.2,0.3,0.3,102.6,0.0,9.3,9.2,-9.3,-0.0,0.0,20.1,-0.1,-0.1,0.1,0.0,9.3,-0.1,20.2
JVASP-29367,99.2,15.3,2.6,-0.0,-0.0,-0.0,15.3,17.7,8.8,-0.0,-0.0,-0.0,2.6,8.8,29.5,-0.0,-0.0,0.0,-0.0,-0.0,-0.0,23.7,-0.0,-0.0,-0.0,-0.0,0.0,-0.0,11.0,-0.0,-0.0,-0.0,0.0,-0.0,-0.0,3.7
JVASP-8257,303.5,91.9,44.4,-0.0,14.0,0.0,91.9,304.1,44.8,-0.0,-14.2,0.0,44.4,44.8,44.7,-0.0,-0.1,0.1,-0.0,-0.0,-0.0,105.5,-0.0,14.2,14.0,-14.2,-0.1,-0.0,35.4,0.0,0.0,0.0,0.1,14.2,0.0,35.0
JVASP-8395,296.3,90.4,28.4,-0.0,9.0,-0.0,90.4,295.8,28.1,-0.0,-9.5,0.0,28.4,28.1,40.3,-0.0,0.2,-0.0,-0.0,-0.0,-0.0,102.7,0.0,9.0,9.0,-9.5,0.2,0.0,20.1,-0.0,-0.0,0.0,-0.0,9.0,-0.0,19.9
JVASP-12191,305.6,103.7,21.0,-0.0,0.0,-0.0,103.7,305.6,21.0,0.0,-0.0,0.0,21.0,21.0,50.0,0.0,-0.0,0.0,-0.0,0.0,0.0,101.0,-0.0,-0.0,0.0,-0.0,-0.0,-0.0,-9.7,0.0,-0.0,0.0,0.0,-0.0,0.0,-9.7
JVASP-11076,241.3,143.2,146.6,0.0,0.0,-0.0,143.2,298.2,103.7,-0.0,-0.0,0.0,146.6,103.7,260.2,0.0,-0.0,0.0,0.0,0.0,0.0,94.9,0.0,-0.0,0.0,-0.0,-0.0,0.0,76.4,0.0,0.0,0.0,0.0,-0.0,0.0,111.8
JVASP-8270,5.7,2.5,1.9,0.0,0.0,0.0,2.5,5.7,1.9,-0.0,-0.0,-0.0,1.9,1.9,13.3,-0.0,-0.0,0.0,0.0,-0.0,-0.0,1.6,0.0,-0.0,0.0,-0.0,-0.0,0.0,-12.9,0.0,0.0,-0.0,0.0,-0.0,-0.0,-12.9
JVASP-30569,303.4,91.7,43.8,-0.0,14.0,-0.0,91.7,303.4,44.0,-0.0,-13.9,-0.0,43.8,44.0,43.0,-0.0,0.0,-0.0,-0.0,-0.0,-0.0,105.4,-0.0,14.0,14.0,-13.9,0.0,-0.0,35.2,0.0,-0.0,-0.0,-0.0,14.0,0.0,34.8
JVASP-11528,273.6,61.4,62.2,0.0,-1.0,0.0,61.4,120.7,71.8,0.0,-7.2,0.0,62.2,71.8,121.7,0.0,4.7,0.0,0.0,0.0,0.0,56.0,0.0,-0.2,-1.0,-7.2,4.7,0.0,4.4,-0.0,0.0,0.0,0.0,-0.2,-0.0,56.1
JVASP-50028,282.5,68.2,108.2,0.0,0.0,0.0,68.2,282.5,108.2,0.0,-0.0,-0.0,108.2,108.2,190.4,0.0,-0.0,-0.0,0.0,0.0,0.0,35.8,0.0,0.0,0.0,-0.0,-0.0,0.0,33.5,0.0,0.0,-0.0,-0.0,0.0,0.0,33.5
JVASP-9646,166.5,27.5,62.1,-0.0,-0.0,-0.0,27.5,166.5,62.1,-0.0,-0.0,-0.0,62.1,62.1,131.8,-0.0,-0.0,0.0,-0.0,-0.0,-0.0,34.3,0.0,0.0,-0.0,-0.0,-0.0,0.0,69.4,0.0,-0.0,-0.0,-0.0,0.0,-0.0,69.4
JVASP-281,91.1,83.4,14.7,0.0,0.0,0.0,83.4,91.1,14.7,0.0,0.0,0.0,14.7,14.7,30.1,0.0,0.0,0.0,0.0,0.0,0.0,77.7,0.0,0.0,0.0,0.0,0.0,0.0,25.2,0.0,0.0,0.0,0.0,0.0,0.0,25.2
JVASP-9923,266.8,31.3,33.0,0.0,0.0,-0.0,31.3,123.8,77.1,0.0,-0.0,0.0,33.0,77.1,158.5,-0.0,-0.0,-0.0,0.0,0.0,-0.0,17.2,-0.0,0.0,0.0,-0.0,-0.0,-0.0,29.0,-0.0,-0.0,0.0,-0.0,0.0,-0.0,15.8
JVASP-10037,220.0,156.7,133.4,-0.0,0.0,-0.0,156.7,220.0,133.4,0.0,-0.0,0.0,133.4,133.4,386.1,-0.0,0.0,-0.0,-0.0,0.0,0.0,186.6,-0.0,0.0,0.0,-0.0,0.0,-0.0,87.7,-0.0,-0.0,0.0,-0.0,0.0,-0.0,87.7
JVASP-16884,477.5,49.7,49.7,0.0,-0.0,-0.0,49.7,477.5,49.7,0.0,0.0,0.0,49.7,49.7,477.5,-0.0,0.0,-0.0,0.0,0.0,-0.0,14.7,-0.0,-0.0,-0.0,0.0,0.0,-0.0,14.7,-0.0,-0.0,0.0,-0.0,-0.0,-0.0,14.7
JVASP-9171,328.1,135.5,135.5,-0.0,0.0,-0.0,135.5,328.1,135.5,0.0,-0.0,0.0,135.5,135.5,328.1,0.0,-0.0,0.0,-0.0,0.0,0.0,109.4,-0.0,0.0,0.0,-0.0,-0.0,-0.0,109.4,0.0,-0.0,0.0,0.0,0.0,0.0,109.4
JVASP-149190,218.6,156.5,132.1,0.0,0.0,0.0,156.5,218.6,132.1,-0.0,-0.0,-0.0,132.1,132.1,383.5,0.0,-0.0,0.0,0.0,-0.0,0.0,186.7,0.0,0.0,0.0,-0.0,-0.0,0.0,87.6,-0.0,0.0,-0.0,0.0,0.0,-0.0,87.6
JVASP-149227,218.6,156.4,132.0,-0.0,0.0,0.0,156.4,218.6,132.0,0.0,-0.0,-0.0,132.0,132.0,383.5,0.0,-0.0,-0.0,-0.0,0.0,0.0,186.7,0.0,-0.0,0.0,-0.0,-0.0,0.0,87.6,0.0,0.0,-0.0,-0.0,-0.0,0.0,87.6
JVASP-149754,91.3,82.3,14.1,0.0,0.0,-0.0,82.3,91.3,14.1,0.0,-0.0,0.0,14.1,14.1,31.6,0.0,0.0,-0.0,0.0,0.0,0.0,78.6,0.0,0.0,0.0,-0.0,0.0,0.0,25.9,-0.0,-0.0,0.0,-0.0,0.0,-0.0,25.9
JVASP-92177,144.6,53.4,53.4,0.0,-0.0,-0.0,53.4,144.6,53.4,0.0,-0.0,0.0,53.4,53.4,144.6,-0.0,0.0,-0.0,0.0,0.0,-0.0,72.3,-0.0,-0.0,-0.0,-0.0,0.0,0.0,72.3,-0.0,-0.0,0.0,-0.0,0.0,-0.0,72.3
JVASP-105410,130.6,46.8,46.8,-0.0,0.2,-0.0,46.8,129.7,46.5,-0.0,-0.5,-0.0,46.8,46.5,129.7,-0.0,-0.5,-0.0,-0.0,-0.0,-0.0,66.0,0.0,1.2,0.2,-0.5,-0.5,-0.0,67.4,-0.0,-0.0,-0.0,-0.0,1.2,-0.0,66.0
JVASP-1073,154.7,38.8,22.2,0.0,0.0,0.0,38.8,154.7,22.2,0.0,0.0,0.0,22.2,22.2,177.6,0.0,0.0,0.0,0.0,0.0,0.0,57.9,0.0,0.0,0.0,0.0,0.0,0.0,43.8,0.0,0.0,0.0,0.0,0.0,0.0,43.8
JVASP-36018,311.8,101.8,101.8,0.0,-0.0,0.0,101.8,311.8,101.8,0.0,-0.0,-0.0,101.8,101.8,311.8,-0.0,-0.0,0.0,0.0,0.0,-0.0,183.8,-0.0,0.0,-0.0,-0.0,-0.0,-0.0,183.8,-0.0,0.0,-0.0,0.0,0.0,-0.0,183.8
JVASP-114970,-502.0,250.1,-21.5,-0.0,-3.2,-0.0,250.1,98.9,-35.3,-0.0,40.7,-0.0,-21.5,-35.3,59.1,-0.0,25.8,-0.0,-0.0,-0.0,-0.0,-25.5,0.0,-20.3,-3.2,40.7,25.8,0.0,-25.8,0.0,-0.0,-0.0,-0.0,-20.3,0.0,22.0
JVASP-114971,545.3,34.4,119.6,0.0,0.0,0.0,34.4,545.3,119.6,0.0,0.0,-0.0,119.6,119.6,592.0,0.0,-0.0,-0.0,0.0,0.0,0.0,168.1,0.0,0.0,0.0,0.0,-0.0,0.0,247.0,-0.0,0.0,-0.0,-0.0,0.0,-0.0,247.0
JVASP-115749,980.7,-12.1,64.4,0.0,0.0,-0.0,-12.1,90.7,14.9,-0.0,0.0,0.0,64.4,14.9,68.4,0.0,0.0,-0.0,0.0,-0.0,0.0,16.5,0.0,0.0,0.0,0.0,0.0,0.0,6.3,0.0,-0.0,0.0,-0.0,0.0,0.0,-2.2
JVASP-115748,363.6,6.6,59.6,0.0,0.0,-0.0,6.6,84.1,3.8,0.0,0.0,-0.0,59.6,3.8,594.2,0.0,-0.0,0.0,0.0,0.0,0.0,0.7,0.0,0.0,0.0,0.0,-0.0,0.0,5.2,0.0,-0.0,-0.0,0.0,0.0,0.0,88.6
JVASP-115752,74.6,8.8,-20.8,0.0,0.0,-0.0,8.8,243.6,17.1,0.0,0.0,-0.0,-20.8,17.1,43.1,0.0,0.0,-0.0,0.0,0.0,0.0,15.1,0.0,0.0,0.0,0.0,0.0,0.0,-6.3,0.0,-0.0,-0.0,-0.0,0.0,0.0,9.7
JVASP-11149,282.4,149.1,86.0,0.0,0.0,0.0,149.1,282.4,86.0,0.0,-0.0,-0.0,86.0,86.0,391.0,0.0,0.0,0.0,0.0,0.0,0.0,66.7,0.0,0.0,0.0,-0.0,0.0,0.0,64.1,-0.0,0.0,-0.0,0.0,0.0,-0.0,64.1
JVASP-9155,352.3,145.7,145.7,0.0,-0.0,-0.0,145.7,352.3,145.7,-0.0,-0.0,0.0,145.7,145.7,352.3,-0.0,0.0,-0.0,0.0,-0.0,-0.0,214.1,0.0,-0.0,-0.0,-0.0,0.0,0.0,214.1,0.0,-0.0,0.0,0.0,-0.0,0.0,214.1
JVASP-115013,320.1,26.7,-2.8,0.0,-13.3,-0.0,26.7,251.1,158.7,-0.0,82.7,0.0,-2.8,158.7,9.0,0.0,-58.9,-0.0,0.0,-0.0,0.0,59.7,0.0,8.4,-13.3,82.7,-58.9,0.0,-96.9,-0.0,-0.0,0.0,-0.0,8.4,-0.0,18.2
JVASP-14895,194.1,42.3,15.4,0.0,0.0,-0.0,42.3,194.1,15.4,0.0,0.0,-0.0,15.4,15.4,135.2,0.0,-0.0,0.0,0.0,0.0,0.0,63.9,0.0,0.0,0.0,0.0,-0.0,0.0,22.7,-0.0,-0.0,-0.0,0.0,0.0,-0.0,22.7
JVASP-8171,12.5,60.7,60.7,0.0,-0.0,0.0,60.7,12.5,60.7,0.0,0.0,-0.0,60.7,60.7,12.5,-0.0,0.0,0.0,0.0,0.0,-0.0,-87.6,0.0,-0.0,-0.0,0.0,0.0,-0.0,-87.6,-0.0,0.0,-0.0,0.0,-0.0,-0.0,-87.6
JVASP-118388,-1.0,2.0,1.6,0.0,-0.0,0.0,2.0,-1.0,1.6,0.0,0.0,-0.0,1.6,1.6,373.0,0.0,0.0,0.0,0.0,0.0,0.0,-1.3,0.0,0.0,-0.0,0.0,0.0,0.0,-5.5,0.0,0.0,-0.0,0.0,0.0,0.0,-5.5
JVASP-118390,184.3,-6.4,45.1,-0.0,-0.0,0.0,-6.4,101.2,72.4,0.0,0.0,-0.0,45.1,72.4,132.3,0.0,-0.0,0.0,-0.0,0.0,0.0,41.0,0.0,0.0,-0.0,0.0,-0.0,0.0,14.0,-0.0,0.0,-0.0,0.0,0.0,-0.0,55.1
JVASP-118391,108.3,-9.7,34.2,-0.0,-0.1,0.0,-9.7,27.3,2.5,-0.0,-0.2,0.0,34.2,2.5,83.3,-0.0,-0.5,0.0,-0.0,-0.0,-0.0,7.2,-0.0,-0.0,-0.1,-0.2,-0.5,-0.0,4.5,-0.0,0.0,0.0,0.0,-0.0,-0.0,32.6
JVASP-118392,-245.6,0.4,109.2,-0.0,6.5,0.0,0.4,34.2,37.3,-0.0,-8.8,0.0,109.2,37.3,7.5,0.0,-7.4,-0.0,-0.0,-0.0,0.0,10.5,-0.0,2.1,6.5,-8.8,-7.4,-0.0,13.6,-0.0,0.0,0.0,-0.0,2.1,-0.0,1.4
JVASP-118393,88.4,82.5,7.1,-0.0,0.0,-0.0,82.5,88.4,7.1,0.0,-0.0,-0.0,7.1,7.1,222.8,0.0,0.0,-0.0,-0.0,0.0,-0.0,3.0,0.0,0.0,0.0,-0.0,0.0,-0.0,56.7,0.0,-0.0,0.0,-0.0,-0.0,0.0,56.7
JVASP-14896,152.1,47.5,18.6,0.0,-0.0,-0.0,47.5,152.1,18.6,0.0,-0.0,-0.0,18.6,18.6,99.7,0.0,-0.0,-0.0,0.0,0.0,0.0,71.1,-0.0,-0.0,-0.0,-0.0,-0.0,-0.0,17.4,-0.0,-0.0,-0.0,-0.0,-0.0,-0.0,17.3
JVASP-56261,78.8,34.7,34.7,-0.0,0.0,-0.0,34.7,78.8,34.7,0.0,0.0,0.0,34.7,34.7,78.8,0.0,-0.0,-0.0,0.0,0.0,0.0,34.8,-0.0,0.0,0.0,-0.0,-0.0,-0.0,34.8,-0.0,-0.0,0.0,-0.0,0.0,-0.0,34.8
JVASP-16206,86.1,52.9,32.7,0.0,-0.0,-0.0,52.9,86.0,32.7,0.0,-0.0,-0.0,32.7,32.7,117.6,0.0,-0.0,-0.0,0.0,0.0,0.0,62.3,0.0,0.0,-0.0,-0.0,-0.0,0.0,13.3,0.0,-0.0,-0.0,-0.0,0.0,0.0,13.4
JVASP-107556,28.1,41.3,41.3,-0.0,2.9,0.0,41.3,20.7,29.4,-0.0,-8.9,0.0,41.3,29.4,20.7,-0.0,-8.9,0.0,0.0,0.0,0.0,-33.6,0.0,-3.7,2.9,-8.9,-8.9,-0.0,-43.2,-0.0,0.0,0.0,0.0,-3.7,-0.0,-33.6
JVASP-1157,87.0,18.9,20.6,0.0,16.0,0.0,18.9,87.0,20.6,0.0,-16.0,0.0,20.6,20.6,37.8,0.0,0.0,0.0,0.0,0.0,0.0,34.0,0.0,16.0,16.0,-16.0,0.0,0.0,26.3,0.0,0.0,0.0,0.0,16.0,0.0,26.3
JVASP-1154,147.2,-0.1,-0.1,0.0,0.0,0.0,-0.1,147.2,-0.1,0.0,0.0,0.0,-0.1,-0.1,147.2,0.0,0.0,0.0,0.0,0.0,0.0,25.8,0.0,0.0,0.0,0.0,0.0,0.0,25.8,0.0,0.0,0.0,0.0,0.0,0.0,25.8
JVASP-78377,147.3,0.1,0.1,0.0,0.0,0.0,0.1,147.3,0.1,-0.0,-0.0,-0.0,0.1,0.1,147.3,0.0,0.0,-0.0,0.0,-0.0,0.0,25.9,0.0,0.0,0.0,-0.0,0.0,0.0,25.9,0.0,0.0,-0.0,-0.0,0.0,0.0,25.9
JVASP-107879,43.4,51.3,5.8,-0.0,-2.9,-0.0,51.3,43.4,5.8,0.0,2.9,0.0,5.8,5.8,37.1,-0.0,-0.0,0.0,-0.0,0.0,-0.0,-4.0,-0.0,-2.9,-2.9,2.9,-0.0,-0.0,14.6,-0.0,-0.0,0.0,0.0,-2.9,-0.0,14.6
JVASP-7676,161.8,6.9,6.9,-0.0,-0.0,-0.0,6.9,161.8,6.9,-0.0,-0.0,0.0,6.9,6.9,161.8,0.0,0.0,0.0,-0.0,-0.0,0.0,30.3,-0.0,0.0,-0.0,-0.0,0.0,-0.0,30.3,-0.0,-0.0,0.0,0.0,-0.0,-0.0,30.3
JVASP-7634,36.8,2.8,24.1,-0.0,0.0,0.0,2.8,36.7,24.1,-0.0,0.0,0.0,24.1,24.1,40.7,-0.0,0.0,0.0,-0.0,-0.0,-0.0,11.3,0.0,0.0,0.0,0.0,0.0,0.0,24.9,0.0,0.0,0.0,0.0,0.0,0.0,24.9
JVASP-8129,44.5,2.3,28.0,-0.0,0.0,-0.0,2.3,44.5,28.0,-0.0,0.0,-0.0,28.0,28.0,48.4,-0.0,0.0,-0.0,-0.0,-0.0,-0.0,13.2,0.0,0.0,0.0,0.0,0.0,0.0,30.4,0.0,-0.0,0.0,-0.0,0.0,0.0,30.4
JVASP-207,107.1,2.1,45.1,0.0,0.0,0.0,2.1,54.5,1.2,0.0,0.0,0.0,45.1,1.2,101.2,0.0,0.0,0.0,0.0,0.0,0.0,11.5,0.0,0.0,0.0,0.0,0.0,0.0,5.8,0.0,0.0,0.0,0.0,0.0,0.0,69.2
JVASP-139017,90.2,-3.5,-4.5,-0.0,-0.0,0.0,-3.5,30.4,-1.1,0.0,-0.0,-0.0,-4.5,-1.1,31.0,-0.0,-0.0,-0.0,-0.0,0.0,-0.0,-4.6,-0.0,-0.0,-0.0,-0.0,-0.0,-0.0,-5.6,0.0,0.0,-0.0,-0.0,0.0,0.0,-2.6
JVASP-139018,90.1,-0.1,1.5,0.0,0.0,0.0,-0.1,21.8,8.0,0.0,0.0,0.0,1.5,8.0,52.8,0.0,0.0,-0.0,0.0,0.0,0.0,1.4,-0.0,-0.0,0.0,0.0,0.0,-0.0,-3.2,-0.0,0.0,0.0,-0.0,-0.0,-0.0,18.7
JVASP-139019,215.3,-24.8,-4.3,0.0,0.2,-0.0,-24.8,110.6,15.6,-0.0,0.2,0.0,-4.3,15.6,79.4,-0.0,0.1,-0.0,0.0,-0.0,-0.0,43.2,-0.0,-0.2,0.2,0.2,0.1,-0.0,20.2,-0.0,-0.0,0.0,-0.0,-0.2,-0.0,12.9
JVASP-139021,125.8,-14.9,12.3,0.0,0.0,-0.0,-14.9,125.8,12.3,0.0,0.0,-0.0,12.3,12.3,24.1,0.0,-0.0,-0.0,0.0,0.0,0.0,19.5,0.0,0.0,0.0,0.0,-0.0,0.0,-9.7,0.0,-0.0,-0.0,-0.0,0.0,0.0,-9.7
JVASP-90143,59.8,25.0,26.6,0.0,3.2,0.0,25.0,59.8,26.6,-0.0,-3.2,0.0,26.6,26.6,109.7,0.0,0.0,0.0,0.0,0.0,0.0,17.4,-0.0,3.2,3.2,-3.2,0.0,0.0,29.9,0.0,0.0,0.0,0.0,3.2,0.0,29.9
JVASP-93342,276.9,168.5,156.3,-0.0,-0.0,0.0,168.5,276.9,156.3,0.0,0.0,0.0,156.3,156.3,509.5,-0.0,0.0,0.0,-0.0,-0.0,-0.0,237.3,0.0,0.0,-0.0,0.0,0.0,0.0,135.7,0.0,0.0,0.0,0.0,0.0,0.0,135.7
JVASP-7992,59.9,24.9,26.3,0.0,-3.2,-0.0,24.9,59.9,26.3,0.0,3.2,0.0,26.3,26.3,107.5,0.0,-0.0,0.0,0.0,0.0,0.0,17.5,-0.0,-3.2,-3.2,3.2,-0.0,-0.0,30.4,0.0,-0.0,0.0,0.0,-3.2,0.0,30.4
JVASP-8065,277.2,167.9,156.3,-0.0,-0.0,-0.0,167.9,277.2,156.3,0.0,0.0,0.0,156.3,156.3,509.8,-0.0,0.0,-0.0,-0.0,0.0,-0.0,237.4,-0.0,0.0,-0.0,0.0,0.0,-0.0,136.3,0.0,-0.0,0.0,-0.0,0.0,0.0,136.3
JVASP-8456,91.6,15.6,50.5,-0.0,13.1,-0.0,15.6,91.6,50.5,0.0,-13.1,0.0,50.5,50.5,110.8,-0.0,0.0,-0.0,-0.0,0.0,-0.0,38.0,-0.0,13.1,13.1,-13.1,0.0,-0.0,37.2,-0.0,0.0,0.0,-0.0,13.1,-0.0,37.2
JVASP-10181,49.0,2.5,14.3,0.0,0.0,-0.0,2.5,49.0,14.3,0.0,0.0,-0.0,14.3,14.3,44.4,-0.0,0.0,-0.0,0.0,0.0,-0.0,10.5,0.0,-0.0,0.0,0.0,0.0,0.0,42.8,0.0,-0.0,-0.0,-0.0,0.0,0.0,42.8
JVASP-37693,307.1,124.2,124.2,-0.0,-0.0,-0.0,124.2,307.1,124.2,-0.0,-0.0,0.0,124.2,124.2,307.1,-0.0,0.0,-0.0,-0.0,-0.0,-0.0,122.1,0.0,0.0,-0.0,-0.0,0.0,0.0,122.1,0.0,-0.0,0.0,-0.0,0.0,0.0,122.1
JVASP-9134,430.4,144.0,144.0,-0.0,0.0,0.0,144.0,430.4,144.0,-0.0,0.0,0.0,144.0,144.0,430.4,-0.0,-0.0,0.0,-0.0,-0.0,-0.0,151.5,0.0,0.0,0.0,-0.0,-0.0,0.0,151.5,0.0,0.0,0.0,0.0,0.0,0.0,151.5
JVASP-120203,62.6,-1.2,14.9,-1.4,-10.1,-0.3,-1.2,114.2,11.8,-2.5,9.9,-2.4,14.9,11.8,31.9,0.7,3.8,-3.0,-1.4,-2.5,0.7,4.8,-3.0,-5.8,-10.1,9.9,3.8,-3.0,23.7,1.0,-0.3,-2.4,-3.0,-5.8,1.0,11.0
JVASP-121057,206.5,14.6,17.0,0.0,1.0,-0.0,14.6,43.2,12.0,0.0,-0.8,-0.0,17.0,12.0,35.6,0.0,0.1,-0.0,0.0,0.0,0.0,2.7,-0.0,-1.7,1.0,-0.8,0.1,-0.0,8.0,0.0,-0.0,-0.0,-0.0,-1.7,0.0,5.2
JVASP-121059,145.6,13.7,3.7,2.8,6.5,1.9,13.7,80.2,26.3,-7.0,-18.8,-0.4,3.7,26.3,96.8,1.9,-23.0,-0.6,2.8,-7.0,1.9,14.8,0.9,-2.0,6.5,-18.8,-23.0,0.9,40.3,-2.0,1.9,-0.4,-0.6,-2.0,-2.0,17.9
JVASP-121061,131.1,10.9,47.1,0.1,-1.4,0.2,10.9,38.0,6.8,-1.6,-1.2,-0.0,47.1,6.8,82.6,-2.0,-0.9,-0.9,0.1,-1.6,-2.0,12.9,0.1,-0.1,-1.4,-1.2,-0.9,0.1,20.3,-0.5,0.2,-0.0,-0.9,-0.1,-0.5,51.1
JVASP-121063,-0.3,-0.2,0.2,0.0,0.0,-0.0,-0.2,-0.3,0.2,0.0,0.0,-0.0,0.2,0.2,-12.3,0.0,-0.0,0.0,0.0,0.0,0.0,0.1,0.0,0.0,0.0,0.0,-0.0,0.0,-4.7,0.0,-0.0,-0.0,0.0,0.0,0.0,-4.7
JVASP-121068,98.4,-30.7,-27.4,0.0,0.0,0.0,-30.7,198.6,174.0,0.0,0.0,0.0,-27.4,174.0,259.6,-0.0,0.0,0.0,0.0,0.0,-0.0,16.6,0.0,0.0,0.0,0.0,0.0,0.0,38.4,-0.0,0.0,0.0,0.0,0.0,-0.0,5.7
JVASP-148914,277.5,165.8,152.4,-0.0,-0.0,-0.0,165.8,277.5,152.4,0.0,0.0,0.0,152.4,152.4,509.0,0.0,-0.0,-0.0,-0.0,0.0,0.0,238.8,0.0,0.0,-0.0,0.0,-0.0,0.0,138.8,-0.0,-0.0,0.0,-0.0,0.0,-0.0,138.8
JVASP-150253,54.0,13.6,8.8,-0.2,13.3,-0.4,13.6,34.3,6.7,5.7,7.1,5.0,8.8,6.7,42.7,-0.2,6.1,-8.3,-0.2,5.7,-0.2,28.2,2.8,4.7,13.3,7.1,6.1,2.8,22.5,-1.1,-0.4,5.0,-8.3,4.7,-1.1,17.7
JVASP-149077,277.4,165.7,152.2,-0.0,0.0,0.0,165.7,277.4,152.2,0.0,0.0,-0.0,152.2,152.2,508.8,0.0,0.0,-0.0,-0.0,0.0,0.0,238.9,0.0,0.0,0.0,0.0,0.0,0.0,138.8,0.0,0.0,-0.0,-0.0,0.0,0.0,138.8
JVASP-22644,489.0,103.7,49.2,-0.0,-0.0,0.0,103.7,489.0,49.2,0.0,0.0,-0.0,49.2,49.2,537.4,0.0,0.0,0.0,-0.0,0.0,0.0,192.7,0.0,-0.0,-0.0,0.0,0.0,0.0,161.4,-0.0,0.0,-0.0,0.0,-0.0,-0.0,161.4
JVASP-107,490.6,103.2,48.8,0.0,0.0,0.0,103.2,490.5,48.8,0.0,0.0,0.0,48.8,48.8,537.4,0.0,0.0,0.0,0.0,0.0,0.0,193.7,0.0,0.0,0.0,0.0,0.0,0.0,160.1,0.0,0.0,0.0,0.0,0.0,0.0,160.1
JVASP-8118,497.4,100.6,47.0,-0.0,-0.0,-0.0,100.6,497.4,47.0,0.0,0.0,0.0,47.0,47.0,537.8,-0.0,-0.0,0.0,-0.0,0.0,-0.0,198.4,0.0,-0.0,-0.0,0.0,-0.0,0.0,153.4,-0.0,-0.0,0.0,0.0,0.0,-0.0,153.4
JVASP-8158,386.1,126.1,126.1,-0.0,-0.0,0.0,126.1,386.1,126.1,-0.0,-0.0,-0.0,126.1,126.1,386.1,-0.0,-0.0,0.0,-0.0,-0.0,-0.0,242.7,0.0,0.0,-0.0,-0.0,-0.0,0.0,242.7,-0.0,0.0,-0.0,0.0,-0.0,-0.0,242.7
JVASP-22633,486.6,104.3,49.9,-0.0,-0.0,0.0,104.3,486.6,49.9,0.0,-0.0,-0.0,49.9,49.9,537.4,0.0,-0.0,-0.0,-0.0,0.0,0.0,191.1,-0.0,-0.0,0.0,-0.0,-0.0,-0.0,163.6,-0.0,0.0,-0.0,-0.0,-0.0,-0.0,163.6
JVASP-36027,451.7,158.1,158.1,0.0,0.0,0.0,158.1,451.7,158.1,0.0,0.0,-0.0,158.1,158.1,451.7,-0.0,-0.0,0.0,0.0,0.0,-0.0,360.4,-0.0,-0.0,0.0,0.0,-0.0,-0.0,360.4,-0.0,0.0,-0.0,0.0,-0.0,-0.0,360.4
JVASP-22643,494.8,97.7,49.2,0.0,-31.0,-0.0,97.7,494.8,49.2,-0.0,31.0,0.0,49.2,49.2,537.9,0.0,0.0,-0.0,0.0,-0.0,0.0,198.5,-0.0,-31.0,-31.0,31.0,0.0,-0.0,161.4,0.0,-0.0,0.0,-0.0,-31.0,0.0,161.4
JVASP-35061,344.6,2.5,92.3,-0.0,-0.0,-0.0,2.5,344.6,92.3,0.0,0.0,0.0,92.3,92.3,513.7,-0.0,0.0,-0.0,-0.0,0.0,-0.0,11.8,0.0,0.0,-0.0,0.0,0.0,0.0,30.0,0.0,-0.0,0.0,-0.0,0.0,0.0,30.0
JVASP-182,488.0,104.0,49.5,0.0,0.0,0.0,104.0,488.0,49.5,0.0,0.0,0.0,49.5,49.5,537.5,0.0,0.0,0.0,0.0,0.0,0.0,192.0,0.0,0.0,0.0,0.0,0.0,0.0,162.4,0.0,0.0,0.0,0.0,0.0,0.0,162.4
JVASP-30467,581.9,129.4,1.4,0.0,0.0,-0.0,129.4,581.9,1.4,-0.0,-0.0,0.0,1.4,1.4,43.6,0.0,-0.0,-0.0,0.0,-0.0,0.0,161.9,0.0,0.0,0.0,-0.0,-0.0,0.0,-11.9,0.0,-0.0,0.0,-0.0,0.0,0.0,-11.9
JVASP-10867,489.7,103.0,49.2,-0.0,-10.3,0.0,103.0,489.7,49.2,0.0,10.3,-0.0,49.2,49.2,537.5,0.0,-0.0,-0.0,-0.0,0.0,0.0,193.3,0.0,-10.3,-10.3,10.3,-0.0,0.0,161.5,0.0,0.0,-0.0,-0.0,-10.3,0.0,161.5
JVASP-115773,660.5,3.5,59.3,0.0,0.0,0.0,3.5,660.5,59.3,0.0,0.0,0.0,59.3,59.3,134.0,0.0,0.0,-0.0,0.0,0.0,0.0,166.8,0.0,0.0,0.0,0.0,0.0,0.0,25.5,0.0,0.0,0.0,-0.0,0.0,0.0,25.5
JVASP-117952,413.8,11.2,72.1,-0.0,0.0,0.0,11.2,72.8,7.7,0.0,0.0,0.0,72.1,7.7,772.1,0.0,-0.0,-0.0,-0.0,0.0,0.0,-2.8,0.0,0.0,0.0,0.0,-0.0,0.0,3.5,0.0,0.0,0.0,-0.0,0.0,0.0,140.2
JVASP-117953,446.9,131.7,-2.6,0.0,-0.0,0.0,131.7,446.9,-2.6,-0.0,-0.0,-0.0,-2.6,-2.6,24.0,0.0,0.0,0.0,0.0,-0.0,0.0,157.6,0.0,-0.0,-0.0,-0.0,0.0,0.0,-6.0,0.0,-0.0,0.0,0.0,0.0,0.0,-6.0
JVASP-97470,15.9,182.7,115.8,0.0,0.0,25.7,182.7,15.9,115.8,0.0,-0.0,-25.7,115.8,115.8,631.3,-0.0,-0.0,0.0,0.0,-0.0,-0.0,-83.4,-25.7,0.0,0.0,-0.0,0.0,-25.7,125.4,0.0,25.7,-25.7,0.0,0.0,0.0,125.4
JVASP-18997,404.0,139.9,121.8,-0.0,0.0,13.9,139.9,404.0,121.8,0.0,0.0,-13.9,121.8,121.8,441.9,-0.0,-0.0,0.0,-0.0,0.0,-0.0,132.0,-13.9,0.0,0.0,0.0,-0.0,-13.9,125.8,-0.0,13.9,-13.9,0.0,0.0,0.0,125.8
JVASP-9180,405.3,187.8,105.7,0.0,-0.0,-0.0,187.8,405.3,105.7,0.0,0.0,-0.0,105.7,105.7,532.7,0.0,-0.0,-0.0,0.0,0.0,0.0,108.7,0.0,0.0,-0.0,0.0,-0.0,0.0,100.0,0.0,-0.0,-0.0,-0.0,0.0,0.0,100.0
JVASP-10793,377.3,194.9,194.9,0.0,-0.0,-0.0,194.9,377.3,194.9,0.0,-0.0,0.0,194.9,194.9,377.3,0.0,-0.0,-0.0,0.0,-0.0,0.0,213.4,-0.0,-0.0,-0.0,-0.0,-0.0,-0.0,213.4,-0.0,0.0,-0.0,0.0,-0.0,-0.0,213.4
JVASP-9113,523.3,184.8,184.8,-0.0,0.0,-0.0,184.8,523.3,184.8,-0.0,0.0,0.0,184.8,184.8,523.3,0.0,-0.0,0.0,-0.0,-0.0,0.0,331.5,-0.0,-0.0,0.0,0.0,-0.0,-0.0,331.5,-0.0,-0.0,0.0,0.0,-0.0,-0.0,331.5
JVASP-137921,453.5,-99.5,6.1,0.0,0.0,0.0,-99.5,453.5,6.1,0.0,0.0,0.0,6.1,6.1,130.8,0.0,0.0,0.0,0.0,0.0,0.0,104.3,0.0,0.0,0.0,0.0,0.0,0.0,-221.0,-0.0,0.0,0.0,0.0,0.0,-0.0,-221.0
JVASP-137924,403.3,4.6,43.1,-0.0,-0.0,0.0,4.6,221.0,-49.7,0.0,0.0,-0.0,43.1,-49.7,202.9,0.0,-0.0,0.0,-0.0,0.0,0.0,39.5,0.0,0.0,-0.0,0.0,-0.0,0.0,49.2,-0.0,0.0,-0.0,0.0,0.0,-0.0,-7.2
JVASP-16013,8.4,79.1,79.1,0.0,-0.0,0.0,79.1,8.4,79.1,-0.0,0.0,0.0,79.1,79.1,8.4,0.0,0.0,0.0,0.0,-0.0,0.0,-84.4,-0.0,-0.0,-0.0,0.0,0.0,-0.0,-84.4,0.0,0.0,0.0,0.0,-0.0,0.0,-84.4
JVASP-152,162.5,17.6,11.2,0.0,0.0,0.0,17.6,30.0,9.8,0.0,0.0,0.0,11.2,9.8,33.9,0.0,0.0,0.0,0.0,0.0,0.0,41.8,0.0,0.0,0.0,0.0,0.0,0.0,13.5,0.0,0.0,0.0,0.0,0.0,0.0,7.6
JVASP-4216,135.0,25.0,11.6,0.0,-6.9,0.0,25.0,37.7,18.5,0.0,-12.1,0.0,11.6,18.5,92.9,0.0,-18.4,0.0,0.0,0.0,0.0,26.9,0.0,-16.1,-6.9,-12.1,-18.4,0.0,19.5,0.0,0.0,0.0,0.0,-16.1,0.0,24.4
JVASP-56593,97.8,40.3,40.3,0.0,0.0,-0.0,40.3,97.8,40.3,0.0,0.0,-0.0,40.3,40.3,97.8,-0.0,-0.0,-0.0,0.0,-0.0,0.0,49.6,0.0,-0.0,0.0,0.0,-0.0,0.0,49.6,0.0,-0.0,-0.0,-0.0,0.0,0.0,49.6
JVASP-137203,95.0,88.2,-0.4,-0.0,0.0,0.0,88.2,95.0,-0.4,0.0,-0.0,-0.0,-0.4,-0.4,236.6,-0.0,-0.0,0.0,-0.0,0.0,-0.0,3.4,0.0,-0.0,0.0,0.0,-0.0,-0.0,53.9,0.0,0.0,0.0,0.0,0.0,0.0,53.9
JVASP-137205,74.9,11.7,20.0,-0.1,0.0,-2.1,11.7,83.2,24.8,-0.3,-0.1,-2.2,20.0,24.8,75.2,0.0,-0.0,-3.8,-0.1,-0.3,0.0,5.6,-2.6,0.0,0.0,-0.1,-0.0,-2.6,29.6,0.2,-2.1,-2.2,-3.8,0.0,0.2,25.9
JVASP-135683,217.6,11.2,9.0,-0.0,0.0,-0.0,11.2,86.7,86.3,0.0,0.0,-0.0,9.0,86.3,135.6,-0.0,-0.0,0.0,-0.0,0.0,-0.0,42.2,0.0,0.0,0.0,0.0,-0.0,0.0,1.9,0.0,-0.0,-0.0,0.0,0.0,0.0,52.3
JVASP-603,75.7,47.9,11.5,0.0,-2.7,0.0,47.9,75.7,11.5,0.0,2.7,0.0,11.5,11.5,26.7,0.0,0.0,0.0,0.0,0.0,0.0,13.9,0.0,-2.7,-2.7,2.7,0.0,0.0,7.3,0.0,0.0,0.0,0.0,-2.7,0.0,7.3
JVASP-103216,16.7,-0.6,12.2,-0.0,0.0,0.0,-0.6,96.3,5.5,-0.0,0.0,-0.0,12.2,5.5,14.0,-0.0,0.0,0.0,-0.0,-0.0,-0.0,0.2,0.0,-0.0,0.0,0.0,0.0,0.0,4.6,0.0,-0.0,-0.0,-0.0,-0.0,0.0,11.5
JVASP-8514,14.0,8.9,8.9,-0.0,-3.2,0.0,8.9,28.3,27.8,0.0,20.0,-0.0,8.9,27.8,28.5,-0.0,20.1,0.0,-0.0,0.0,-0.0,8.2,0.0,-3.3,-3.2,20.0,20.1,0.0,28.7,-0.0,0.0,-0.0,0.0,-3.3,-0.0,8.1
JVASP-22639,96.6,-0.6,5.7,-0.0,-0.0,-0.0,-0.6,16.7,12.2,-0.0,-0.0,0.0,5.7,12.2,14.1,-0.0,-0.0,-0.0,-0.0,-0.0,-0.0,0.3,-0.0,-0.0,-0.0,-0.0,-0.0,-0.0,11.5,-0.0,-0.0,0.0,-0.0,-0.0,-0.0,4.7
JVASP-28397,24.2,-3.5,-0.0,0.0,0.0,0.2,-3.5,42.5,0.0,0.0,0.0,0.0,-0.0,0.0,-0.0,0.0,-0.0,0.1,0.0,0.0,0.0,3.8,0.1,-0.0,0.0,-0.0,-0.0,0.1,0.0,0.0,0.2,0.0,0.1,-0.0,0.0,0.0
JVASP-8130,58.8,0.3,32.2,0.0,0.0,-0.0,0.3,58.8,32.2,0.0,0.0,-0.0,32.2,32.2,56.4,0.0,0.0,-0.0,0.0,0.0,0.0,17.2,-0.0,-0.0,0.0,0.0,0.0,0.0,38.5,0.0,-0.0,-0.0,-0.0,-0.0,0.0,38.5
JVASP-137,16.7,-0.3,12.9,0.0,0.0,0.0,-0.3,133.5,4.8,0.0,0.0,0.0,12.9,4.8,15.6,0.0,0.0,0.0,0.0,0.0,0.0,0.9,0.0,0.0,0.0,0.0,0.0,0.0,4.6,0.0,0.0,0.0,0.0,0.0,0.0,12.0
JVASP-90508,183.0,49.6,67.4,0.0,30.4,0.0,49.6,187.7,57.4,-0.0,46.0,-0.0,67.4,57.4,166.3,0.0,33.2,0.0,0.0,-0.0,0.0,94.6,0.0,2.9,30.4,46.0,33.2,0.0,67.1,0.0,0.0,0.0,0.0,2.9,0.0,129.5
JVASP-91448,132.6,40.2,71.4,-26.3,-13.2,-13.5,40.2,135.4,27.4,-37.9,-15.8,-4.8,71.4,27.4,143.0,-16.8,-20.6,-14.1,-26.3,-37.9,-16.8,43.2,10.7,-0.3,-13.2,-15.8,-20.6,10.7,17.3,-15.2,-13.5,-4.8,-14.1,-0.3,-15.2,55.5
JVASP-22571,67.2,8.3,-2.2,-0.0,-0.0,0.0,8.3,57.4,-0.5,0.0,0.0,-0.0,-2.2,-0.5,45.7,-0.0,0.0,-0.0,-0.0,0.0,-0.0,23.3,-0.0,-0.0,-0.0,0.0,0.0,-0.0,31.3,-0.0,0.0,-0.0,-0.0,-0.0,-0.0,64.9
JVASP-28392,360.9,242.2,242.2,0.0,-0.0,-0.0,242.2,360.9,242.2,-0.0,0.0,-0.0,242.2,242.2,360.9,-0.0,-0.0,-0.0,0.0,-0.0,-0.0,231.9,-0.0,-0.0,-0.0,0.0,-0.0,0.0,231.9,-0.0,-0.0,-0.0,-0.0,-0.0,-0.0,231.9
JVASP-22572,51.5,37.6,-4.2,-5.9,-0.0,-0.0,37.6,51.5,-4.2,5.9,-0.0,0.0,-4.2,-4.2,68.4,-0.0,0.0,0.0,-5.9,5.9,-0.0,26.2,-0.0,-0.0,-0.0,0.0,0.0,-0.0,40.3,-0.0,-0.0,-0.0,-0.0,0.0,-0.0,40.3
JVASP-7633,959.6,-65.0,-65.0,0.0,0.0,0.0,-65.0,959.6,-65.0,-0.0,-0.0,0.0,-65.0,-65.0,959.6,0.0,-0.0,-0.0,0.0,-0.0,0.0,-108.9,0.0,0.0,0.0,-0.0,-0.0,0.0,-108.9,0.0,0.0,0.0,-0.0,0.0,0.0,-108.9
JVASP-22611,77.3,-9.9,24.9,-0.0,-0.0,-0.0,-9.9,77.3,24.9,-0.0,-0.0,0.0,24.9,24.9,233.0,-0.0,-0.0,-0.0,-0.0,-0.0,-0.0,43.6,0.0,0.0,-0.0,-0.0,-0.0,0.0,44.3,-0.0,-0.0,0.0,-0.0,0.0,-0.0,44.3
JVASP-22578,67.9,9.2,-14.2,-0.0,18.4,-0.0,9.2,65.6,19.6,0.0,5.2,-0.0,-14.2,19.6,67.5,-0.0,1.2,-0.0,-0.0,0.0,-0.0,15.4,0.0,-9.7,18.4,5.2,1.2,0.0,31.0,0.0,-0.0,-0.0,-0.0,-9.7,0.0,26.4
JVASP-8150,543.3,12.0,12.3,-0.0,0.0,-0.0,12.0,29.0,24.0,0.0,0.0,-0.0,12.3,24.0,29.4,-0.0,0.0,-0.0,0.0,0.0,-0.0,13.0,-0.0,0.0,-0.0,-0.0,-0.0,-0.0,27.6,-0.0,-0.0,-0.0,-0.0,0.0,-0.0,13.5
JVASP-54225,164.0,48.2,57.0,-0.0,-0.0,-0.0,48.2,164.0,57.0,-0.0,0.0,0.0,57.0,57.0,121.9,0.0,0.0,-0.0,-0.0,0.0,0.0,12.2,-0.0,0.0,-0.0,0.0,-0.0,-0.0,3.8,-0.0,-0.0,0.0,-0.0,0.0,-0.0,3.8
JVASP-34733,83.2,11.6,-28.9,0.0,20.9,-0.0,11.6,100.2,15.2,0.0,9.3,0.0,-28.9,15.2,58.4,0.0,-2.0,0.0,0.0,0.0,0.0,11.3,0.0,-1.6,20.9,9.3,-2.0,0.0,28.8,-0.0,-0.0,0.0,0.0,-1.6,0.0,35.2
JVASP-34659,119.8,32.8,26.6,-5.2,-5.9,-9.6,32.8,80.5,50.8,-6.1,-10.3,-7.7,26.6,50.8,70.6,-2.5,1.0,-7.9,-5.2,-6.1,-2.5,13.7,-0.0,3.7,-5.9,-10.3,1.0,-0.0,19.0,1.6,-9.6,-7.7,-7.9,3.7,1.6,17.8
JVASP-34219,81.6,12.7,15.7,-0.0,-14.5,0.0,12.7,81.6,15.7,-0.0,14.5,-0.0,15.7,15.7,104.7,-0.0,0.0,-0.0,-0.0,-0.0,-0.0,34.4,0.0,-14.5,-14.5,14.5,0.0,0.0,55.5,0.0,0.0,-0.0,-0.0,-14.5,0.0,55.5
JVASP-34660,119.5,22.8,21.8,-11.0,9.8,22.8,22.8,90.8,30.3,-7.8,2.7,13.0,21.8,30.3,139.4,4.6,21.3,46.1,-11.0,-7.8,4.6,24.0,4.1,1.0,9.8,2.7,21.3,4.1,21.8,0.4,22.8,13.0,46.1,1.0,0.4,39.6
JVASP-58260,193.3,86.5,118.1,0.0,-0.0,0.0,86.5,193.3,118.1,-0.0,-0.0,-0.0,118.1,118.1,195.2,-0.0,-0.0,0.0,0.0,-0.0,-0.0,53.4,-0.0,0.0,-0.0,-0.0,-0.0,-0.0,-36.8,0.0,0.0,-0.0,-0.0,0.0,0.0,-36.8
JVASP-34291,251.6,80.6,47.5,0.0,4.9,-0.0,80.6,209.9,41.2,0.0,5.1,0.0,47.5,41.2,58.2,0.0,2.9,-0.0,0.0,0.0,0.0,95.9,0.0,19.7,4.9,5.1,2.9,0.0,60.4,-0.0,-0.0,0.0,-0.0,19.7,-0.0,55.0
JVASP-57544,120.3,37.6,77.1,-0.0,-0.0,-0.0,37.6,120.3,77.1,0.0,-0.0,-0.0,77.1,77.1,195.3,0.0,0.0,0.0,-0.0,0.0,0.0,41.4,0.0,-0.0,-0.0,-0.0,0.0,0.0,40.7,0.0,-0.0,-0.0,0.0,-0.0,0.0,40.7
JVASP-10500,638.8,160.9,160.9,0.0,0.0,-0.0,160.9,638.8,160.9,0.0,0.0,0.0,160.9,160.9,638.8,-0.0,0.0,-0.0,0.0,0.0,-0.0,214.4,-0.0,-0.0,-0.0,-0.0,0.0,-0.0,214.4,-0.0,-0.0,0.0,-0.0,-0.0,0.0,214.4
JVASP-58267,529.0,164.4,170.3,-0.0,-0.0,0.0,164.4,642.6,161.4,0.0,0.0,0.0,170.3,161.4,573.0,-0.0,0.0,0.0,-0.0,0.0,-0.0,228.0,-0.0,-0.0,-0.0,0.0,0.0,-0.0,203.0,0.0,0.0,0.0,0.0,-0.0,0.0,244.3
JVASP-34375,119.5,87.9,12.4,-0.0,-0.0,-0.0,87.9,119.5,12.4,0.0,0.0,0.0,12.4,12.4,217.5,-0.0,-0.0,0.0,-0.0,0.0,-0.0,43.8,-0.0,0.0,-0.0,0.0,-0.0,-0.0,1.8,0.0,-0.0,0.0,0.0,0.0,0.0,1.8
JVASP-34484,185.4,69.7,106.8,-0.0,-0.0,-0.0,69.7,178.7,101.2,-0.0,-0.0,0.0,106.8,101.2,175.4,-0.0,-0.0,-0.0,0.0,-0.0,-0.0,50.1,0.0,0.0,-0.0,0.0,-0.0,0.0,7.1,-0.0,-0.0,0.0,-0.0,0.0,-0.0,99.4
JVASP-57525,529.1,164.4,170.4,-0.0,0.0,0.0,164.4,642.7,161.4,-0.0,-0.0,0.0,170.4,161.4,573.0,0.0,-0.0,0.0,0.0,-0.0,0.0,228.0,-0.0,0.0,0.0,-0.0,-0.0,-0.0,203.0,0.0,0.0,0.0,0.0,0.0,0.0,244.2
JVASP-58394,184.6,128.5,128.5,0.0,0.0,0.0,128.5,184.6,128.5,0.0,-0.0,-0.0,128.5,128.5,184.6,0.0,-0.0,0.0,0.0,0.0,0.0,79.2,0.0,0.0,0.0,-0.0,-0.0,0.0,79.2,-0.0,0.0,-0.0,0.0,0.0,-0.0,79.2
JVASP-58345,193.3,86.5,118.1,0.0,0.0,0.0,86.5,193.3,118.1,-0.0,-0.0,0.0,118.1,118.1,195.2,-0.0,-0.0,0.0,0.0,-0.0,-0.0,53.4,0.0,0.0,0.0,-0.0,-0.0,0.0,-36.9,0.0,0.0,0.0,0.0,0.0,0.0,-36.9
JVASP-58347,61.5,3.4,-4.4,0.0,0.0,0.0,3.4,61.5,-4.4,0.0,-0.0,-0.0,-4.4,-4.4,44.5,0.0,-0.0,-0.0,0.0,-0.0,0.0,24.3,0.0,0.0,0.0,-0.0,-0.0,0.0,68.0,-0.0,0.0,-0.0,-0.0,0.0,-0.0,68.0
JVASP-58348,418.2,194.0,178.6,-0.0,-0.0,-0.0,194.0,418.2,178.6,0.0,0.0,0.0,178.6,178.6,704.7,-0.0,-0.0,-0.0,-0.0,-0.0,0.0,301.7,0.0,0.0,-0.0,0.0,-0.0,0.0,236.3,0.0,-0.0,0.0,-0.0,0.0,0.0,236.3
JVASP-58349,81.5,12.6,15.6,0.0,-14.5,0.0,12.6,81.5,15.6,0.0,14.5,-0.0,15.6,15.6,104.5,0.0,0.0,0.0,0.0,0.0,0.0,34.4,0.0,-14.5,-14.5,14.5,0.0,0.0,55.5,0.0,0.0,-0.0,0.0,-14.5,0.0,55.5
JVASP-41,81.5,12.6,15.5,0.0,14.5,0.0,12.6,81.5,15.5,0.0,-14.5,0.0,15.5,15.5,104.5,0.0,0.0,0.0,0.0,0.0,0.0,34.4,0.0,14.5,14.5,-14.5,0.0,0.0,55.6,0.0,0.0,0.0,0.0,14.5,0.0,55.6
JVASP-39095,74.6,-20.5,22.8,0.0,-0.5,0.0,-20.5,61.5,-1.0,0.0,0.3,-0.0,22.8,-1.0,81.2,0.0,-0.2,-0.0,0.0,0.0,0.0,25.2,-0.0,0.0,-0.5,0.3,-0.2,-0.0,14.1,-0.0,0.0,-0.0,-0.0,0.0,-0.0,29.8
JVASP-58354,223.4,124.7,94.3,0.0,0.0,-0.0,124.7,223.4,94.3,-0.0,-0.0,0.0,94.3,94.3,252.4,-0.0,0.0,-0.0,0.0,-0.0,-0.0,49.4,0.0,0.0,-0.0,-0.0,0.0,0.0,44.5,-0.0,-0.0,0.0,-0.0,0.0,-0.0,44.5
JVASP-40636,58.5,7.9,-4.0,-0.0,-0.0,0.0,7.9,24.3,13.9,0.0,-0.0,0.0,-4.0,13.9,270.5,-0.0,-0.0,-0.0,-0.0,0.0,-0.0,37.7,-0.0,0.0,-0.0,-0.0,-0.0,-0.0,10.6,-0.0,0.0,0.0,-0.0,0.0,-0.0,-23.1
JVASP-22614,61.0,23.0,-10.7,0.0,-0.3,5.8,23.0,61.0,-10.7,0.0,0.3,-5.8,-10.7,-10.7,13.5,0.0,0.0,-0.0,0.0,0.0,0.0,19.0,-5.8,-0.3,-0.3,0.3,0.0,-5.8,9.2,0.0,5.8,-5.8,0.0,-0.3,0.0,9.2
JVASP-34674,24.8,6.4,13.5,-0.0,0.0,-0.0,6.4,84.3,39.2,-0.0,0.0,0.0,13.5,39.2,146.6,-0.0,0.0,-0.0,-0.0,-0.0,-0.0,30.2,-0.0,-0.0,0.0,-0.0,0.0,0.0,77.9,0.0,-0.0,-0.0,0.0,-0.0,-0.0,57.0
JVASP-34685,156.7,1.4,83.0,0.0,-0.0,0.0,1.4,46.3,29.7,-0.0,-0.0,0.0,83.0,29.7,169.4,-0.0,-0.0,0.0,0.0,-0.0,-0.0,16.8,0.0,0.0,-0.0,0.0,-0.0,0.0,12.5,-0.0,0.0,0.0,0.0,0.0,-0.0,90.3
JVASP-34676,127.5,55.4,46.8,-0.0,-18.4,0.0,55.4,47.4,46.6,-0.0,-17.9,-0.0,46.8,46.6,141.1,-0.0,-67.6,-0.0,-0.0,-0.0,-0.0,27.4,-0.0,-12.5,-18.4,-17.9,-67.6,-0.0,38.9,0.0,0.0,-0.0,-0.0,-12.5,0.0,25.7
JVASP-34447,109.0,-16.8,15.4,-0.0,-6.4,-0.0,-16.8,104.4,8.0,-0.0,-0.2,0.0,15.4,8.0,233.7,-0.0,20.8,0.0,-0.0,-0.0,-0.0,13.4,0.0,11.2,-6.4,-0.2,20.8,0.0,39.3,0.0,-0.0,0.0,-0.0,11.2,0.0,57.9
JVASP-57447,535.0,154.7,153.0,-0.0,-9.1,-0.0,154.7,513.2,139.0,-0.0,17.7,0.0,153.0,139.0,540.8,-0.0,6.0,-0.0,-0.0,-0.0,-0.0,218.6,0.0,-4.4,-9.1,17.7,6.0,0.0,197.3,-0.0,0.0,0.0,-0.0,-4.4,-0.0,198.5
JVASP-57276,65.0,47.3,7.9,-0.0,-39.0,0.0,47.3,51.1,20.5,0.0,-27.3,-0.0,7.9,20.5,69.7,0.0,-13.9,-0.0,-0.0,0.0,0.0,15.9,0.0,-26.8,-39.0,-27.3,-13.9,0.0,38.2,-0.0,0.0,-0.0,-0.0,-26.8,-0.0,47.3
JVASP-85272,809.9,189.8,189.8,-0.0,0.0,0.0,189.8,809.9,189.8,-0.0,0.0,0.0,189.8,189.8,809.9,0.0,-0.0,0.0,-0.0,-0.0,0.0,437.2,0.0,0.0,0.0,-0.0,-0.0,0.0,437.2,-0.0,-0.0,0.0,0.0,-0.0,-0.0,437.2
JVASP-28374,849.7,104.9,7.6,0.0,3.1,0.0,104.9,849.7,7.6,-0.0,-3.1,-0.0,7.6,7.6,42.2,-0.0,-0.0,-0.0,0.0,-0.0,-0.0,372.4,0.0,3.1,3.1,-3.1,-0.0,0.0,7.0,0.0,0.0,-0.0,-0.0,3.1,0.0,7.0
JVASP-93685,900.7,27.3,95.7,0.0,-0.0,-0.0,27.3,1190.6,157.1,-0.0,-0.0,0.0,95.7,157.1,806.6,-0.0,-0.0,0.0,0.0,-0.0,-0.0,274.0,-0.0,-0.0,-0.0,-0.0,0.0,-0.0,442.1,-0.0,-0.0,0.0,0.0,-0.0,-0.0,183.6
JVASP-28383,778.3,19.2,20.4,-0.0,0.0,0.0,19.2,778.3,20.4,-0.0,-0.0,0.0,20.4,20.4,47.0,0.0,-0.0,0.0,-0.0,-0.0,-0.0,480.5,0.0,0.0,0.0,-0.0,0.0,0.0,26.1,0.0,-0.0,0.0,0.0,-0.0,0.0,26.1
JVASP-29550,782.4,135.2,-2.3,0.0,-0.0,-0.0,135.2,782.4,-2.3,-0.0,0.0,0.0,-2.3,-2.3,44.6,-0.0,0.0,-0.0,0.0,-0.0,-0.0,323.6,-0.0,-0.0,-0.0,0.0,0.0,-0.0,4.0,0.0,-0.0,0.0,-0.0,-0.0,0.0,4.0
JVASP-9110,836.7,265.1,118.3,-0.0,-0.0,-0.0,265.1,836.7,118.3,-0.0,0.0,0.0,118.3,118.3,1046.9,0.0,0.0,0.0,-0.0,-0.0,0.0,285.8,-0.0,-0.0,-0.0,0.0,0.0,-0.0,288.4,-0.0,-0.0,0.0,0.0,-0.0,-0.0,288.4
JVASP-12765,12.2,6.5,5.5,-0.0,-0.0,0.0,6.5,11.5,5.6,-0.0,0.0,0.0,5.5,5.6,16.2,-0.0,-0.0,0.0,-0.0,-0.0,-0.0,5.4,-0.0,-0.0,-0.0,-0.0,-0.0,0.0,2.5,0.0,0.0,0.0,0.0,0.0,0.0,8.4
JVASP-9162,422.3,368.6,368.6,0.0,-0.0,0.0,368.6,422.3,368.6,-0.0,-0.0,0.0,368.6,368.6,422.3,-0.0,0.0,-0.0,0.0,-0.0,-0.0,454.6,0.0,-0.0,-0.0,-0.0,0.0,0.0,454.6,0.0,0.0,0.0,-0.0,-0.0,0.0,454.6
JVASP-29635,782.0,135.0,-2.5,-0.0,0.4,-0.0,135.0,782.0,-2.5,0.0,-0.4,0.0,-2.5,-2.5,44.7,0.0,0.0,0.0,-0.0,0.0,0.0,323.5,-0.0,0.4,0.4,-0.4,0.0,0.0,4.2,0.0,-0.0,0.0,0.0,0.4,-0.0,4.2
JVASP-36406,959.7,14.5,58.2,0.0,0.0,0.0,14.5,959.7,58.2,0.0,0.0,0.0,58.2,58.2,1580.8,0.0,-0.0,-0.0,0.0,0.0,0.0,126.7,0.0,0.0,0.0,0.0,-0.0,0.0,252.1,-0.0,0.0,0.0,-0.0,0.0,-0.0,252.1
JVASP-9141,805.2,264.4,264.4,-0.0,-0.0,0.0,264.4,805.2,264.4,-0.0,0.0,-0.0,264.4,264.4,805.2,0.0,-0.0,0.0,-0.0,0.0,0.0,480.4,0.0,-0.0,-0.0,-0.0,0.0,0.0,480.4,-0.0,0.0,-0.0,-0.0,-0.0,-0.0,480.4
JVASP-116940,781.3,90.9,90.9,0.0,0.0,0.0,90.9,781.3,90.9,0.0,0.0,-0.0,90.9,90.9,781.3,-0.0,0.0,-0.0,0.0,0.0,-0.0,322.9,0.0,-0.0,0.0,0.0,0.0,0.0,322.9,0.0,0.0,-0.0,0.0,-0.0,-0.0,322.9
JVASP-135286,1019.3,-154.2,6.5,0.0,0.0,0.0,-154.2,1019.3,6.5,0.0,0.0,-0.0,6.5,6.5,52.1,0.0,0.0,0.0,0.0,0.0,0.0,134.1,0.0,0.0,0.0,0.0,0.0,0.0,-3.9,0.0,0.0,-0.0,0.0,0.0,0.0,-3.9
JVASP-135290,14.1,0.2,-8.0,-0.0,0.0,-0.0,0.2,-13.9,4.8,0.0,-0.0,-0.0,-8.0,4.8,-72.9,-0.0,-0.0,-0.0,-0.0,0.0,-0.0,-11.8,0.0,0.0,-0.0,-0.0,0.0,0.0,-41.9,-0.0,-0.0,-0.0,-0.0,0.0,-0.0,0.2
JVASP-152779,563.8,170.4,178.2,-0.0,-0.0,0.0,170.4,668.4,177.1,-0.0,-0.0,0.0,178.2,177.1,665.3,-0.0,0.0,-0.0,-0.0,-0.0,-0.0,177.2,0.0,0.0,-0.0,-0.0,0.0,0.0,82.5,0.0,0.0,0.0,-0.0,0.0,0.0,-769.9
JVASP-151998,590.4,196.2,170.4,-66.2,0.0,0.0,196.2,590.4,170.4,66.2,-0.0,-0.0,170.4,170.4,849.8,-0.0,0.0,0.0,-66.2,66.2,-0.0,-181.0,0.0,-0.0,0.0,-0.0,0.0,0.0,188.3,0.0,0.0,-0.0,0.0,-0.0,0.0,188.3
JVASP-152846,887.8,144.1,166.3,0.0,0.0,0.0,144.1,887.8,166.3,0.0,-0.0,-0.0,166.3,166.3,866.1,-0.0,-0.0,0.0,0.0,0.0,-0.0,470.3,-0.0,-0.0,0.0,-0.0,-0.0,-0.0,469.5,0.0,0.0,-0.0,0.0,-0.0,0.0,469.5
JVASP-136235,291.5,8.0,1.3,0.0,-0.0,0.0,8.0,59.1,-0.8,0.0,-0.0,-0.0,1.3,-0.8,50.8,0.0,-0.0,0.0,0.0,0.0,0.0,4.4,0.0,0.0,-0.0,-0.0,-0.0,0.0,-8.1,-0.0,0.0,-0.0,0.0,0.0,-0.0,4.5
JVASP-138405,68.6,4.7,-1.5,0.0,-0.0,-0.0,4.7,68.6,-1.5,0.0,-0.0,-0.0,-1.5,-1.5,47.1,0.0,0.0,0.0,0.0,0.0,0.0,2.5,0.0,0.0,-0.0,-0.0,0.0,0.0,-5.8,0.0,-0.0,-0.0,0.0,0.0,0.0,-5.8
JVASP-120368,73.3,23.1,8.3,0.4,3.0,0.2,23.1,30.0,22.3,0.3,5.6,0.0,8.3,22.3,122.4,0.5,30.2,0.3,0.4,0.3,0.5,20.4,0.0,0.7,3.0,5.6,30.2,0.0,18.0,0.2,0.2,0.0,0.3,0.7,0.2,11.9
JVASP-120369,102.6,-10.6,-3.9,-0.0,0.0,-0.0,-10.6,59.7,-25.5,0.0,0.0,-0.0,-3.9,-25.5,279.1,0.0,-0.0,-0.0,-0.0,0.0,0.0,-2.1,0.0,-0.0,0.0,0.0,-0.0,0.0,18.4,0.0,-0.0,-0.0,-0.0,-0.0,0.0,11.1
JVASP-120370,219.9,91.8,1.8,0.0,0.0,0.0,91.8,219.9,1.8,0.0,0.0,0.0,1.8,1.8,266.8,0.0,-0.0,0.0,0.0,0.0,0.0,23.6,0.0,0.0,0.0,0.0,-0.0,0.0,55.8,0.0,0.0,0.0,0.0,0.0,0.0,55.8
JVASP-120372,1014.5,-29.6,111.9,0.0,0.0,0.0,-29.6,138.1,44.2,-0.0,0.0,-0.0,111.9,44.2,20.7,-0.0,0.0,-0.0,0.0,-0.0,-0.0,16.6,0.0,-0.0,0.0,0.0,0.0,0.0,4.8,0.0,0.0,-0.0,-0.0,-0.0,0.0,-35.7
JVASP-120374,229.7,6.4,6.9,0.0,-0.0,-0.0,6.4,46.7,-2.5,0.0,-0.0,-0.0,6.9,-2.5,48.6,0.0,-0.0,-0.0,0.0,0.0,0.0,1.8,0.0,0.0,-0.0,-0.0,-0.0,0.0,-8.8,0.0,-0.0,-0.0,-0.0,0.0,0.0,4.0
JVASP-138216,41.7,29.2,92.9,-0.0,20.3,-0.0,29.2,46.2,70.5,-0.0,-16.2,-0.0,92.9,70.5,238.9,-0.0,45.0,0.0,-0.0,-0.0,-0.0,-13.0,-0.0,-12.6,20.3,-16.2,45.0,-0.0,11.9,-0.0,-0.0,-0.0,0.0,-12.6,-0.0,-186.3
JVASP-148931,-23.2,-3.4,78.3,-0.0,-0.0,0.0,-3.4,2.1,2.1,-0.0,-0.0,0.0,78.3,2.1,-26.6,0.0,-0.0,-0.0,-0.0,-0.0,0.0,-56.1,-0.0,-0.0,-0.0,-0.0,-0.0,-0.0,-1.4,-0.0,-0.0,0.0,-0.0,-0.0,-0.0,23.8
JVASP-4388,12.4,3.9,8.5,0.0,0.0,0.0,3.9,11.5,6.5,0.0,0.0,0.0,8.5,6.5,8.4,0.0,0.0,0.0,0.0,0.0,0.0,2.9,0.0,0.0,0.0,0.0,0.0,0.0,4.1,0.0,0.0,0.0,0.0,0.0,0.0,9.3
JVASP-117942,-54.7,273.8,6.5,-0.0,-0.0,-0.0,273.8,-54.7,6.5,0.0,0.0,0.0,6.5,6.5,44.0,0.0,0.0,-0.0,-0.0,0.0,0.0,-164.3,0.0,0.0,-0.0,0.0,0.0,-0.0,11.6,0.0,-0.0,0.0,-0.0,0.0,0.0,11.6
JVASP-117944,-0.4,-0.2,2.3,-0.0,-0.6,0.0,-0.2,-12.7,-2.1,0.0,3.4,-0.0,2.3,-2.1,-10.6,0.0,-3.2,-0.0,-0.0,0.0,0.0,-4.6,0.0,0.3,-0.6,3.4,-3.2,0.0,-3.6,-0.0,0.0,-0.0,-0.0,0.3,-0.0,0.0
JVASP-117945,397.2,214.6,-3.5,0.0,0.0,0.0,214.6,397.2,-3.5,0.0,0.0,-0.0,-3.5,-3.5,36.7,0.0,-0.0,-0.0,0.0,0.0,0.0,295.8,0.0,0.0,0.0,0.0,-0.0,0.0,-20.1,0.0,0.0,-0.0,-0.0,0.0,0.0,-20.1
JVASP-117947,536.9,-167.0,6.4,0.0,0.0,-0.0,-167.0,536.9,6.4,0.0,0.0,-0.0,6.4,6.4,64.2,0.0,0.0,0.0,0.0,0.0,0.0,127.5,0.0,0.0,0.0,0.0,0.0,0.0,6.2,0.0,-0.0,-0.0,0.0,0.0,0.0,6.2
JVASP-117941,3.3,-1.2,-2.5,-0.0,0.0,0.0,-1.2,5.6,-0.9,0.0,-0.0,-0.0,-2.5,-0.9,11.4,0.0,0.0,0.0,-0.0,0.0,0.0,-1.0,0.0,-0.0,0.0,-0.0,0.0,0.0,-1.6,0.0,0.0,-0.0,-0.0,-0.0,-0.0,-2.0
JVASP-117948,-4.4,-1.8,5.1,-0.0,0.6,0.0,-1.8,-3.2,-0.6,-0.0,-0.6,-0.0,5.1,-0.6,-0.1,-0.0,-0.7,-0.0,-0.0,-0.0,-0.0,-2.4,-0.0,0.2,0.6,-0.6,-0.7,-0.0,-0.2,-0.0,0.0,-0.0,-0.0,0.2,-0.0,0.0
JVASP-94296,314.2,-16.6,128.3,0.0,0.0,0.0,-16.6,314.2,128.3,0.0,0.0,0.0,128.3,128.3,314.3,0.0,0.0,0.0,0.0,0.0,0.0,108.8,-0.0,0.0,0.0,0.0,0.0,0.0,174.1,-0.0,0.0,0.0,0.0,0.0,-0.0,174.1
JVASP-94314,18.2,4.4,9.3,-0.0,0.0,-0.0,4.4,18.0,6.9,0.0,-0.0,0.0,9.3,6.9,18.4,-0.0,0.0,-0.0,-0.0,0.0,-0.0,2.0,-0.0,-0.0,0.0,-0.0,0.0,-0.0,5.1,0.0,0.0,-0.0,0.0,-0.0,0.0,15.1
JVASP-22523,16.0,8.8,8.8,0.0,-0.0,-0.0,8.8,16.0,8.8,0.0,-0.0,-0.0,8.8,8.8,16.0,-0.0,0.0,-0.0,0.0,0.0,0.0,6.6,-0.0,-0.0,0.0,-0.0,-0.0,-0.0,6.6,0.0,-0.0,-0.0,-0.0,0.0,0.0,6.6
JVASP-23369,16.0,8.8,8.8,0.0,-0.0,-0.0,8.8,16.0,8.8,0.0,0.0,-0.0,8.8,8.8,16.0,-0.0,0.0,-0.0,0.0,0.0,-0.0,6.6,0.0,0.0,0.0,0.0,0.0,-0.0,6.6,0.0,-0.0,-0.0,-0.0,0.0,0.0,6.6
JVASP-58288,11.7,8.7,9.4,0.0,0.0,-0.0,8.7,11.7,9.4,0.0,0.0,-0.0,9.4,9.4,15.5,-0.0,0.0,0.0,0.0,0.0,-0.0,10.2,-0.0,0.0,0.0,0.0,0.0,-0.0,9.4,-0.0,-0.0,-0.0,0.0,0.0,-0.0,9.4
JVASP-33885,270.1,6.3,6.2,-0.0,3.9,0.0,6.3,25.3,16.6,-0.0,1.4,-0.0,6.2,16.6,21.7,-0.0,0.8,-0.0,0.0,-0.0,0.0,2.5,-0.0,0.3,3.9,1.4,0.8,-0.0,11.3,-0.0,0.0,-0.0,-0.0,0.3,-0.0,5.1
JVASP-111410,12.0,8.1,10.0,0.0,-0.0,-0.0,8.1,12.0,10.0,0.0,-0.0,0.0,10.0,10.0,15.8,-0.0,0.0,0.0,0.0,0.0,0.0,10.5,-0.0,-0.0,-0.0,-0.0,0.0,-0.0,9.8,0.0,-0.0,-0.0,0.0,-0.0,0.0,9.8
JVASP-138385,816.3,-3.1,86.5,1.7,-7.4,0.0,-3.1,74.7,22.6,-5.1,3.5,1.6,86.5,22.6,1067.1,3.4,-129.4,1.2,1.7,-5.1,3.4,13.4,1.8,-32.4,-7.4,3.5,-129.4,1.8,21.5,1.4,0.0,1.6,1.2,-32.4,1.4,246.0
JVASP-138388,348.1,21.6,58.7,5.7,-18.1,-5.0,21.6,173.3,56.7,17.8,5.8,-12.8,58.7,56.7,152.1,4.5,-34.2,-38.0,5.7,17.8,4.5,-14.9,-4.8,-14.0,-18.1,5.8,-34.2,-4.8,47.0,9.1,-5.0,-12.8,-38.0,-14.0,9.1,24.9
JVASP-138390,223.6,5.8,-15.9,0.0,0.1,-0.0,5.8,979.5,163.2,0.0,4.7,-0.0,-15.9,163.2,1472.3,0.0,-0.0,-0.0,0.0,0.0,0.0,-12.6,0.0,-4.4,0.1,4.7,-0.0,0.0,304.9,-0.0,-0.0,-0.0,-0.0,-4.4,-0.0,-6.2
JVASP-138391,-900.1,123.8,-76.7,-0.0,-14.2,0.0,123.8,8.1,58.4,-0.0,0.5,0.0,-76.7,58.4,-91.0,0.0,0.1,0.0,-0.0,-0.0,0.0,-549.3,-0.0,23.8,-14.2,0.5,0.1,-0.0,-145.1,0.0,0.0,0.0,0.0,23.8,0.0,32.8
JVASP-138392,603.4,52.7,-26.8,0.0,0.0,0.0,52.7,603.4,-26.8,0.0,0.0,-0.0,-26.8,-26.8,202.8,0.0,0.0,0.0,0.0,0.0,0.0,92.4,0.0,0.0,0.0,0.0,0.0,0.0,84.5,0.0,0.0,-0.0,0.0,0.0,0.0,84.5
JVASP-138395,346.5,-4.0,-4.6,0.0,2.1,-0.0,-4.0,196.9,302.4,-0.0,-34.2,0.0,-4.6,302.4,297.2,-0.0,-59.1,0.0,0.0,-0.0,-0.0,-45.0,0.0,2.0,2.1,-34.2,-59.1,0.0,219.8,-0.0,-0.0,0.0,0.0,2.0,-0.0,-54.0
JVASP-138396,12.3,-0.8,-1.0,-0.0,0.0,-0.0,-0.8,18.9,-0.5,0.0,0.0,0.0,-1.0,-0.5,11.4,-0.0,0.0,-0.0,-0.0,0.0,-0.0,-0.9,0.0,-0.0,0.0,0.0,0.0,0.0,-0.2,0.0,-0.0,0.0,-0.0,-0.0,0.0,-0.7
JVASP-138398,6.2,5.7,4.4,0.0,-0.0,-0.0,5.7,6.2,4.4,0.0,-0.0,-0.0,4.4,4.4,6.7,0.0,0.0,0.0,0.0,0.0,0.0,6.7,0.0,0.0,-0.0,-0.0,0.0,0.0,3.2,0.0,-0.0,-0.0,0.0,0.0,0.0,3.2
JVASP-152293,16.8,8.0,13.4,0.0,-0.0,-0.0,8.0,16.8,13.4,-0.0,-0.0,-0.0,13.4,13.4,18.8,-0.0,0.0,0.0,-0.0,-0.0,0.0,13.2,0.0,0.0,-0.0,-0.0,0.0,0.0,12.2,0.0,-0.0,-0.0,0.0,0.0,0.0,12.2
JVASP-149172,15.8,11.4,10.9,-0.0,-0.0,0.0,11.4,16.3,10.9,-0.0,-0.0,0.0,10.9,10.9,20.8,0.0,0.0,-0.0,-0.0,-0.0,0.0,12.1,0.0,-0.0,-0.0,-0.0,0.0,0.0,11.1,-0.0,0.0,0.0,-0.0,-0.0,-0.0,11.2
JVASP-152488,17.3,7.5,14.0,-0.0,0.0,0.0,7.5,17.3,14.0,0.0,0.0,0.0,14.0,14.0,17.5,0.0,-0.0,-0.0,-0.0,-0.0,0.0,14.3,-0.0,-0.0,0.0,0.0,-0.0,-0.0,12.1,-0.0,0.0,0.0,-0.0,-0.0,-0.0,12.1
JVASP-7903,828.6,27.8,13.8,0.0,-0.0,0.0,27.8,189.5,40.2,-0.0,-0.0,0.0,13.8,40.2,278.3,-0.0,-0.0,0.0,0.0,-0.0,-0.0,118.6,0.0,-0.0,-0.0,-0.0,-0.0,0.0,74.0,-0.0,0.0,0.0,0.0,-0.0,-0.0,100.6
JVASP-22634,198.1,99.9,116.7,0.0,12.1,0.0,99.9,292.1,82.5,-0.0,40.8,-0.0,116.7,82.5,219.1,0.0,23.5,-0.0,0.0,-0.0,0.0,104.5,-0.0,32.2,12.1,40.8,23.5,-0.0,116.5,0.0,0.0,-0.0,-0.0,32.2,0.0,105.9
JVASP-133802,-41.6,335.9,58.4,0.0,0.0,0.0,335.9,-41.6,58.4,-0.0,0.0,0.0,58.4,58.4,283.9,-0.0,0.0,0.0,0.0,-0.0,-0.0,-188.8,0.0,0.0,0.0,0.0,0.0,0.0,68.3,0.0,-0.0,0.0,0.0,0.0,0.0,68.3
JVASP-133810,12.2,-3.0,-0.1,0.0,0.0,0.0,-3.0,22.6,0.0,-0.0,-0.0,-0.0,-0.1,0.0,-3.7,-0.0,-0.0,0.0,0.0,-0.0,-0.0,-0.5,0.0,-0.0,0.0,-0.0,-0.0,0.0,-3.5,-0.0,0.0,-0.0,0.0,-0.0,-0.0,0.1
JVASP-115424,264.4,3.4,13.6,1.4,4.5,2.3,3.4,92.6,36.7,-1.0,0.4,0.2,13.6,36.7,51.4,-1.2,-5.4,-0.0,1.4,-1.0,-1.2,17.6,-0.5,-5.8,4.5,0.4,-5.4,-0.5,32.0,0.6,2.3,0.2,-0.0,-5.8,0.6,8.7
JVASP-116440,78.8,19.3,14.9,-4.1,2.2,-0.3,19.3,75.8,22.9,3.2,-1.8,3.4,14.9,22.9,36.3,-5.9,-3.8,-3.1,-4.1,3.2,-5.9,22.5,-2.3,-0.1,2.2,-1.8,-3.8,-2.3,21.1,-11.0,-0.3,3.4,-3.1,-0.1,-11.0,4.2
JVASP-116441,158.9,2.0,5.9,0.0,-0.0,0.0,2.0,241.8,64.3,0.0,0.0,-0.0,5.9,64.3,211.4,0.0,0.0,-0.0,0.0,0.0,0.0,16.2,0.0,0.0,-0.0,0.0,0.0,0.0,65.9,-0.0,0.0,-0.0,-0.0,0.0,-0.0,-39.3
JVASP-116445,73.9,26.1,3.7,0.0,0.0,-0.0,26.1,73.9,3.7,0.0,0.0,-0.0,3.7,3.7,77.1,0.0,-0.0,0.0,0.0,0.0,0.0,0.8,0.0,0.0,0.0,0.0,-0.0,0.0,-4.3,-0.0,-0.0,-0.0,0.0,0.0,-0.0,-4.3
JVASP-116449,98.9,8.7,-19.7,0.0,0.0,0.0,8.7,87.2,-14.4,0.0,0.0,0.0,-19.7,-14.4,828.3,-0.0,0.0,0.0,0.0,0.0,-0.0,-0.1,0.0,0.0,0.0,0.0,0.0,0.0,12.3,0.0,0.0,0.0,0.0,0.0,-0.0,-55.6
JVASP-102243,79.9,-6.2,5.7,0.0,0.0,-0.0,-6.2,54.8,3.6,-0.0,0.0,-0.0,5.7,3.6,32.9,0.0,0.0,-0.0,0.0,-0.0,0.0,47.7,0.0,-0.0,-0.0,0.0,0.0,0.0,0.6,-0.0,-0.0,-0.0,-0.0,-0.0,-0.0,2.6
JVASP-8241,299.3,34.3,34.3,-0.0,0.0,-0.0,34.3,299.3,34.3,-0.0,-0.0,0.0,34.3,34.3,299.3,-0.0,0.0,-0.0,-0.0,-0.0,-0.0,-34.6,0.0,0.0,0.0,-0.0,0.0,0.0,-34.6,0.0,-0.0,0.0,-0.0,0.0,0.0,-34.6
JVASP-8329,33.6,27.0,11.4,-0.0,-0.0,-0.0,27.0,201.5,4.2,-0.0,0.1,-0.0,11.4,4.2,29.1,-0.0,0.4,-0.0,-0.0,-0.0,-0.0,46.7,0.0,-0.2,-0.0,0.1,0.4,0.0,3.5,-0.0,-0.0,-0.0,-0.0,-0.2,-0.0,31.9
JVASP-30632,33.7,27.0,11.4,0.0,-0.0,-0.0,27.0,201.4,4.2,0.0,-0.1,-0.0,11.4,4.2,29.1,0.0,0.1,-0.0,0.0,0.0,0.0,46.6,-0.0,-0.1,-0.0,-0.1,0.1,-0.0,3.6,0.0,-0.0,-0.0,-0.0,-0.1,0.0,31.9
JVASP-16929,292.1,29.9,29.9,0.0,-0.0,0.0,29.9,292.1,29.9,0.0,-0.0,-0.0,29.9,29.9,292.1,-0.0,0.0,0.0,0.0,0.0,-0.0,-19.3,0.0,0.0,-0.0,-0.0,0.0,0.0,-19.3,0.0,0.0,-0.0,0.0,0.0,0.0,-19.3
JVASP-8288,61.3,34.5,33.7,0.0,-0.1,-0.0,34.5,137.7,31.1,0.0,-0.0,-0.0,33.7,31.1,35.7,0.0,-0.0,-0.0,0.0,0.0,0.0,53.2,-0.0,-0.0,-0.1,-0.0,-0.0,-0.0,22.4,-0.0,-0.0,-0.0,-0.0,-0.0,-0.0,10.9
JVASP-117733,-1.8,-0.2,1.5,0.0,0.0,-0.0,-0.2,-1.8,1.5,0.0,0.0,-0.0,1.5,1.5,-9.0,0.0,0.0,-0.0,0.0,0.0,0.0,0.2,0.0,0.0,0.0,0.0,0.0,0.0,-4.3,0.0,-0.0,-0.0,-0.0,0.0,0.0,-4.3
JVASP-117736,77.8,48.7,13.7,7.0,3.1,0.7,48.7,83.4,13.7,12.8,5.3,4.7,13.7,13.7,64.8,-6.5,11.2,9.0,7.0,12.8,-6.5,21.1,4.1,1.4,3.1,5.3,11.2,4.1,23.0,4.0,0.7,4.7,9.0,1.4,4.0,16.7
JVASP-117738,81.3,40.8,36.4,-0.0,-8.6,0.0,40.8,157.9,38.8,-0.0,-10.4,0.0,36.4,38.8,53.0,-0.0,-3.4,0.0,-0.0,-0.0,-0.0,46.8,0.0,-1.4,-8.6,-10.4,-3.4,-0.0,22.5,0.0,-0.0,0.0,0.0,-1.4,0.0,13.4
JVASP-117739,108.7,41.5,16.0,1.2,-2.0,-1.1,41.5,65.4,29.2,4.2,-2.1,-0.7,16.0,29.2,49.1,-1.9,5.0,2.9,1.2,4.2,-1.9,4.5,5.1,2.0,-2.0,-2.1,5.0,5.1,16.0,-9.3,-1.1,-0.7,2.9,2.0,-9.3,-3.6
JVASP-91804,38.3,4.5,13.6,-0.0,0.0,0.0,4.5,60.0,17.1,-0.0,0.0,-0.0,13.6,17.1,36.8,-0.0,-0.0,-0.0,-0.0,-0.0,-0.0,-2.2,-0.0,0.0,0.0,0.0,-0.0,-0.0,7.6,0.0,0.0,-0.0,-0.0,0.0,0.0,-1.5
JVASP-14870,133.7,5.9,5.7,0.0,-2.8,0.0,5.9,17.9,15.5,-0.0,2.0,-0.0,5.7,15.5,22.3,0.0,-4.0,-0.0,0.0,0.0,0.0,7.8,-0.0,-9.7,-2.8,2.0,-4.0,-0.0,11.8,0.0,0.0,-0.0,-0.0,-9.7,0.0,16.5
JVASP-10087,16.2,9.8,9.8,0.0,-0.0,0.0,9.8,16.2,9.8,0.0,-0.0,0.0,9.8,9.8,16.2,0.0,-0.0,0.0,0.0,0.0,0.0,6.7,0.0,0.0,-0.0,-0.0,-0.0,0.0,6.7,-0.0,-0.0,-0.0,-0.0,0.0,-0.0,6.7
JVASP-9103,19.0,3.9,12.1,0.0,1.6,-0.0,3.9,27.6,6.0,0.0,-0.9,-0.0,12.1,6.0,19.3,0.0,0.0,-0.0,0.0,0.0,-0.0,3.6,-0.0,2.2,1.6,-0.9,0.0,-0.0,6.0,0.0,-0.0,-0.0,-0.0,2.2,0.0,12.6
JVASP-22551,47.6,26.3,14.1,-0.0,0.0,-0.0,26.3,47.6,14.1,-0.0,-0.0,-0.0,14.1,14.1,33.0,0.0,-0.0,-0.0,-0.0,-0.0,0.0,10.6,0.0,-0.0,0.0,-0.0,-0.0,-0.0,6.9,0.0,-0.0,-0.0,-0.0,-0.0,0.0,6.9
JVASP-9139,29.1,4.7,4.7,-0.0,0.0,0.0,4.7,29.1,4.7,0.0,0.0,0.0,4.7,4.7,29.1,-0.0,0.0,0.0,-0.0,0.0,-0.0,6.4,-0.0,0.0,0.0,0.0,0.0,-0.0,6.4,0.0,-0.0,0.0,0.0,-0.0,0.0,6.4
JVASP-139531,48.6,6.0,7.5,-1.4,-0.3,-1.9,6.0,22.0,14.4,-1.6,-0.6,3.6,7.5,14.4,19.3,0.9,2.7,4.3,-1.4,-1.6,0.9,2.1,4.6,1.6,-0.3,-0.6,2.7,4.6,12.3,2.7,-1.9,3.6,4.3,1.6,2.7,9.4
JVASP-139533,116.3,-9.1,-3.8,-0.0,0.0,-0.0,-9.1,520.7,82.5,0.0,-0.0,-0.0,-3.8,82.5,145.4,-0.0,0.0,0.0,-0.0,0.0,-0.0,-9.7,-0.0,0.0,-0.0,-0.0,0.0,-0.0,-34.5,0.0,-0.0,-0.0,0.0,0.0,0.0,-18.7
JVASP-139536,59.5,5.7,40.4,-0.4,8.6,0.5,5.7,34.5,10.7,1.9,-4.5,0.2,40.4,10.7,51.9,-3.4,4.0,-1.2,-0.4,1.9,-3.4,2.4,1.3,-0.3,8.6,-4.5,4.0,1.3,12.8,-4.0,0.5,0.2,-1.2,-0.3,-4.0,9.9
JVASP-137024,23.2,7.2,9.2,0.4,-2.1,-0.4,7.2,11.8,14.8,-0.6,-0.3,-0.1,9.2,14.8,19.5,-1.1,-1.9,-0.6,0.4,-0.6,-1.1,6.3,-0.3,-0.8,-2.1,-0.3,-1.9,-0.3,16.3,-1.4,-0.4,-0.1,-0.6,-0.8,-1.4,8.3
JVASP-149663,15.8,12.9,12.3,-0.0,18.2,-0.0,12.9,20.3,-12.7,-0.0,-6.6,-0.0,12.3,-12.7,-94.0,-0.0,51.3,-0.0,-0.0,-0.0,-0.0,-9.8,-0.0,10.1,18.2,-6.6,51.3,-0.0,13.1,-0.0,-0.0,-0.0,-0.0,10.1,-0.0,-33.3
JVASP-151067,28.5,11.4,5.2,0.0,3.5,-0.0,11.4,22.4,12.6,-0.0,-5.6,0.0,5.2,12.6,21.9,-0.0,-5.8,0.0,-0.0,-0.0,0.0,12.4,-0.0,1.1,3.5,-5.6,-5.8,-0.0,13.7,0.0,0.0,-0.0,-0.0,1.1,0.0,5.8
JVASP-154841,19.1,8.8,13.1,-0.0,-0.0,-0.0,8.8,19.0,5.8,-0.0,-0.0,-0.0,13.1,5.8,21.1,0.0,0.0,-0.0,-0.0,-0.0,0.0,6.6,-0.0,0.0,-0.0,-0.0,-0.0,0.0,10.2,0.0,-0.0,-0.0,0.0,0.0,0.0,7.1
JVASP-120377,70.1,103.1,6.5,-0.0,-0.0,0.0,103.1,70.1,6.5,0.0,0.0,0.0,6.5,6.5,114.6,0.0,0.0,0.0,0.0,0.0,0.0,-16.5,0.0,0.0,0.0,0.0,0.0,0.0,22.1,0.0,0.0,0.0,0.0,0.0,0.0,22.1
JVASP-120380,185.1,25.3,37.3,0.0,0.0,0.0,25.3,84.3,59.0,0.0,-0.0,-0.0,37.3,59.0,102.4,0.0,-0.0,-0.0,0.0,0.0,0.0,24.9,0.0,0.0,0.0,-0.0,-0.0,0.0,-14.4,-0.0,0.0,-0.0,-0.0,0.0,-0.0,35.8
JVASP-120381,129.9,47.5,27.2,-0.0,-2.4,-0.0,47.5,95.8,25.6,-0.0,-1.2,-0.0,27.2,25.6,21.8,-0.0,-2.5,-0.0,-0.0,-0.0,-0.0,10.5,-0.0,-0.9,-2.4,-1.2,-2.5,-0.0,-12.3,-0.0,-0.0,-0.0,-0.0,-0.9,-0.0,39.5
JVASP-120382,77.4,126.8,34.2,-0.0,0.0,-0.0,126.8,77.4,34.2,0.0,0.0,0.0,34.2,34.2,167.1,-0.0,-0.0,0.0,-0.0,-0.0,-0.0,-24.7,-0.0,0.0,0.0,-0.0,-0.0,0.0,15.0,0.0,-0.0,0.0,0.0,0.0,0.0,15.0
JVASP-5596,61.4,8.0,5.9,0.0,0.4,0.0,8.0,18.5,6.9,0.0,-2.1,0.0,5.9,6.9,19.6,0.0,0.2,0.0,0.0,0.0,0.0,4.3,0.0,-0.6,0.4,-2.1,0.2,0.0,4.6,0.0,0.0,0.0,0.0,-0.6,0.0,4.9
JVASP-4346,17.4,7.9,8.5,0.0,0.0,0.0,7.9,18.2,6.3,0.0,0.0,0.0,8.5,6.3,20.5,0.0,0.0,0.0,0.0,0.0,0.0,3.4,0.0,0.0,0.0,0.0,0.0,0.0,5.6,0.0,0.0,0.0,0.0,0.0,0.0,10.3
JVASP-4531,23.1,8.4,7.9,0.0,2.9,0.0,8.4,29.0,7.7,0.0,-4.1,0.0,7.9,7.7,30.6,0.0,-1.8,0.0,0.0,0.0,0.0,9.9,0.0,2.9,2.9,-4.1,-1.8,0.0,9.3,0.0,0.0,0.0,0.0,2.9,0.0,8.1
JVASP-9170,27.2,6.7,6.8,-0.0,-1.9,0.0,6.7,25.4,4.4,-0.0,0.6,-0.0,6.8,4.4,25.1,0.0,0.5,-0.0,-0.0,0.0,-0.0,8.9,-0.0,-1.7,-1.9,0.6,0.5,-0.0,5.1,0.0,0.0,-0.0,-0.0,-1.7,0.0,7.1
JVASP-137189,96.5,37.5,29.9,0.0,18.9,-0.0,37.5,76.4,40.0,0.0,0.0,-0.0,29.9,40.0,28.9,0.0,-11.4,-0.0,0.0,0.0,0.0,8.9,-0.0,64.9,18.9,0.0,-11.4,-0.0,16.3,0.0,-0.0,-0.0,-0.0,64.9,0.0,-62.1
JVASP-102668,73.7,35.9,46.8,-0.0,0.0,0.0,35.9,73.6,51.0,0.0,-0.0,-0.0,46.8,51.0,111.6,-0.0,-0.0,0.0,-0.0,0.0,-0.0,24.1,-0.0,0.0,0.0,-0.0,0.0,-0.0,9.3,0.0,0.0,-0.0,0.0,0.0,0.0,16.5
JVASP-9156,83.6,8.9,26.3,0.0,-9.9,0.0,8.9,40.4,10.2,0.0,7.1,0.0,26.3,10.2,42.4,-0.0,0.0,0.0,0.0,0.0,-0.0,10.6,-0.0,-7.3,-9.9,7.1,0.0,-0.0,16.1,0.0,0.0,0.0,0.0,-7.3,0.0,35.1
JVASP-8215,87.5,21.2,23.1,0.0,12.9,0.0,21.2,87.5,23.1,-0.0,-12.9,-0.0,23.1,23.1,34.0,-0.0,0.0,-0.0,0.0,-0.0,-0.0,33.1,0.0,12.9,12.9,-12.9,0.0,0.0,24.3,0.0,0.0,-0.0,-0.0,12.9,0.0,24.3
JVASP-12181,31.7,4.5,12.3,0.0,-1.7,0.0,4.5,27.5,21.2,0.0,0.8,0.0,12.3,21.2,81.0,0.0,1.3,0.0,0.0,0.0,0.0,4.2,-0.0,-1.7,-1.7,0.8,1.3,-0.0,26.6,0.0,-0.0,0.0,-0.0,-1.7,0.0,11.8
JVASP-137192,62.6,25.6,11.2,0.0,0.0,0.0,25.6,24.0,20.1,0.0,-0.0,-0.0,11.2,20.1,121.9,0.0,0.0,0.0,0.0,0.0,0.0,-9.3,0.0,-0.0,0.0,-0.0,0.0,0.0,-7.1,-0.0,0.0,-0.0,0.0,-0.0,-0.0,11.9
JVASP-137195,223.8,7.8,13.5,0.0,-0.0,-0.0,7.8,223.8,13.5,0.0,-0.0,-0.0,13.5,13.5,251.7,0.0,0.0,0.0,0.0,0.0,0.0,19.8,0.0,0.0,-0.0,-0.0,0.0,0.0,17.8,-0.0,-0.0,-0.0,0.0,0.0,-0.0,17.8
JVASP-137199,39.8,25.2,-45.6,0.0,0.0,-0.0,25.2,39.8,-45.6,-0.0,0.0,-0.0,-45.6,-45.6,35.5,0.0,0.0,-0.0,0.0,-0.0,0.0,50.8,0.0,0.0,0.0,0.0,0.0,0.0,4.2,0.0,-0.0,-0.0,-0.0,0.0,0.0,4.2
JVASP-137200,73.5,21.0,31.7,-0.0,3.6,0.0,21.0,36.7,12.3,-0.0,0.8,0.0,31.7,12.3,26.1,-0.0,8.6,-0.0,-0.0,-0.0,-0.0,8.3,0.0,6.8,3.6,0.8,8.6,0.0,-9.3,0.0,0.0,0.0,-0.0,6.8,0.0,26.0
JVASP-137201,43.5,36.0,5.4,0.5,7.2,0.6,36.0,61.6,13.9,-1.4,-0.1,0.2,5.4,13.9,41.7,-0.7,-11.0,-3.9,0.5,-1.4,-0.7,18.5,-0.1,-1.1,7.2,-0.1,-11.0,-0.1,11.4,0.3,0.6,0.2,-3.9,-1.1,0.3,0.8
JVASP-5362,14.2,9.0,10.7,0.0,0.0,0.0,9.0,19.6,8.3,0.0,0.0,0.0,10.7,8.3,16.4,0.0,0.0,0.0,0.0,0.0,0.0,7.5,0.0,0.0,0.0,0.0,0.0,0.0,9.6,0.0,0.0,0.0,0.0,0.0,0.0,8.1
JVASP-5833,18.9,10.8,12.7,0.0,-0.6,0.0,10.8,26.4,8.8,0.0,2.4,0.0,12.7,8.8,19.2,0.0,0.9,0.0,0.0,0.0,0.0,10.7,0.0,-0.9,-0.6,2.4,0.9,0.0,10.1,0.0,0.0,0.0,0.0,-0.9,0.0,10.7
JVASP-9158,22.3,9.8,12.4,0.0,-1.8,-0.0,9.8,21.7,12.1,-0.0,1.4,-0.0,12.4,12.1,24.2,0.0,1.4,-0.0,-0.0,-0.0,-0.0,9.0,0.0,-0.8,-1.8,1.4,1.4,0.0,12.3,0.0,-0.0,-0.0,-0.0,-0.8,0.0,12.2
JVASP-139725,200.5,6.9,17.5,-0.0,23.2,0.0,6.9,108.9,76.1,-0.0,23.7,0.0,17.5,76.1,128.0,-0.0,25.9,0.0,-0.0,-0.0,-0.0,21.3,-0.0,2.6,23.2,23.7,25.9,-0.0,20.3,0.0,0.0,0.0,0.0,2.6,0.0,23.1
JVASP-139726,170.9,18.3,5.6,0.0,0.0,0.0,18.3,170.9,5.6,0.0,0.0,0.0,5.6,5.6,39.6,0.0,0.0,0.0,0.0,0.0,0.0,41.6,0.0,0.0,0.0,0.0,0.0,0.0,2.0,0.0,0.0,0.0,0.0,0.0,0.0,2.0
JVASP-139727,95.8,-1.6,-1.8,-0.0,-0.0,0.0,-1.6,25.2,-0.5,0.0,0.0,-0.0,-1.8,-0.5,25.7,0.0,-0.0,0.0,-0.0,0.0,0.0,-2.2,0.0,-0.0,0.0,-0.0,-0.0,0.0,-2.1,-0.0,0.0,-0.0,0.0,-0.0,-0.0,-1.8
JVASP-139730,76.2,-14.3,-0.1,-0.0,1.5,0.0,-14.3,36.7,15.0,0.0,2.0,-0.0,-0.1,15.0,60.4,-0.0,15.0,0.0,-0.0,0.0,-0.0,-3.5,0.0,3.7,1.5,2.0,15.0,0.0,15.1,-0.0,0.0,-0.0,0.0,3.7,-0.0,3.7
JVASP-139732,43.7,17.4,0.3,0.0,-0.0,-0.0,17.4,54.8,3.9,0.0,-0.0,-0.0,0.3,3.9,27.3,0.0,-0.0,-0.0,0.0,0.0,0.0,9.0,0.0,-0.0,-0.0,-0.0,-0.0,0.0,3.1,-0.0,-0.0,-0.0,-0.0,-0.0,-0.0,-3.2
JVASP-139734,141.6,39.4,73.2,-0.0,-14.2,0.0,39.4,63.2,34.6,0.0,-6.1,-0.0,73.2,34.6,109.9,0.0,-35.6,-0.0,-0.0,0.0,0.0,11.9,0.0,-12.9,-14.2,-6.1,-35.6,0.0,6.2,-0.0,0.0,-0.0,-0.0,-12.9,-0.0,42.4
JVASP-139735,137.4,41.3,75.6,-0.0,-13.2,0.0,41.3,62.2,33.7,0.0,-6.2,-0.0,75.6,33.7,109.3,0.0,-37.2,-0.0,-0.0,0.0,0.0,9.5,0.0,-12.4,-13.2,-6.2,-37.2,0.0,3.4,-0.0,0.0,-0.0,-0.0,-12.4,-0.0,43.1
JVASP-139736,48.0,30.3,3.9,1.5,6.8,-0.2,30.3,51.2,9.6,1.0,-1.6,-0.3,3.9,9.6,43.4,0.2,-8.1,0.2,1.5,1.0,0.2,10.6,-0.1,1.8,6.8,-1.6,-8.1,-0.1,11.6,0.1,-0.2,-0.3,0.2,1.8,0.1,2.4
JVASP-4361,58.8,18.0,1.2,0.0,-2.1,0.0,18.0,42.3,13.2,0.0,-3.0,0.0,1.2,13.2,25.7,0.0,-1.5,0.0,0.0,0.0,0.0,19.3,0.0,1.9,-2.1,-3.0,-1.5,0.0,11.9,0.0,0.0,0.0,0.0,1.9,0.0,7.8
JVASP-29240,160.6,41.0,24.9,0.0,0.0,0.0,41.0,57.5,18.7,0.0,-0.0,-0.0,24.9,18.7,39.8,0.0,-0.0,-0.0,0.0,0.0,0.0,8.1,0.0,-0.0,0.0,-0.0,-0.0,0.0,25.5,-0.0,0.0,-0.0,-0.0,-0.0,-0.0,8.3
JVASP-138128,173.5,231.9,0.4,0.0,0.0,-0.0,231.9,173.5,0.4,0.0,-0.0,-0.0,0.4,0.4,143.7,-0.0,-0.0,-0.0,0.0,0.0,-0.0,-29.2,0.0,0.0,0.0,0.0,-0.0,0.0,15.9,0.0,0.0,0.0,-0.0,0.0,0.0,15.9
JVASP-135676,172.7,-0.5,50.6,-0.0,1.8,-0.0,-0.5,153.8,-3.0,-0.0,0.3,-0.0,50.6,-3.0,58.1,-0.0,1.8,-0.0,-0.0,-0.0,-0.0,25.7,0.0,0.8,1.8,0.3,1.8,0.0,4.6,0.0,-0.0,-0.0,-0.0,0.8,0.0,31.4
JVASP-135677,176.3,44.3,25.1,0.4,0.8,11.0,44.3,55.0,13.2,-3.6,-1.9,-2.8,25.1,13.2,160.3,3.7,27.8,10.2,0.4,-3.6,3.7,24.4,-0.2,4.3,0.8,-1.9,27.8,-0.2,15.9,2.0,11.0,-2.8,10.2,4.3,2.0,40.9
JVASP-101741,76.3,24.3,22.1,0.0,12.0,0.0,24.3,76.3,22.1,0.0,-12.0,0.0,22.1,22.1,34.7,0.0,0.0,0.0,0.0,0.0,0.0,26.0,0.0,12.0,12.0,-12.0,0.0,0.0,19.3,0.0,0.0,0.0,0.0,12.0,0.0,19.3
JVASP-15721,76.0,23.8,24.7,0.0,16.2,0.0,23.8,76.0,24.7,-0.0,-16.2,-0.0,24.7,24.7,38.3,0.0,0.0,0.0,0.0,-0.0,0.0,26.1,0.0,16.2,16.2,-16.2,0.0,0.0,30.7,0.0,0.0,-0.0,0.0,16.2,0.0,30.7
JVASP-106749,104.7,24.8,24.8,-0.0,0.0,0.0,24.8,119.2,5.4,-0.0,-0.0,-0.0,24.8,5.4,119.2,0.0,0.0,0.0,-0.0,-0.0,0.0,6.5,0.0,0.0,0.0,-0.0,0.0,0.0,6.3,0.0,0.0,-0.0,0.0,0.0,0.0,6.5
JVASP-10173,72.2,21.3,23.4,-0.0,14.3,-0.0,21.3,72.2,23.4,0.0,-14.3,0.0,23.4,23.4,37.7,0.0,0.0,0.0,-0.0,0.0,0.0,25.4,-0.0,14.3,14.3,-14.3,0.0,-0.0,27.8,-0.0,-0.0,0.0,0.0,14.3,-0.0,27.8
JVASP-18993,74.9,22.8,15.9,-0.0,0.0,0.0,22.8,47.2,16.2,-0.0,0.0,-0.0,15.9,16.2,28.3,0.0,-0.0,-0.0,-0.0,-0.0,0.0,22.1,0.0,0.0,0.0,0.0,-0.0,0.0,16.2,-0.0,0.0,-0.0,-0.0,0.0,-0.0,3.0
JVASP-1100,74.9,22.8,15.9,0.0,0.0,0.0,22.8,47.2,16.2,0.0,0.0,0.0,15.9,16.2,28.3,0.0,0.0,0.0,0.0,0.0,0.0,22.1,0.0,0.0,0.0,0.0,0.0,0.0,16.2,0.0,0.0,0.0,0.0,0.0,0.0,3.0
JVASP-8396,13.8,15.3,9.1,-0.0,0.0,0.0,15.3,13.8,9.1,-0.0,0.0,-0.0,9.1,9.1,23.6,-0.0,0.0,-0.0,-0.0,-0.0,-0.0,9.4,-0.0,0.0,0.0,0.0,0.0,-0.0,-25.8,-0.0,0.0,-0.0,0.0,0.0,0.0,-25.8
JVASP-4285,90.7,25.4,17.3,0.0,0.0,0.0,25.4,49.6,15.0,0.0,0.0,0.0,17.3,15.0,33.7,0.0,0.0,0.0,0.0,0.0,0.0,29.6,0.0,0.0,0.0,0.0,0.0,0.0,14.8,0.0,0.0,0.0,0.0,0.0,0.0,6.2
JVASP-16913,14.27603632309507,34.91078809046836,55.6806131091094,3.437801465215827,26.43585838403196,68.89105859049164,3.675574579762525,20.801367677168756,62.93160746264972,5.7787897945706845,3.44406403341938,86.11281036560177,14.281821545844508,3.668603560356644,78.87521379645983,5.769746254861076,40.309542090403895,86.1122172745618,14.270974934906064,34.914130983522185,78.87468433747887,26.439718174655823,61.344239010224584,97.02004878595977,20.805345406453725,55.682335391990165,88.26010126769245,40.30746312273986,68.88964234908153,0.004382333133236216,34.912041677649555,62.93025920151784,5.773966386869688,40.30621574194163,61.3424608577306,8.531075273105046
JVASP-18991,38.3,19.8,9.9,0.0,0.0,-0.0,19.8,93.4,-1.7,0.0,-0.0,0.0,9.9,-1.7,112.6,0.0,0.0,-0.0,0.0,0.0,0.0,16.8,0.0,-0.0,0.0,-0.0,0.0,0.0,31.5,0.0,-0.0,0.0,0.0,-0.0,0.0,29.4
JVASP-14096,38.3,19.7,9.9,0.0,-0.0,0.0,19.7,93.4,-1.7,-0.0,0.0,-0.0,9.9,-1.7,112.7,0.0,0.0,-0.0,0.0,-0.0,0.0,16.7,0.0,-0.0,0.0,0.0,0.0,0.0,31.6,-0.0,-0.0,-0.0,-0.0,-0.0,-0.0,29.3
JVASP-9105,181.6,58.5,62.5,0.0,4.9,0.0,58.5,114.6,58.7,0.0,-30.1,0.0,62.5,58.7,280.5,0.0,-7.8,0.0,0.0,0.0,0.0,67.7,0.0,20.4,4.9,-30.1,-7.8,0.0,77.4,-0.0,0.0,0.0,0.0,20.4,-0.0,83.0
JVASP-8394,220.9,96.8,34.5,-0.0,12.0,0.0,96.8,220.9,34.6,0.0,-12.1,-0.0,34.5,34.6,33.4,0.0,-0.0,-0.0,-0.0,0.0,0.0,62.2,0.0,12.1,12.0,-12.1,-0.0,0.0,23.4,-0.0,0.0,-0.0,-0.0,12.1,-0.0,23.3
JVASP-10034,268.2,114.9,75.0,0.0,-0.0,-0.0,114.9,139.0,15.4,0.0,0.0,-0.0,75.0,15.4,220.8,0.0,-0.0,-0.0,0.0,0.0,0.0,95.5,0.0,-0.0,-0.0,0.0,-0.0,0.0,5.7,-0.0,0.0,-0.0,-0.0,-0.0,-0.0,30.6
JVASP-10360,225.9,77.5,55.1,-0.0,0.0,-0.0,77.5,152.8,61.1,0.0,-0.0,-0.0,55.1,61.1,207.9,0.0,0.0,0.0,-0.0,0.0,0.0,30.8,-0.0,0.0,0.0,0.0,0.0,-0.0,19.8,-0.0,-0.0,-0.0,0.0,0.0,-0.0,15.8
JVASP-9642,169.1,26.6,41.7,-0.0,0.0,0.0,26.6,96.2,61.1,-0.0,-0.0,0.0,41.7,61.1,109.0,-0.0,0.0,0.0,-0.0,-0.0,-0.0,22.2,0.0,0.0,0.0,-0.0,0.0,0.0,55.3,0.0,0.0,0.0,0.0,0.0,0.0,43.6
JVASP-9099,210.1,73.1,108.4,-0.0,13.3,0.0,73.1,268.7,82.5,-0.0,-6.4,0.0,108.4,82.5,228.9,-0.0,20.2,0.0,-0.0,-0.0,-0.0,73.2,0.0,29.1,13.3,-6.4,20.2,0.0,59.1,-0.0,0.0,0.0,0.0,29.1,-0.0,141.7
JVASP-9458,169.1,26.7,41.8,0.0,0.0,-0.0,26.7,96.2,61.1,0.0,0.0,-0.0,41.8,61.1,109.0,0.0,-0.0,-0.0,0.0,0.0,0.0,22.2,-0.0,0.0,0.0,-0.0,0.0,-0.0,55.3,-0.0,-0.0,-0.0,-0.0,0.0,-0.0,43.5
JVASP-29490,111.1,19.7,71.6,0.0,0.0,-0.0,19.7,35.0,17.4,0.0,-0.0,-0.0,71.6,17.4,91.7,0.0,-0.0,-0.0,0.0,0.0,0.0,14.6,0.0,-0.0,0.0,0.0,-0.0,0.0,3.3,-0.0,-0.0,-0.0,-0.0,-0.0,-0.0,42.3
JVASP-30687,203.3,11.6,3.3,0.0,-0.1,0.0,11.6,92.3,-0.7,0.0,-0.1,0.0,3.3,-0.7,19.6,0.0,0.0,0.0,0.0,0.0,0.0,41.8,-0.0,-0.0,-0.1,-0.1,0.0,-0.0,-1.0,-0.0,0.0,0.0,0.0,-0.0,-0.0,-4.8
JVASP-25,65.9,17.7,20.4,0.0,11.9,0.0,17.7,65.9,20.4,0.0,-11.9,0.0,20.4,20.4,34.0,0.0,0.0,0.0,0.0,0.0,0.0,24.1,0.0,11.9,11.9,-11.9,0.0,0.0,22.5,0.0,0.0,0.0,0.0,11.9,0.0,22.5
JVASP-5215,71.6,25.4,19.8,0.0,0.0,0.0,25.4,59.3,18.2,0.0,0.0,0.0,19.8,18.2,32.2,0.0,0.0,0.0,0.0,0.0,0.0,24.4,0.0,0.0,0.0,0.0,0.0,0.0,21.1,0.0,0.0,0.0,0.0,0.0,0.0,2.9
JVASP-1067,80.4,23.3,20.7,0.0,10.4,0.0,23.3,80.4,20.7,0.0,-10.4,0.0,20.7,20.7,35.9,0.0,0.0,0.0,0.0,0.0,0.0,28.6,0.0,10.4,10.4,-10.4,0.0,0.0,20.2,0.0,0.0,0.0,0.0,10.4,0.0,20.2
JVASP-5410,73.7,27.5,24.2,0.0,11.3,0.0,27.5,73.7,24.2,0.0,-11.3,0.0,24.2,24.2,37.3,0.0,0.0,0.0,0.0,0.0,0.0,23.1,0.0,11.3,11.3,-11.3,0.0,0.0,22.1,0.0,0.0,0.0,0.0,11.3,0.0,22.1
JVASP-136067,8.3,35.4,15.7,-0.0,8.1,-0.0,35.4,19.6,23.3,0.0,12.9,-0.0,15.7,23.3,4.1,-0.0,6.5,-0.0,-0.0,0.0,-0.0,6.2,-0.0,-5.2,8.1,12.9,6.5,-0.0,8.3,0.0,-0.0,-0.0,-0.0,-5.2,0.0,-7.4
JVASP-15834,49.2,28.8,11.9,-0.0,-3.3,0.0,28.8,96.8,41.1,-0.0,-4.0,0.0,11.9,41.1,40.9,0.0,12.1,-0.0,-0.0,-0.0,0.0,15.7,-0.0,-3.4,-3.3,-4.0,12.1,-0.0,12.3,-0.0,0.0,0.0,0.0,-3.4,0.0,-0.3
JVASP-30460,78.8,35.9,13.7,0.0,-1.4,0.0,35.9,101.0,19.6,0.0,-3.1,-0.0,13.7,19.6,43.2,0.0,-6.9,-0.0,0.0,0.0,0.0,29.7,0.0,6.1,-1.4,-3.1,-6.9,0.0,24.7,-0.0,0.0,-0.0,-0.0,6.1,-0.0,7.6
JVASP-138273,-813.4,997.9,1131.3,-0.0,697.8,0.0,997.9,-1001.5,-1140.2,0.0,-790.7,-0.0,1131.3,-1140.2,-1328.8,0.0,-901.1,-0.0,-0.0,0.0,0.0,-13.7,0.0,12.4,697.8,-790.7,-901.1,0.0,-562.3,-0.0,0.0,-0.0,-0.0,12.4,-0.0,-5.5
JVASP-138274,31.3,7.1,46.2,0.0,-0.0,-0.0,7.1,31.3,46.2,0.0,-0.0,-0.0,46.2,46.2,139.5,0.0,0.0,0.0,0.0,0.0,0.0,3.7,0.0,0.0,-0.0,-0.0,0.0,0.0,3.5,-0.0,-0.0,-0.0,0.0,0.0,-0.0,3.5
JVASP-138276,47.4,30.8,18.5,0.0,0.8,-0.0,30.8,70.5,15.5,0.9,4.1,-0.2,18.5,15.5,24.1,-0.1,-2.2,0.0,0.0,0.9,-0.1,5.2,-0.0,1.2,0.8,4.1,-2.2,-0.0,8.8,-0.0,-0.0,-0.2,0.0,1.2,-0.0,12.7
JVASP-1225,88.6,60.1,32.5,0.0,-2.2,0.0,60.1,111.8,59.3,0.0,-10.0,0.0,32.5,59.3,152.0,0.0,-11.0,0.0,0.0,0.0,0.0,45.2,0.0,-7.9,-2.2,-10.0,-11.0,0.0,35.2,0.0,0.0,0.0,0.0,-7.9,0.0,30.6
JVASP-12066,108.5,109.1,67.6,0.0,-0.0,-0.0,109.1,108.5,67.6,-0.0,0.0,-0.0,67.6,67.6,36.0,-0.0,-0.0,-0.0,0.0,-0.0,-0.0,-0.3,-0.0,-0.0,-0.0,0.0,-0.0,-0.0,27.7,0.0,-0.0,-0.0,-0.0,-0.0,-0.0,27.7
JVASP-18476,93.2,107.3,66.5,-0.0,15.3,0.0,107.3,93.2,66.5,0.0,-15.3,-0.0,66.5,66.5,58.0,0.0,-0.0,-0.0,-0.0,0.0,0.0,-7.0,0.0,15.3,15.3,-15.3,-0.0,0.0,-35.0,-0.0,0.0,-0.0,-0.0,15.3,-0.0,-35.0
JVASP-15829,213.8,104.1,92.9,0.0,49.7,-0.0,104.1,214.9,93.2,0.0,-49.9,-0.0,92.9,93.2,128.8,-0.0,-0.1,0.0,0.0,0.0,-0.0,55.0,0.0,49.8,49.7,-49.9,-0.1,0.0,63.3,0.0,-0.0,-0.0,0.0,49.8,0.0,63.1
JVASP-18881,254.1,89.4,89.4,-0.0,0.0,0.0,89.4,254.1,89.4,-0.0,-0.0,0.0,89.4,89.4,254.1,-0.0,-0.0,0.0,-0.0,-0.0,-0.0,33.7,-0.0,-0.0,0.0,-0.0,-0.0,-0.0,33.7,-0.0,0.0,0.0,0.0,-0.0,-0.0,33.7
JVASP-8363,108.5,109.1,67.6,0.0,-0.0,0.0,109.1,108.5,67.6,0.0,0.0,-0.0,67.6,67.6,36.0,0.0,-0.0,-0.0,0.0,0.0,0.0,-0.3,-0.0,0.0,-0.0,0.0,-0.0,-0.0,27.7,-0.0,0.0,-0.0,-0.0,0.0,0.0,27.7
JVASP-52600,153.0,100.9,56.0,1.5,-5.4,-0.5,100.9,104.3,34.9,0.3,-5.9,-0.1,56.0,34.9,122.6,1.7,-6.9,-0.6,1.5,0.3,1.7,4.8,0.0,-3.2,-5.4,-5.9,-6.9,0.0,15.9,-0.9,-0.5,-0.1,-0.6,-3.2,-0.9,16.7
JVASP-36671,135.7,100.3,65.0,0.0,0.0,-0.0,100.3,135.7,65.0,0.0,-0.0,-0.0,65.0,65.0,162.7,0.0,-0.0,-0.0,0.0,0.0,0.0,51.0,0.0,0.0,0.0,-0.0,-0.0,0.0,-9.8,-0.0,-0.0,-0.0,-0.0,0.0,-0.0,-9.8
JVASP-36672,185.8,118.7,94.2,-0.0,22.8,-0.0,118.7,185.8,94.2,0.0,-22.8,0.0,94.2,94.2,143.3,-0.0,0.0,0.0,-0.0,0.0,-0.0,33.6,0.0,22.8,22.8,-22.8,0.0,0.0,51.0,0.0,-0.0,0.0,0.0,22.8,0.0,51.0
JVASP-9644,121.3,1.4,1.0,0.0,-1.2,-0.0,1.4,37.5,22.3,0.0,12.6,-0.0,1.0,22.3,46.6,0.0,14.1,0.0,0.0,0.0,0.0,17.9,0.0,3.3,-1.2,12.6,14.1,-0.0,14.3,-0.0,-0.0,-0.0,0.0,3.3,-0.0,19.0
JVASP-9647,117.4,29.5,26.7,0.0,-4.5,0.0,29.5,109.4,24.7,-0.0,6.2,0.0,26.7,24.7,107.7,0.0,-8.9,0.0,0.0,-0.0,0.0,28.5,0.0,-6.6,-4.5,6.2,-8.9,0.0,20.2,-0.0,0.0,0.0,0.0,-6.6,-0.0,24.4
JVASP-30727,214.1,104.0,93.2,-0.0,49.8,-0.0,104.0,214.6,92.8,-0.0,-49.8,-0.0,93.2,92.8,128.8,-0.0,0.0,0.0,-0.0,-0.0,-0.0,55.0,-0.0,49.8,49.8,-49.8,0.0,-0.0,63.1,0.0,-0.0,-0.0,0.0,49.8,0.0,63.4
JVASP-53341,149.6,97.0,56.2,-0.0,-0.1,-0.0,97.0,103.4,26.2,-0.0,-9.0,-0.0,56.2,26.2,118.9,-0.0,-5.0,0.0,-0.0,-0.0,-0.0,-7.4,0.0,-2.2,-0.1,-9.0,-5.0,0.0,21.5,-0.0,-0.0,-0.0,0.0,-2.2,-0.0,17.2
JVASP-24934,148.8,65.8,66.1,0.0,-4.5,0.0,65.8,174.4,66.0,-0.0,23.1,0.0,66.1,66.0,127.5,-0.0,25.7,-0.0,-0.0,-0.0,0.0,42.2,-0.0,8.8,-4.5,23.1,25.7,-0.0,56.2,0.0,0.0,0.0,0.0,8.8,0.0,61.9
JVASP-120893,-3.0,-0.1,1.0,0.0,0.0,0.0,-0.1,-3.0,1.0,0.0,0.0,0.0,1.0,1.0,4.2,0.0,-0.0,0.0,0.0,0.0,0.0,0.5,0.0,0.0,0.0,0.0,-0.0,0.0,-3.6,0.0,0.0,0.0,0.0,0.0,0.0,-3.6
JVASP-120894,69.8,3.4,-6.2,-0.0,1.0,0.0,3.4,37.7,-4.9,0.0,-6.0,-0.0,-6.2,-4.9,-75.1,-0.0,-1.9,0.0,-0.0,0.0,-0.0,-26.1,0.0,0.3,1.0,-6.0,-1.9,0.0,-13.1,-0.0,0.0,-0.0,0.0,0.3,-0.0,3.1
JVASP-120896,232.7,162.5,4.1,0.0,-0.0,0.0,162.5,232.7,4.1,0.0,0.0,0.0,4.1,4.1,127.1,0.0,0.0,-0.0,0.0,0.0,0.0,83.2,0.0,0.0,-0.0,0.0,0.0,0.0,5.7,0.0,0.0,0.0,-0.0,0.0,0.0,5.7
JVASP-120897,100.5,92.7,41.4,0.0,0.0,-0.0,92.7,100.5,41.4,0.0,0.0,-0.0,41.4,41.4,67.6,0.0,0.0,-0.0,0.0,0.0,0.0,26.8,0.0,0.0,0.0,0.0,0.0,0.0,-18.7,-0.0,-0.0,-0.0,-0.0,0.0,-0.0,-18.7
JVASP-120000,152.2,88.0,34.3,-0.0,4.1,0.3,88.0,214.9,39.2,0.2,14.8,0.0,34.3,39.2,133.3,-0.4,-1.9,0.5,-0.0,0.2,-0.4,41.2,-0.0,-3.8,4.1,14.8,-1.9,-0.0,35.2,-0.3,0.3,0.0,0.5,-3.8,-0.3,28.5
JVASP-120895,89.5,62.0,53.2,-3.4,-21.1,-1.6,62.0,90.6,63.4,-8.5,-19.0,-2.7,53.2,63.4,76.9,-6.7,-10.8,-4.1,-3.4,-8.5,-6.7,21.7,-1.5,-9.7,-21.1,-19.0,-10.8,-1.5,27.7,-2.2,-1.6,-2.7,-4.1,-9.7,-2.2,17.2
JVASP-120898,97.8,-5.2,15.2,-0.0,0.0,0.0,-5.2,198.7,151.1,0.0,-0.0,0.0,15.2,151.1,286.8,0.0,0.0,0.0,-0.0,0.0,0.0,-5.2,-0.0,0.0,0.0,-0.0,0.0,-0.0,37.2,0.0,0.0,0.0,0.0,0.0,0.0,0.6
JVASP-154728,97.4,35.6,11.2,-0.0,0.0,-2.3,35.6,97.4,11.2,0.0,-0.0,2.3,11.2,11.2,110.1,0.0,0.0,0.0,-0.0,0.0,0.0,30.9,2.3,-0.0,0.0,-0.0,-0.0,2.3,31.5,0.0,-2.3,2.3,0.0,-0.0,0.0,31.5
JVASP-154813,30.6,19.8,21.7,-0.0,0.0,-0.0,19.8,103.4,47.8,0.0,0.0,0.0,21.7,47.8,110.6,-0.0,0.0,-0.0,0.0,0.0,-0.0,12.8,0.0,-0.0,0.0,0.0,0.0,0.0,39.3,-0.0,-0.0,0.0,-0.0,0.0,-0.0,41.7
JVASP-100334,34.6,11.1,23.1,0.9,9.8,0.2,11.1,31.3,25.3,0.1,-9.6,-0.5,23.1,25.3,72.3,-0.5,-2.4,-1.0,0.9,0.1,-0.5,12.7,0.8,12.5,9.8,-9.6,-2.4,0.8,27.5,0.7,0.2,-0.5,-1.0,12.5,0.7,31.0
JVASP-23439,88.4,23.0,48.7,-0.0,-0.0,0.0,23.0,192.3,84.7,-0.0,-0.0,0.0,48.7,84.7,183.5,-0.0,-0.0,-0.0,-0.0,-0.0,-0.0,17.4,0.0,-0.0,-0.0,-0.0,-0.0,0.0,49.5,0.0,0.0,-0.0,-0.0,0.0,0.0,53.8
JVASP-94309,317.6,5.7,139.9,-0.0,-0.0,0.0,5.7,62.7,52.9,0.0,-0.0,0.0,139.9,52.9,304.1,0.0,-0.0,0.0,-0.0,0.0,0.0,-92.3,0.0,0.0,-0.0,-0.0,-0.0,0.0,56.5,0.0,0.0,0.0,0.0,0.0,0.0,102.4
JVASP-18990,50.0,39.7,31.7,-0.0,0.0,0.0,39.7,97.3,27.6,-0.0,0.0,0.0,31.7,27.6,51.0,0.0,-0.0,-0.0,-0.0,-0.0,-0.0,45.7,0.0,0.0,0.0,0.0,0.0,-0.0,30.9,-0.0,0.0,0.0,-0.0,0.0,0.0,19.9
JVASP-8307,80.2,120.9,7.7,0.0,0.0,-0.0,120.9,80.2,7.7,-0.0,-0.0,-0.0,7.7,7.7,31.4,0.0,0.0,0.0,0.0,-0.0,0.0,-20.3,0.0,-0.0,0.0,0.0,0.0,0.0,5.4,-0.0,-0.0,-0.0,0.0,-0.0,-0.0,5.4
JVASP-12065,80.3,120.8,7.6,-0.0,-0.0,-0.0,120.8,80.3,7.6,0.0,-0.0,0.0,7.6,7.6,31.8,0.0,-0.0,0.0,-0.0,0.0,0.0,-20.2,-0.0,0.0,-0.0,0.0,-0.0,-0.0,5.4,-0.0,-0.0,0.0,0.0,-0.0,-0.0,5.4
JVASP-30615,80.3,120.8,7.7,0.0,-0.0,-0.0,120.8,80.3,7.7,-0.0,0.0,0.0,7.7,7.7,31.2,-0.0,-0.0,0.0,0.0,-0.0,-0.0,-20.2,0.0,0.0,-0.0,-0.0,-0.0,0.0,5.4,-0.0,-0.0,0.0,0.0,0.0,-0.0,5.4
JVASP-30621,56.0,107.1,-5.2,0.0,-0.0,0.0,107.1,56.0,-5.2,-0.0,-0.0,0.0,-5.2,-5.2,23.1,-0.0,-0.0,-0.0,0.0,-0.0,-0.0,-25.6,0.0,-0.0,-0.0,-0.0,-0.0,0.0,7.8,0.0,0.0,-0.0,-0.0,-0.0,0.0,7.8
JVASP-4391,167.1,136.4,124.3,0.0,0.0,0.0,136.4,167.1,124.3,0.0,0.0,0.0,124.3,124.3,255.5,0.0,0.0,0.0,0.0,0.0,0.0,121.2,0.0,0.0,0.0,0.0,0.0,0.0,47.6,0.0,0.0,0.0,0.0,0.0,0.0,47.6
JVASP-10889,125.5,64.8,15.0,0.0,12.1,0.0,64.8,170.5,9.3,0.0,11.4,0.0,15.0,9.3,71.3,0.0,14.5,0.0,0.0,0.0,0.0,102.5,0.0,15.0,12.1,11.4,14.5,0.0,21.2,-0.0,-0.0,0.0,0.0,15.0,-0.0,28.6
JVASP-9161,56.5,48.9,23.1,0.0,-0.0,-0.0,48.9,56.5,23.1,0.0,-0.0,0.0,23.1,23.1,114.7,-0.0,0.0,-0.0,-0.0,0.0,-0.0,72.6,0.0,0.0,-0.0,-0.0,-0.0,0.0,29.0,-0.0,-0.0,0.0,-0.0,0.0,-0.0,29.0
JVASP-9247,193.4,111.0,-39.5,-0.0,0.0,0.0,111.0,243.7,-17.5,-0.0,0.0,-0.0,-39.5,-17.5,413.6,-0.0,0.0,0.0,-0.0,-0.0,-0.0,216.6,-0.0,0.0,0.0,0.0,0.0,-0.0,43.8,-0.0,0.0,-0.0,-0.0,0.0,-0.0,55.9
JVASP-20635,167.1,136.5,124.3,0.0,-0.0,-0.0,136.5,167.1,124.3,0.0,0.0,-0.0,124.3,124.3,255.6,-0.0,-0.0,0.0,0.0,0.0,-0.0,121.2,-0.0,-0.0,-0.0,0.0,-0.0,-0.0,47.6,0.0,-0.0,-0.0,0.0,-0.0,0.0,47.6
JVASP-9137,56.7,49.0,23.2,0.0,0.0,0.0,49.0,56.7,23.2,-0.0,0.0,0.0,23.2,23.2,115.1,0.0,0.0,0.0,-0.0,0.0,0.0,72.7,-0.0,-0.0,0.0,0.0,0.0,-0.0,28.9,0.0,0.0,0.0,0.0,-0.0,0.0,28.9
JVASP-10241,55.8,14.0,4.4,0.0,-0.0,-0.0,14.0,57.3,35.4,0.0,-0.0,-0.0,4.4,35.4,65.8,0.0,0.0,-0.0,0.0,0.0,0.0,31.6,-0.0,0.0,-0.0,-0.0,-0.0,-0.0,52.4,-0.0,-0.0,-0.0,-0.0,-0.0,-0.0,36.3
JVASP-86373,202.7,-9.9,84.1,0.0,73.0,0.0,-9.9,202.7,84.1,-0.0,-73.0,0.0,84.1,84.1,255.3,0.0,-0.0,0.0,0.0,-0.0,0.0,106.3,0.0,73.0,73.0,-73.0,-0.0,0.0,161.4,0.0,0.0,0.0,0.0,73.0,0.0,161.4
JVASP-57128,56.3,49.1,23.0,-0.0,0.0,-0.0,49.1,56.9,23.1,-0.0,0.0,0.0,23.0,23.1,114.7,-0.0,0.0,-0.0,-0.0,-0.0,-0.0,72.7,0.0,0.0,0.0,0.0,0.0,0.0,29.1,-0.0,-0.0,0.0,-0.0,0.0,-0.0,28.8
JVASP-133141,166.5,26.3,2.2,-0.0,-6.1,-0.0,26.3,90.8,58.0,-0.0,-20.4,-0.0,2.2,58.0,88.8,-0.0,-31.3,-0.0,-0.0,-0.0,-0.0,3.9,-0.0,7.4,-6.1,-20.4,-31.3,-0.0,51.1,0.0,-0.0,-0.0,-0.0,7.4,0.0,-3.0
JVASP-14958,104.2,62.9,62.9,-0.0,0.0,0.0,62.9,104.2,62.9,0.0,-0.0,-0.0,62.9,62.9,104.2,-0.0,0.0,0.0,-0.0,0.0,-0.0,9.9,0.0,0.0,0.0,-0.0,0.0,0.0,9.9,-0.0,0.0,-0.0,0.0,0.0,-0.0,9.9
JVASP-57072,44.5,12.1,21.7,0.0,-0.0,-0.0,12.1,120.8,8.2,0.0,0.0,-0.0,21.7,8.2,24.9,0.0,-0.0,-0.0,0.0,0.0,0.0,9.7,0.0,0.0,0.0,0.0,-0.0,0.0,11.2,0.0,-0.0,-0.0,-0.0,0.0,0.0,9.4
JVASP-22625,65.9,10.9,2.3,-0.0,-1.6,0.0,10.9,27.5,9.3,0.0,-1.9,0.0,2.3,9.3,24.2,-0.0,1.4,0.0,-0.0,-0.0,0.0,13.1,0.0,1.8,-1.6,-1.9,1.4,-0.0,7.6,-0.0,-0.0,-0.0,-0.0,1.8,0.0,7.7
JVASP-92737,6.0,4.5,4.5,-0.0,-0.0,0.0,4.5,6.0,4.5,-0.0,-0.0,-0.0,4.5,4.5,6.0,-0.0,-0.0,-0.0,-0.0,-0.0,-0.0,3.1,0.0,-0.0,-0.0,-0.0,-0.0,0.0,3.1,-0.0,-0.0,-0.0,0.0,-0.0,-0.0,3.1
JVASP-102349,326.4,62.0,57.8,-0.0,0.0,0.0,62.0,326.4,57.8,0.0,-0.0,-0.0,57.8,57.8,282.2,0.0,-0.0,0.0,-0.0,0.0,0.0,132.2,-0.0,-0.0,0.0,-0.0,-0.0,-0.0,130.3,-0.0,0.0,-0.0,0.0,-0.0,-0.0,130.2
JVASP-36202,551.9,42.4,165.5,0.0,-0.0,0.0,42.4,551.9,165.5,0.0,0.0,-0.0,165.5,165.5,509.5,0.0,-0.0,0.0,0.0,0.0,0.0,105.2,0.0,0.0,-0.0,0.0,-0.0,0.0,212.7,-0.0,0.0,-0.0,0.0,0.0,0.0,212.7
JVASP-35107,556.6,184.8,184.8,-0.0,0.0,-0.0,184.8,556.6,184.8,0.0,-0.0,0.0,184.8,184.8,556.6,0.0,-0.0,0.0,0.0,0.0,0.0,286.4,-0.0,-0.0,-0.0,-0.0,-0.0,-0.0,286.4,-0.0,-0.0,0.0,0.0,-0.0,-0.0,286.4
JVASP-35108,351.6,164.4,164.4,0.0,0.0,-0.0,164.4,351.6,164.4,-0.0,0.0,-0.0,164.4,164.4,351.6,-0.0,0.0,-0.0,0.0,-0.0,-0.0,202.0,-0.0,-0.0,0.0,0.0,0.0,-0.0,202.0,0.0,0.0,-0.0,-0.0,-0.0,0.0,202.0
JVASP-114885,649.1,-17.7,141.1,0.0,0.0,-0.0,-17.7,649.1,141.1,0.0,0.0,-0.0,141.1,141.1,354.1,0.0,-0.0,0.0,0.0,0.0,0.0,41.3,0.0,0.0,0.0,0.0,-0.0,0.0,169.9,-0.0,-0.0,-0.0,0.0,0.0,-0.0,169.9
JVASP-114887,550.7,42.6,164.5,0.0,-0.0,0.0,42.6,550.7,164.5,0.0,-0.0,-0.0,164.5,164.5,508.8,0.0,-0.0,0.0,0.0,0.0,0.0,106.7,0.0,0.0,-0.0,-0.0,-0.0,0.0,213.7,0.0,0.0,-0.0,0.0,0.0,0.0,213.7
JVASP-114888,48.0,-3.5,4.8,0.0,0.7,-0.0,-3.5,266.8,78.3,-0.0,-4.0,0.0,4.8,78.3,490.8,-0.0,-5.8,0.0,0.0,-0.0,-0.0,-10.0,0.0,0.3,0.7,-4.0,-5.8,0.0,68.9,-0.0,-0.0,0.0,0.0,0.3,-0.0,-6.6
JVASP-58388,505.0,140.8,89.8,0.0,-24.7,-0.0,140.8,505.0,89.8,-0.0,24.7,-0.0,89.8,89.8,332.9,-0.0,-0.0,-0.0,0.0,0.0,-0.0,182.1,0.0,-24.7,-24.7,24.7,-0.0,0.0,114.7,0.0,0.0,-0.0,-0.0,-24.7,0.0,114.7
JVASP-114892,-0.3,-0.3,-0.2,0.0,0.0,-0.0,-0.3,-8.9,-0.4,0.0,3.5,-0.0,-0.2,-0.4,0.4,0.0,4.4,-0.0,0.0,0.0,0.0,-5.8,0.0,0.9,0.0,3.5,4.4,0.0,-6.0,-0.0,-0.0,-0.0,-0.0,0.9,-0.0,-6.6
JVASP-114893,46.2,386.8,-6.9,0.0,0.0,0.0,386.8,46.2,-6.9,-0.0,-0.0,-0.0,-6.9,-6.9,140.7,0.0,0.0,0.0,0.0,-0.0,0.0,-170.3,0.0,0.0,0.0,0.0,0.0,0.0,9.4,0.0,0.0,0.0,0.0,0.0,0.0,9.4
JVASP-114895,197.1,-17.7,143.8,0.0,-0.0,0.0,-17.7,197.1,143.8,0.0,-0.0,0.0,143.8,143.8,461.0,0.0,0.0,0.0,0.0,0.0,0.0,8.5,0.0,0.0,-0.0,-0.0,0.0,0.0,-611.9,0.0,0.0,0.0,0.0,0.0,0.0,-611.9
JVASP-114897,350.0,66.1,332.8,-19.5,0.0,0.0,66.1,25.3,160.2,-42.5,0.0,0.0,332.8,160.2,154.1,-20.4,-0.0,-0.0,-19.5,-42.5,-20.4,-182.2,0.0,0.0,0.0,0.0,-0.0,0.0,23.7,-22.4,0.0,0.0,-0.0,0.0,-22.4,-104.1
JVASP-36144,511.4,60.1,166.4,0.0,-0.0,-0.0,60.1,511.4,166.4,0.0,0.0,0.0,166.4,166.4,494.2,0.0,-0.0,-0.0,0.0,0.0,0.0,119.9,0.0,0.0,-0.0,0.0,-0.0,0.0,206.7,0.0,-0.0,0.0,-0.0,0.0,0.0,206.7
JVASP-35150,557.0,179.9,179.9,0.0,0.0,0.0,179.9,557.0,179.9,0.0,-0.0,-0.0,179.9,179.9,557.0,0.0,-0.0,-0.0,0.0,-0.0,0.0,271.8,0.0,-0.0,0.0,-0.0,-0.0,0.0,271.8,-0.0,0.0,-0.0,-0.0,-0.0,-0.0,271.8
JVASP-35152,336.7,152.0,152.0,-0.0,0.0,-0.0,152.0,336.7,152.0,-0.0,-0.0,-0.0,152.0,152.0,336.7,-0.0,-0.0,-0.0,-0.0,-0.0,-0.0,176.8,-0.0,-0.0,0.0,-0.0,-0.0,-0.0,176.8,0.0,0.0,-0.0,-0.0,-0.0,0.0,176.8
JVASP-135732,163.7,267.5,-7.9,-0.0,-0.0,-0.0,267.5,163.7,-7.9,0.0,0.0,0.0,-7.9,-7.9,64.3,0.0,-0.0,0.0,-0.0,0.0,0.0,-51.9,0.0,0.0,0.0,0.0,-0.0,-0.0,1.1,0.0,-0.0,0.0,0.0,0.0,0.0,1.1
JVASP-135733,519.7,25.1,104.9,0.0,0.0,0.0,25.1,519.7,104.9,0.0,0.0,0.0,104.9,104.9,467.5,0.0,-0.0,0.0,0.0,0.0,0.0,-53.7,0.0,0.0,0.0,0.0,-0.0,0.0,123.5,-0.0,0.0,0.0,0.0,0.0,-0.0,123.5
JVASP-135734,506.9,60.2,164.3,0.0,-0.0,0.0,60.2,506.9,164.3,0.0,0.0,0.0,164.3,164.3,491.1,0.0,-0.0,0.0,0.0,0.0,0.0,117.9,0.0,0.0,-0.0,0.0,-0.0,0.0,204.2,-0.0,0.0,0.0,0.0,0.0,-0.0,204.2
JVASP-135740,-0.1,-0.3,-0.2,-0.0,-0.1,0.0,-0.3,-2.4,3.0,-0.0,-4.1,0.0,-0.2,3.0,-4.2,-0.0,5.6,0.0,-0.0,-0.0,-0.0,-7.6,-0.0,0.5,-0.1,-4.1,5.6,-0.0,-7.6,0.0,0.0,0.0,0.0,0.5,0.0,-2.6
JVASP-135741,-82.1,80.8,45.7,0.7,-20.8,-7.1,80.8,-84.7,121.1,-1.9,5.3,16.7,45.7,121.1,-65.1,6.5,-22.1,-16.8,0.7,-1.9,6.5,-67.8,7.9,0.7,-20.8,5.3,-22.1,7.9,-84.0,-21.7,-7.1,16.7,-16.8,0.7,-21.7,-75.9
JVASP-75891,156.9,140.1,140.1,-0.0,-0.0,-0.0,140.1,156.9,140.1,-0.0,-0.0,0.0,140.1,140.1,156.9,0.0,-0.0,-0.0,-0.0,-0.0,0.0,14.0,-0.0,0.0,-0.0,-0.0,-0.0,-0.0,14.0,0.0,-0.0,0.0,-0.0,0.0,0.0,14.0
JVASP-10073,313.2,132.8,108.7,0.0,-21.0,0.0,132.8,313.2,108.7,-0.0,21.0,0.0,108.7,108.7,179.5,-0.0,-0.0,-0.0,0.0,-0.0,-0.0,90.2,0.0,-21.0,-21.0,21.0,0.0,0.0,67.8,0.0,0.0,-0.0,-0.0,-21.0,0.0,67.8
JVASP-13067,86.3,16.1,11.8,-7.1,0.0,-0.0,16.1,28.5,17.8,3.9,0.0,0.0,11.8,17.8,36.2,4.0,-0.0,-0.0,-7.1,3.9,4.0,14.2,-0.0,0.0,0.0,0.0,-0.0,-0.0,7.3,3.9,-0.0,0.0,-0.0,0.0,3.9,11.2
JVASP-12920,29.5,14.7,13.7,0.0,-1.2,-0.0,14.7,22.4,15.9,-0.0,-0.2,0.0,13.7,15.9,39.4,-0.0,2.5,0.0,0.0,-0.0,-0.0,7.4,-0.0,-3.3,-1.2,-0.2,2.5,0.0,5.3,0.0,0.0,0.0,0.0,-3.3,0.0,5.8
JVASP-120836,32.0,74.4,13.8,-0.0,0.0,-0.0,74.4,32.0,13.8,0.0,-0.0,0.0,13.8,13.8,112.2,0.0,0.0,-0.0,-0.0,0.0,0.0,-21.2,0.0,0.0,-0.0,0.0,0.0,0.0,13.9,0.0,-0.0,0.0,-0.0,-0.0,0.0,13.9
JVASP-120837,131.7,14.8,19.5,0.0,-0.0,-0.0,14.8,131.7,19.5,0.0,-0.0,-0.0,19.5,19.5,67.3,0.0,-0.0,-0.0,0.0,0.0,0.0,4.9,0.0,0.0,-0.0,-0.0,-0.0,0.0,-2.5,-0.0,-0.0,-0.0,-0.0,0.0,-0.0,-2.5
JVASP-133817,-545.3,-157.5,184.4,0.0,-0.0,-0.0,-157.5,-274.9,67.1,0.0,0.0,0.0,184.4,67.1,-57.5,0.0,0.0,0.0,0.0,0.0,0.0,-43.7,0.0,0.0,-0.0,0.0,0.0,0.0,-47.3,-0.0,-0.0,0.0,0.0,0.0,-0.0,-24.5
JVASP-133821,163.8,-2.8,22.9,0.0,0.0,-0.0,-2.8,163.8,22.9,0.0,0.0,-0.0,22.9,22.9,85.4,0.0,0.0,0.0,0.0,0.0,0.0,-1.4,0.0,0.0,0.0,0.0,0.0,0.0,-3.9,-0.0,-0.0,-0.0,0.0,0.0,-0.0,-3.9
JVASP-51267,50.8,51.3,51.3,-0.0,-0.0,-0.0,51.3,50.8,51.3,-0.0,-0.0,0.0,51.3,51.3,50.8,0.0,-0.0,-0.0,-0.0,-0.0,0.0,-50.7,0.0,0.0,-0.0,-0.0,-0.0,-0.0,-50.7,-0.0,-0.0,0.0,-0.0,0.0,-0.0,-50.7
JVASP-75725,93.9,40.9,40.9,-0.0,0.0,-0.0,40.9,93.9,40.9,-0.0,0.0,-0.0,40.9,40.9,93.9,0.0,0.0,-0.0,-0.0,-0.0,0.0,-18.6,-0.0,-0.0,0.0,0.0,0.0,-0.0,-18.6,0.0,-0.0,-0.0,-0.0,-0.0,0.0,-18.6
JVASP-37875,170.3,212.1,212.1,0.0,0.0,-0.0,212.1,170.3,212.1,-0.0,-0.0,-0.0,212.1,212.1,170.3,-0.0,0.0,0.0,0.0,-0.0,-0.0,172.5,0.0,0.0,0.0,-0.0,0.0,0.0,172.5,0.0,-0.0,-0.0,0.0,0.0,0.0,172.5
JVASP-115486,-30.2,50.0,18.3,-0.0,-11.6,-0.0,50.0,-30.2,18.3,-0.0,11.6,-0.0,18.3,18.3,236.7,-0.0,0.0,-0.0,-0.0,-0.0,-0.0,-40.1,0.0,-11.6,-11.6,11.6,0.0,0.0,-144.1,0.0,-0.0,-0.0,-0.0,-11.6,0.0,-144.1
JVASP-115487,238.1,-30.1,40.1,-0.0,-0.0,-0.0,-30.1,238.1,40.1,0.0,-0.0,-0.0,40.1,40.1,204.6,0.0,-0.0,-0.0,-0.0,0.0,0.0,-69.1,0.0,0.0,-0.0,-0.0,-0.0,0.0,1.0,-0.0,-0.0,-0.0,-0.0,0.0,-0.0,1.0
JVASP-115488,-3.9,3.3,-1.7,0.0,0.0,0.0,3.3,-3.9,-1.7,-0.0,0.0,0.0,-1.7,-1.7,-41.6,0.0,0.0,0.0,0.0,-0.0,0.0,-0.3,0.0,0.0,0.0,0.0,0.0,0.0,-4.2,0.0,0.0,0.0,0.0,0.0,0.0,-4.2
JVASP-115489,169.3,178.2,73.4,0.0,0.0,-0.0,178.2,169.3,73.4,0.0,0.0,0.0,73.4,73.4,107.8,0.0,0.0,-0.0,0.0,0.0,0.0,57.3,0.0,0.0,0.0,0.0,0.0,0.0,68.3,-0.0,-0.0,0.0,-0.0,0.0,-0.0,68.3
JVASP-75876,0.5,0.0,0.25,0.0,0.5,0.75,0.0,0.0,0.75,0.0,0.0,0.75,0.0,0.0,0.75,0.5,0.5,0.25,0.25,0.5,0.0,0.75,0.0,0.5,0.25,0.5,0.5,0.25,0.5,0.5,0.25,0.5,0.5,0.75,0.0,0.0
JVASP-39019,249.2,221.6,221.6,0.0,0.0,-0.0,221.6,249.2,221.6,-0.0,-0.0,0.0,221.6,221.6,249.2,-0.0,0.0,0.0,0.0,-0.0,-0.0,195.9,0.0,0.0,0.0,-0.0,0.0,0.0,195.9,0.0,-0.0,0.0,0.0,0.0,0.0,195.9
JVASP-115517,288.8,-52.7,21.9,0.0,0.0,0.0,-52.7,288.8,21.9,0.0,0.0,0.0,21.9,21.9,247.3,0.0,0.0,0.0,0.0,0.0,0.0,-73.5,0.0,0.0,0.0,0.0,0.0,0.0,-50.7,0.0,0.0,0.0,0.0,0.0,0.0,-50.7
JVASP-115518,267.6,58.9,83.1,0.0,0.0,0.0,58.9,192.7,138.8,0.0,0.0,0.0,83.1,138.8,150.1,0.0,0.0,-0.0,0.0,0.0,0.0,-30.4,0.0,0.0,0.0,0.0,0.0,0.0,-103.6,-0.0,0.0,0.0,-0.0,0.0,-0.0,-178.1
JVASP-115520,316.5,80.9,162.4,36.3,-0.0,-0.0,80.9,63.1,102.4,-5.6,-0.0,0.0,162.4,102.4,128.1,1.2,0.0,0.0,36.3,-5.6,1.2,-281.7,-0.0,-0.0,-0.0,-0.0,0.0,-0.0,16.1,-17.7,-0.0,0.0,0.0,-0.0,-17.7,-24.0
JVASP-133766,90.0,316.8,5.9,-0.0,-0.0,0.0,316.8,90.0,5.9,0.0,0.0,-0.0,5.9,5.9,126.2,-0.0,0.0,-0.0,-0.0,0.0,-0.0,-113.4,0.0,0.0,0.0,0.0,0.0,0.0,28.3,0.0,0.0,-0.0,-0.0,0.0,0.0,28.3
JVASP-133768,78.9,31.5,-17.1,0.0,-0.0,-0.0,31.5,78.9,-17.1,0.0,-0.0,-0.0,-17.1,-17.1,119.1,0.0,-0.0,-0.0,0.0,0.0,0.0,-2.2,0.0,0.0,-0.0,-0.0,-0.0,0.0,3.4,-0.0,-0.0,-0.0,-0.0,0.0,-0.0,3.4
JVASP-39094,69.1,332.5,109.7,0.0,0.0,0.0,332.5,69.1,109.7,0.0,-0.0,-0.0,109.7,109.7,243.3,0.0,-0.0,-0.0,0.0,0.0,0.0,265.9,0.0,0.0,0.0,-0.0,-0.0,0.0,50.6,-0.0,0.0,-0.0,-0.0,0.0,-0.0,50.6
JVASP-115515,200.1,64.8,8.0,0.0,0.0,-0.0,64.8,200.1,8.0,0.0,0.0,-0.0,8.0,8.0,48.0,0.0,0.0,-0.0,0.0,0.0,0.0,-1.2,0.0,0.0,0.0,0.0,0.0,0.0,-59.9,-0.0,-0.0,-0.0,-0.0,0.0,-0.0,-59.9
JVASP-91700,819.9,16.4,150.0,0.0,-0.0,0.0,16.4,755.5,178.5,0.0,0.0,-0.0,150.0,178.5,707.7,0.0,-0.0,0.0,0.0,0.0,0.0,246.8,0.0,0.0,-0.0,0.0,-0.0,0.0,383.2,-0.0,0.0,-0.0,0.0,0.0,-0.0,332.8
JVASP-91752,997.9,43.0,147.7,0.0,-2.0,0.0,43.0,478.6,107.4,0.0,0.2,0.0,147.7,107.4,983.2,-0.0,-40.2,-0.0,0.0,-0.0,-0.0,156.5,-0.0,-18.5,-2.0,0.2,-40.2,-0.0,118.6,-0.0,0.0,-0.0,-0.0,-18.5,-0.0,428.3
JVASP-91679,944.7,35.7,129.8,-0.0,4.5,0.0,35.7,828.3,111.8,0.0,-55.9,0.0,129.8,111.8,853.1,0.0,-21.8,-0.0,-0.0,0.0,0.0,373.8,0.0,-3.7,4.5,-55.9,-21.8,0.0,378.2,0.0,0.0,0.0,-0.0,-3.7,0.0,449.0
JVASP-8703,864.4,135.9,137.8,0.0,0.0,0.0,135.9,867.5,121.9,0.0,0.0,0.0,137.8,121.9,886.3,-0.0,0.0,0.0,0.0,0.0,0.0,461.0,0.0,0.0,0.0,0.0,0.0,0.0,462.3,0.0,0.0,0.0,0.0,0.0,0.0,458.3
JVASP-36192,862.0,16.8,120.4,0.0,-0.0,0.0,16.8,862.0,120.4,0.0,0.0,0.0,120.4,120.4,865.9,0.0,-0.0,-0.0,0.0,0.0,0.0,373.6,0.0,0.0,-0.0,0.0,-0.0,0.0,416.6,0.0,0.0,0.0,-0.0,0.0,0.0,416.6
JVASP-51070,1017.5,26.7,145.0,0.0,-0.0,-0.0,26.7,901.8,128.1,0.0,-0.0,-0.0,145.0,128.1,883.0,0.0,-0.0,-0.0,0.0,0.0,0.0,371.0,0.0,0.0,-0.0,-0.0,-0.0,0.0,407.6,-0.0,-0.0,-0.0,-0.0,0.0,-0.0,476.9
JVASP-113973,0.4,-0.4,-0.1,0.0,0.1,-0.0,-0.4,-113.7,0.1,-0.0,6.1,-0.0,-0.1,0.1,-3.0,0.0,0.3,-0.0,0.0,-0.0,0.0,-10.8,0.0,-0.2,0.1,6.1,0.3,0.0,-0.1,-0.0,-0.0,-0.0,-0.0,-0.2,-0.0,0.2
JVASP-113976,991.8,-264.8,50.4,0.0,0.0,0.0,-264.8,991.8,50.4,0.0,0.0,0.0,50.4,50.4,978.8,0.0,0.0,0.0,0.0,0.0,0.0,-56.5,0.0,0.0,0.0,0.0,0.0,0.0,130.0,0.0,0.0,0.0,0.0,0.0,0.0,130.0
JVASP-137768,-2.7,0.0,-0.1,0.0,-0.0,-0.0,0.0,-2.7,-0.1,0.0,-0.0,-0.0,-0.1,-0.1,-31.4,0.0,0.0,0.0,0.0,0.0,0.0,0.4,0.0,0.0,-0.0,-0.0,0.0,0.0,-6.7,0.0,-0.0,-0.0,0.0,0.0,0.0,-6.7
JVASP-137769,237.7,223.9,7.7,0.0,0.0,0.0,223.9,632.1,-1.3,-0.0,-0.0,0.0,7.7,-1.3,8.2,0.0,-0.0,0.0,0.0,-0.0,0.0,203.5,-0.0,0.0,0.0,-0.0,-0.0,-0.0,-66.5,0.0,0.0,0.0,0.0,0.0,0.0,3.1
JVASP-36197,351.0,22.3,69.3,0.0,0.0,0.0,22.3,351.0,69.3,0.0,0.0,0.0,69.3,69.3,302.3,0.0,0.0,0.0,0.0,0.0,0.0,115.7,0.0,0.0,0.0,0.0,0.0,0.0,161.8,0.0,0.0,0.0,0.0,0.0,0.0,161.8
JVASP-115283,181.1,20.0,39.8,0.0,0.0,0.0,20.0,181.1,39.8,-0.0,-0.0,0.0,39.8,39.8,219.6,0.0,-0.0,0.0,0.0,-0.0,0.0,4.4,0.0,0.0,0.0,-0.0,-0.0,0.0,-102.8,0.0,0.0,0.0,0.0,0.0,0.0,-102.8
JVASP-3846,170.9,-1.0,5.3,0.0,0.0,0.0,-1.0,18.3,13.3,0.0,0.0,0.0,5.3,13.3,15.7,0.0,0.0,0.0,0.0,0.0,0.0,0.3,0.0,0.0,0.0,0.0,0.0,0.0,12.3,0.0,0.0,0.0,0.0,0.0,0.0,5.0
JVASP-117506,69.0,0.5,16.4,0.0,-0.0,0.0,0.5,69.0,16.4,0.0,-0.0,0.0,16.4,16.4,31.1,0.0,-0.0,0.0,0.0,0.0,0.0,-0.7,0.0,0.0,-0.0,-0.0,-0.0,0.0,17.6,-0.0,0.0,0.0,0.0,0.0,-0.0,17.6
JVASP-117508,-1.9,-0.0,0.9,-0.0,1.3,0.0,-0.0,-2.2,0.1,0.0,1.4,-0.0,0.9,0.1,-8.8,0.0,-5.2,-0.0,-0.0,0.0,0.0,-7.5,0.0,0.8,1.3,1.4,-5.2,0.0,-8.1,-0.0,0.0,-0.0,-0.0,0.8,-0.0,0.3
JVASP-117509,382.0,69.3,304.2,-28.4,0.0,0.0,69.3,74.1,241.3,9.5,-0.0,0.0,304.2,241.3,-241.9,-67.4,0.0,0.0,-28.4,9.5,-67.4,-97.3,0.0,0.0,0.0,-0.0,0.0,0.0,0.8,-1.5,0.0,0.0,0.0,0.0,-1.5,-24.4
JVASP-75499,3.164055,0.0,1.5820275,0.0,3.164055,4.7460825,0.0,0.0,4.7460825,0.0,0.0,4.7460825,0.0,0.0,4.7460825,3.164055,3.164055,1.5820275,1.5820275,3.164055,0.0,4.7460825,0.0,3.164055,1.5820275,3.164055,3.164055,1.5820275,3.164055,3.164055,1.5820275,3.164055,3.164055,4.7460825,0.0,0.0
JVASP-61574,115.0,-7.2,50.9,0.7,-0.0,-0.0,-7.2,115.0,50.9,-0.7,0.0,0.0,50.9,50.9,113.6,-0.0,-0.0,0.0,0.7,-0.7,-0.0,36.4,0.0,0.0,-0.0,0.0,-0.0,-0.0,54.0,0.0,-0.0,0.0,-0.0,0.0,0.0,54.0
JVASP-86404,115.1,-7.1,51.0,-0.7,0.0,-0.0,-7.1,115.1,51.0,0.7,0.0,0.0,51.0,51.0,114.0,0.0,0.0,0.0,-0.7,0.7,0.0,36.4,-0.0,-0.0,-0.0,0.0,-0.0,-0.0,54.0,0.0,-0.0,0.0,0.0,-0.0,0.0,54.0
JVASP-62390,115.0,-7.1,51.0,0.7,-0.0,0.0,-7.1,115.0,51.0,-0.7,0.0,0.0,51.0,51.0,113.8,0.0,0.0,-0.0,0.7,-0.7,0.0,36.4,0.0,-0.0,-0.0,0.0,0.0,0.0,54.0,-0.0,0.0,0.0,0.0,-0.0,-0.0,54.0
JVASP-85908,115.1,-7.1,51.0,-0.7,0.0,0.0,-7.1,115.1,51.0,0.7,-0.0,0.0,51.0,51.0,114.0,0.0,-0.0,0.0,-0.7,0.7,0.0,36.4,0.0,-0.0,0.0,-0.0,0.0,0.0,54.0,0.0,0.0,0.0,0.0,-0.0,0.0,54.0
JVASP-10797,133.8,43.9,49.9,0.0,-4.7,-0.0,43.9,133.8,49.9,-0.0,4.7,0.0,49.9,49.9,213.7,-0.0,0.0,-0.0,0.0,-0.0,0.0,44.9,-0.0,-4.7,-4.7,4.7,0.0,-0.0,73.3,0.0,-0.0,0.0,-0.0,-4.7,0.0,73.3
JVASP-115274,-1.1,-1.4,-0.8,0.0,-0.4,0.0,-1.4,-0.8,-1.6,0.0,-2.1,0.0,-0.8,-1.6,-6.7,0.0,0.9,0.0,0.0,0.0,0.0,-7.4,0.0,-0.0,-0.4,-2.1,0.9,0.0,-1.1,0.0,0.0,0.0,0.0,-0.0,0.0,0.2
JVASP-115277,311.4,-52.1,-12.8,0.0,0.0,0.0,-52.1,311.4,-12.8,0.0,0.0,0.0,-12.8,-12.8,284.8,0.0,0.0,0.0,0.0,0.0,0.0,-46.9,0.0,0.0,0.0,0.0,0.0,0.0,-53.4,-0.0,0.0,0.0,0.0,0.0,-0.0,-53.4
JVASP-115278,49.0,75.7,118.7,10.6,0.0,-0.0,75.7,-130.9,107.8,14.1,0.0,-0.0,118.7,107.8,59.5,-16.3,0.0,-0.0,10.6,14.1,-16.3,-34.6,0.0,-0.0,0.0,0.0,0.0,0.0,-71.1,-5.9,0.0,-0.0,-0.0,-0.0,-5.9,-43.3
JVASP-115279,-206.7,148.8,171.6,-42.1,147.5,-83.2,148.8,-52.4,40.6,4.5,-4.9,27.9,171.6,40.6,-66.6,10.8,-38.4,24.9,-42.1,4.5,10.8,-102.2,17.2,46.4,147.5,-4.9,-38.4,17.2,-13.3,26.1,-83.2,27.9,24.9,46.4,26.1,-96.5
JVASP-50826,68.3,27.9,15.0,-10.6,4.8,-3.1,27.9,126.4,1.8,-22.6,10.4,4.4,15.0,1.8,46.2,-3.3,-0.5,-9.0,-10.6,-22.6,-3.3,47.2,-10.9,1.1,4.8,10.4,-0.5,-10.9,12.1,6.0,-3.1,4.4,-9.0,1.1,6.0,14.0
JVASP-115501,87.8,275.6,2.2,0.0,-0.0,0.0,275.6,87.8,2.2,-0.0,-0.0,-0.0,2.2,2.2,118.7,-0.0,-0.0,0.0,0.0,-0.0,-0.0,-93.9,0.0,-0.0,-0.0,0.0,-0.0,-0.0,11.1,0.0,-0.0,-0.0,0.0,-0.0,0.0,11.1
JVASP-115504,274.6,211.0,211.0,0.0,0.0,0.0,211.0,274.6,211.0,0.0,0.0,-0.0,211.0,211.0,274.6,-0.0,0.0,0.0,0.0,0.0,-0.0,234.0,0.0,0.0,0.0,0.0,0.0,0.0,234.0,0.0,0.0,-0.0,0.0,0.0,0.0,234.0
JVASP-115505,197.9,172.5,219.3,-32.2,0.0,-0.0,172.5,-336.7,-182.2,32.9,-0.0,0.0,219.3,-182.2,-330.0,69.3,-0.0,0.0,-32.2,32.9,69.3,-244.9,0.0,0.0,0.0,-0.0,-0.0,0.0,-60.8,-61.5,-0.0,0.0,0.0,0.0,-61.5,-65.5
JVASP-12517,40.8,63.9,8.6,-0.0,-12.0,-0.0,63.9,227.2,69.6,-0.0,62.9,0.0,8.6,69.6,125.3,0.0,55.9,-0.0,-0.0,-0.0,0.0,71.5,0.0,3.9,-12.0,62.9,55.9,0.0,82.4,0.0,-0.0,0.0,-0.0,3.9,0.0,17.0
JVASP-59147,135.8,41.4,72.3,0.0,11.7,0.0,41.4,148.1,58.0,-0.0,9.9,-0.0,72.3,58.0,91.3,-0.0,2.6,0.0,0.0,-0.0,-0.0,32.2,-0.0,25.4,11.7,9.9,2.6,-0.0,28.5,0.0,0.0,-0.0,0.0,25.4,0.0,66.1
JVASP-115468,57.1,20.8,-4.0,0.0,-0.0,-0.0,20.8,57.1,-4.0,0.0,-0.0,-0.0,-4.0,-4.0,141.9,0.0,0.0,0.0,0.0,0.0,0.0,2.9,0.0,0.0,-0.0,-0.0,0.0,0.0,-25.4,-0.0,-0.0,-0.0,0.0,0.0,-0.0,-25.4
JVASP-115470,240.2,-25.7,16.5,0.0,-0.0,0.0,-25.7,240.2,16.5,0.0,-0.0,0.0,16.5,16.5,189.1,0.0,0.0,0.0,0.0,0.0,0.0,-36.7,0.0,0.0,-0.0,-0.0,0.0,0.0,8.8,-0.0,0.0,0.0,0.0,0.0,-0.0,8.8
JVASP-115471,274.5,46.8,114.9,3.1,-0.0,0.0,46.8,87.0,208.0,4.9,-0.0,0.0,114.9,208.0,-11.1,17.3,0.0,-0.0,3.1,4.9,17.3,-244.0,-0.0,0.0,-0.0,-0.0,0.0,-0.0,-60.2,226.4,0.0,0.0,-0.0,0.0,226.4,-1432.5
JVASP-115472,275.6,210.5,210.5,0.0,0.0,-0.0,210.5,275.6,210.5,0.0,0.0,0.0,210.5,210.5,275.6,0.0,0.0,-0.0,0.0,0.0,0.0,234.1,0.0,0.0,0.0,0.0,0.0,0.0,234.1,0.0,-0.0,0.0,-0.0,0.0,0.0,234.1
JVASP-115498,37.0,37.3,5.3,0.0,-0.0,-0.0,37.3,37.0,5.3,0.0,-0.0,-0.0,5.3,5.3,65.7,0.0,-0.0,0.0,0.0,0.0,0.0,20.2,0.0,0.0,-0.0,-0.0,-0.0,0.0,11.5,-0.0,-0.0,-0.0,0.0,0.0,-0.0,11.5
JVASP-115499,215.7,302.6,8.0,0.0,-0.0,0.0,302.6,215.7,8.0,0.0,-0.0,0.0,8.0,8.0,290.7,0.0,-0.0,0.0,0.0,0.0,0.0,278.3,0.0,0.0,-0.0,-0.0,-0.0,0.0,95.9,-0.0,0.0,0.0,0.0,0.0,-0.0,95.9
JVASP-115500,286.1,185.5,82.6,-0.0,8.9,-0.0,185.5,286.1,82.6,-0.0,-8.9,-0.0,82.6,82.6,76.5,0.0,-0.0,-0.0,-0.0,-0.0,0.0,50.3,0.0,8.9,8.9,-8.9,-0.0,0.0,-108.4,0.0,-0.0,-0.0,-0.0,8.9,0.0,-108.4
JVASP-104764,373.3,92.3,127.3,-0.0,1.3,-0.0,92.3,379.1,92.6,0.0,-0.1,-0.0,127.3,92.6,370.9,0.0,-0.8,0.0,-0.0,0.0,0.0,106.6,-0.0,1.6,1.3,-0.1,-0.8,-0.0,106.3,-0.0,-0.0,-0.0,0.0,1.6,-0.0,121.5
JVASP-104766,358.5,124.6,87.8,-0.0,-2.0,-0.0,124.6,358.5,87.8,-0.0,2.0,-0.0,87.8,87.8,380.4,0.0,0.0,0.0,-0.0,-0.0,0.0,116.9,0.0,-2.0,-2.0,2.0,0.0,0.0,98.6,-0.0,-0.0,-0.0,0.0,-2.0,-0.0,98.6
JVASP-36201,378.4,45.5,145.2,0.0,-0.0,0.0,45.5,378.4,145.2,0.0,-0.0,-0.0,145.2,145.2,271.6,0.0,0.0,-0.0,0.0,0.0,0.0,65.9,0.0,0.0,-0.0,-0.0,0.0,0.0,162.6,0.0,0.0,-0.0,-0.0,0.0,0.0,162.6
JVASP-35106,282.4,149.0,149.0,0.0,0.0,-0.0,149.0,282.4,149.0,0.0,-0.0,0.0,149.0,149.0,282.4,-0.0,0.0,-0.0,0.0,0.0,-0.0,173.3,0.0,0.0,0.0,-0.0,0.0,0.0,173.3,0.0,0.0,0.0,-0.0,0.0,0.0,173.3
JVASP-35109,268.8,141.6,141.6,-0.0,-0.0,0.0,141.6,268.8,141.6,0.0,0.0,-0.0,141.6,141.6,268.8,0.0,0.0,0.0,-0.0,0.0,-0.0,155.5,-0.0,-0.0,-0.0,-0.0,0.0,-0.0,155.5,-0.0,0.0,-0.0,-0.0,-0.0,-0.0,155.5
JVASP-115089,43.3,1.0,1.2,0.0,-0.2,-0.0,1.0,223.9,48.6,0.0,-1.6,-0.0,1.2,48.6,268.3,0.0,-9.8,-0.0,0.0,0.0,0.0,-11.8,0.0,0.4,-0.2,-1.6,-9.8,0.0,20.0,-0.0,-0.0,-0.0,-0.0,0.4,-0.0,-9.7
JVASP-50544,371.2,122.5,122.3,0.0,-0.0,0.0,122.5,488.8,137.6,-0.0,-0.0,-0.0,122.3,137.6,292.3,-0.0,0.0,0.0,0.0,-0.0,-0.0,79.9,0.0,-0.0,-0.0,-0.0,0.0,0.0,85.4,0.0,0.0,-0.0,0.0,-0.0,0.0,132.2
JVASP-115094,272.7,113.7,113.7,-0.0,-0.0,0.0,113.7,272.7,113.7,-0.0,0.0,0.0,113.7,113.7,272.7,0.0,-0.0,0.0,-0.0,-0.0,0.0,31.6,0.0,0.0,-0.0,0.0,-0.0,0.0,31.6,0.0,0.0,0.0,0.0,0.0,0.0,31.6
JVASP-115096,332.1,-6.5,8.6,0.0,-0.0,0.0,-6.5,332.1,8.6,0.0,-0.0,0.0,8.6,8.6,62.2,0.0,0.0,0.0,0.0,0.0,0.0,0.9,0.0,0.0,-0.0,-0.0,0.0,0.0,-29.9,-0.0,0.0,0.0,0.0,0.0,-0.0,-29.9
JVASP-155763,37.6,62.1,68.2,0.0,-0.0,0.0,62.1,37.6,68.2,0.0,0.0,-0.0,68.2,68.2,64.8,0.0,-0.0,-0.0,0.0,0.0,0.0,-0.1,0.0,0.0,-0.0,0.0,-0.0,0.0,-8.0,-0.0,0.0,-0.0,-0.0,0.0,-0.0,-8.0
JVASP-111849,253.8,109.4,87.3,0.0,-0.0,0.0,109.4,260.1,85.1,0.0,0.0,0.0,87.3,85.1,263.7,-0.0,-0.0,-0.0,0.0,0.0,-0.0,72.5,0.0,0.0,-0.0,0.0,0.0,0.0,64.4,-0.0,-0.0,-0.0,-0.0,0.0,-0.0,66.1
JVASP-133533,313.7,117.1,93.5,0.0,-0.0,0.0,117.1,321.4,91.9,-0.0,0.0,-0.0,93.5,91.9,321.6,0.0,0.0,-0.0,0.0,-0.0,0.0,97.4,0.0,-0.0,-0.0,0.0,0.0,0.0,87.1,-0.0,0.0,-0.0,-0.0,-0.0,-0.0,88.6
JVASP-103127,79.6,19.0,33.1,0.0,0.0,-0.0,19.0,79.6,33.1,0.0,-0.0,0.0,33.1,33.1,63.8,0.0,0.0,0.0,0.0,0.0,0.0,15.8,0.0,0.0,0.0,-0.0,0.0,0.0,30.0,-0.0,-0.0,0.0,0.0,0.0,-0.0,30.0
JVASP-50935,294.1,146.9,131.9,-0.0,0.0,0.0,146.9,294.1,131.9,0.0,-0.0,-0.0,131.9,131.9,313.9,-0.0,-0.0,-0.0,-0.0,0.0,-0.0,73.6,0.0,0.0,0.0,-0.0,-0.0,0.0,114.2,0.0,0.0,-0.0,-0.0,0.0,0.0,114.2
JVASP-135265,-1.0,-3.3,-0.7,0.0,0.6,-0.0,-3.3,-61.0,-7.4,0.0,7.5,-0.0,-0.7,-7.4,-2.6,0.0,5.8,-0.0,0.0,0.0,0.0,-7.9,-0.0,1.4,0.6,7.5,5.8,-0.0,-4.5,0.0,-0.0,-0.0,-0.0,1.4,0.0,-8.2
JVASP-135268,218.3,50.0,70.8,38.3,0.0,0.0,50.0,-73.8,-46.2,118.2,-0.0,0.0,70.8,-46.2,-215.1,194.9,-0.0,0.0,38.3,118.2,194.9,-275.6,0.0,-0.0,0.0,-0.0,-0.0,0.0,-10.9,8.7,0.0,0.0,0.0,-0.0,8.7,-90.6
JVASP-8210,48.8,20.4,16.8,0.0,0.0,0.0,20.4,48.8,16.8,0.0,0.0,0.0,16.8,16.8,94.4,0.0,0.0,0.0,0.0,0.0,0.0,12.0,0.0,0.0,0.0,0.0,0.0,0.0,12.8,0.0,0.0,0.0,0.0,0.0,0.0,12.8
JVASP-155488,-7.8,48.0,-83.4,77.9,-0.0,-0.0,48.0,0.2,151.6,-69.7,0.0,0.0,-83.4,151.6,-691.5,386.0,-0.0,-0.0,77.9,-69.7,386.0,-220.9,0.0,0.0,-0.0,0.0,-0.0,0.0,-20.5,-17.8,-0.0,0.0,-0.0,0.0,-17.8,-29.5
JVASP-7793,118.6,92.8,92.8,0.0,-0.0,-0.0,92.8,118.6,92.8,0.0,0.0,-0.0,92.8,92.8,118.6,-0.0,0.0,-0.0,0.0,0.0,-0.0,65.0,-0.0,0.0,-0.0,0.0,0.0,-0.0,65.0,0.0,-0.0,-0.0,-0.0,0.0,0.0,65.0
JVASP-139479,284.9,-16.3,10.3,0.0,-0.0,-0.0,-16.3,284.9,10.3,0.0,-0.0,-0.0,10.3,10.3,54.9,0.0,-0.0,0.0,0.0,0.0,0.0,-16.0,0.0,0.0,-0.0,-0.0,-0.0,0.0,-12.0,-0.0,-0.0,-0.0,0.0,0.0,-0.0,-12.0
JVASP-139480,-365.2,3.5,99.2,-0.0,25.8,-0.0,3.5,-365.2,99.2,0.0,-25.8,0.0,99.2,99.2,-4.3,0.0,0.0,0.0,-0.0,0.0,0.0,-184.3,0.0,25.8,25.8,-25.8,0.0,0.0,-35.1,-0.0,-0.0,0.0,0.0,25.8,-0.0,-35.1
JVASP-139481,1.0,-0.5,-0.7,0.0,-0.0,-0.0,-0.5,1.0,-0.7,0.0,-0.0,-0.0,-0.7,-0.7,7.7,0.0,0.0,0.0,0.0,0.0,0.0,-0.1,0.0,0.0,-0.0,-0.0,0.0,0.0,-11.9,0.0,-0.0,-0.0,0.0,0.0,0.0,-11.9
JVASP-139482,69.7,1.5,-4.1,0.0,2.3,-0.0,1.5,139.0,40.0,0.0,-0.1,-0.0,-4.1,40.0,60.6,-0.0,2.3,0.0,0.0,0.0,-0.0,-8.7,-0.0,0.3,2.3,-0.1,2.3,-0.0,8.5,0.0,-0.0,-0.0,0.0,0.3,0.0,-2.6
JVASP-8236,282.9,91.2,91.2,0.0,0.0,0.0,91.2,282.9,91.2,-0.0,0.0,0.0,91.2,91.2,282.9,0.0,-0.0,-0.0,0.0,-0.0,0.0,41.0,0.0,0.0,0.0,0.0,-0.0,0.0,41.0,0.0,0.0,0.0,-0.0,0.0,0.0,41.0
JVASP-139436,273.7,36.3,173.9,5.4,0.0,-0.0,36.3,150.9,215.3,-15.3,-0.0,0.0,173.9,215.3,-187.0,50.5,0.0,-0.0,5.4,-15.3,50.5,-144.7,-0.0,0.0,0.0,-0.0,0.0,-0.0,-57.4,0.3,-0.0,0.0,-0.0,0.0,0.3,-103.2
JVASP-21270,187.5,49.7,36.8,-0.0,-0.0,-0.0,49.7,138.1,37.2,-0.0,-0.0,-0.0,36.8,37.2,192.3,0.0,-0.0,0.0,-0.0,-0.0,0.0,64.7,0.0,-0.0,-0.0,-0.0,-0.0,0.0,61.3,0.0,-0.0,0.0,0.0,-0.0,0.0,54.9
JVASP-5839,92.7,26.3,8.6,0.0,0.0,1.9,26.3,92.7,8.6,0.0,0.0,-1.9,8.6,8.6,28.9,0.0,0.0,0.0,0.0,0.0,0.0,33.2,-1.9,0.0,0.0,0.0,0.0,-1.9,7.2,0.0,1.9,-1.9,0.0,0.0,0.0,7.2
JVASP-150695,91.9,26.3,8.7,0.0,0.0,-1.9,26.3,91.9,8.7,0.0,0.0,1.9,8.7,8.7,29.0,-0.0,-0.0,0.0,0.0,0.0,-0.0,32.8,1.9,-0.0,0.0,0.0,-0.0,1.9,7.3,0.0,-1.9,1.9,0.0,-0.0,0.0,7.3
JVASP-58433,488.9,140.5,124.9,-0.0,-20.2,-0.0,140.5,406.7,158.0,-0.0,-31.8,0.0,124.9,158.0,428.6,0.0,-10.3,-0.0,-0.0,-0.0,0.0,141.3,-0.0,-25.9,-20.2,-31.8,-10.3,-0.0,143.9,0.0,-0.0,0.0,-0.0,-25.9,-0.0,149.0
JVASP-58434,373.9,156.6,174.7,0.0,0.0,0.0,156.6,391.7,70.8,-0.0,-0.0,-0.0,174.7,70.8,435.8,-0.0,-0.0,-0.0,0.0,-0.0,-0.0,99.3,-0.0,-0.0,0.0,-0.0,0.0,-0.0,87.8,-0.0,0.0,-0.0,-0.0,-0.0,-0.0,167.6
JVASP-59283,392.1,89.8,118.9,0.0,-0.0,-0.0,89.8,278.9,103.6,-0.0,0.0,0.0,118.9,103.6,217.0,0.0,0.0,-0.0,0.0,-0.0,0.0,72.3,-0.0,-0.0,-0.0,0.0,0.0,-0.0,80.1,0.0,0.0,0.0,-0.0,-0.0,-0.0,111.9
JVASP-21026,336.0,101.1,89.8,0.0,0.0,-0.0,101.1,212.8,84.0,0.0,0.0,0.0,89.8,84.0,281.9,0.0,0.0,-0.0,0.0,0.0,0.0,78.2,0.0,0.0,0.0,0.0,0.0,0.0,110.4,0.0,-0.0,0.0,0.0,0.0,0.0,90.6
JVASP-139432,380.7,9.1,18.7,0.0,0.0,-0.0,9.1,380.7,18.7,0.0,0.0,-0.0,18.7,18.7,78.8,0.0,0.0,0.0,0.0,0.0,0.0,-39.5,0.0,0.0,0.0,0.0,0.0,0.0,-37.4,-0.0,-0.0,-0.0,0.0,0.0,-0.0,-37.4
JVASP-139433,-28.0,-27.0,-33.8,-0.0,-0.0,0.0,-27.0,37.1,-18.1,-0.0,0.0,0.0,-33.8,-18.1,29.4,-0.0,-0.0,0.0,-0.0,-0.0,-0.0,-291.7,-0.0,0.0,-0.0,0.0,-0.0,-0.0,-59.5,0.0,0.0,0.0,0.0,0.0,0.0,-6.3
JVASP-139434,-1.9,343.5,2.6,-0.0,0.0,-0.0,343.5,-1.9,2.6,0.0,0.0,0.0,2.6,2.6,129.9,0.0,0.0,0.0,-0.0,0.0,0.0,-172.7,0.0,0.0,0.0,0.0,0.0,-0.0,6.0,0.0,-0.0,0.0,0.0,0.0,0.0,6.0
JVASP-134799,278.0,12.7,103.8,0.0,-0.0,0.0,12.7,53.9,3.6,0.0,-0.0,-0.0,103.8,3.6,611.5,0.0,0.0,0.0,0.0,0.0,0.0,-9.6,0.0,0.0,-0.0,-0.0,0.0,0.0,-0.1,-0.0,0.0,-0.0,0.0,0.0,-0.0,154.5
JVASP-134800,229.3,274.4,3.5,0.0,-0.0,0.0,274.4,229.3,3.5,-0.0,0.0,0.0,3.5,3.5,51.0,-0.0,0.0,0.0,0.0,-0.0,-0.0,-22.6,0.0,0.0,0.0,0.0,0.0,0.0,-8.3,0.0,-0.0,0.0,0.0,0.0,0.0,-8.3
JVASP-134803,19.8,82.5,36.8,0.0,-37.4,0.0,82.5,19.8,36.8,-0.0,37.4,-0.0,36.8,36.8,490.8,0.0,0.0,-0.0,0.0,-0.0,0.0,-31.4,0.0,-37.4,-37.4,37.4,0.0,0.0,-131.5,0.0,0.0,-0.0,-0.0,-37.4,0.0,-131.5
JVASP-134806,192.1,183.5,143.3,0.0,-0.0,0.0,183.5,192.1,143.3,0.0,0.0,0.0,143.3,143.3,538.1,0.0,-0.0,-0.0,0.0,0.0,0.0,-5.1,0.0,0.0,-0.0,0.0,-0.0,0.0,119.3,-0.0,0.0,0.0,-0.0,0.0,-0.0,119.3
JVASP-134807,-177.1,-127.2,282.5,-0.0,-30.4,-0.0,-127.2,-177.1,282.5,-0.0,30.4,-0.0,282.5,282.5,120.5,-0.0,-0.0,-0.0,-0.0,-0.0,-0.0,-24.9,0.0,-30.4,-30.4,30.4,-0.0,0.0,-133.3,0.0,-0.0,-0.0,-0.0,-30.4,0.0,-133.3
JVASP-103521,261.8,132.4,114.9,-0.0,-0.0,-0.0,132.4,261.8,114.9,0.0,0.0,0.0,114.9,114.9,352.7,-0.0,0.0,0.0,-0.0,0.0,-0.0,64.7,-0.0,0.0,-0.0,0.0,0.0,0.0,162.6,0.0,-0.0,0.0,0.0,0.0,0.0,162.6
JVASP-44489,266.6,100.3,74.4,0.0,-0.0,-0.0,100.3,300.5,93.9,-0.0,0.0,0.0,74.4,93.9,291.1,0.0,-0.0,-0.0,0.0,-0.0,0.0,85.9,0.0,-0.0,-0.0,0.0,-0.0,-0.0,73.6,0.0,-0.0,0.0,-0.0,-0.0,0.0,80.5
JVASP-134838,0.1,-0.3,-0.2,0.0,0.1,-0.0,-0.3,-13.0,-0.6,0.0,3.1,-0.0,-0.2,-0.6,-0.2,0.0,2.5,-0.0,0.0,0.0,0.0,-6.6,-0.0,0.8,0.1,3.1,2.5,-0.0,-3.2,-0.0,-0.0,-0.0,-0.0,0.8,-0.0,-3.5
JVASP-121170,266.7,246.1,2.4,0.0,0.0,0.0,246.1,266.7,2.4,-0.0,-0.0,0.0,2.4,2.4,19.7,-0.0,0.0,-0.0,0.0,-0.0,-0.0,10.3,0.0,-0.0,-0.0,-0.0,0.0,0.0,-11.4,0.0,0.0,0.0,-0.0,0.0,0.0,-11.4
JVASP-121174,0.2,7.4,-1.3,0.0,-4.8,-0.0,7.4,-7.7,1.6,-0.0,2.5,0.0,-1.3,1.6,-5.9,0.0,-0.8,-0.0,0.0,-0.0,0.0,-2.8,0.0,0.2,-4.8,2.5,-0.8,0.0,-5.0,-0.0,-0.0,0.0,-0.0,0.2,-0.0,0.7
JVASP-121175,-176.7,-117.9,-74.8,87.4,-60.9,24.8,-117.9,-344.0,-208.3,67.4,-109.6,41.8,-74.8,-208.3,-292.9,57.0,-99.4,40.8,87.4,67.4,57.0,-54.0,28.2,-11.3,-60.9,-109.6,-99.4,28.2,-101.1,20.6,24.8,41.8,40.8,-11.3,20.6,-47.4
JVASP-121176,181.4,109.3,73.5,-0.0,-0.0,-0.0,109.3,228.0,301.9,-0.0,-0.0,-0.0,73.5,301.9,14.9,0.0,0.0,0.0,-0.0,-0.0,0.0,6.2,0.0,0.0,-0.0,-0.0,0.0,0.0,-119.3,0.0,-0.0,-0.0,0.0,0.0,0.0,-136.5
JVASP-121177,150.5,256.3,53.9,-0.0,0.0,-0.0,256.3,150.5,53.9,0.0,0.0,0.0,53.9,53.9,630.2,0.0,-0.0,-0.0,-0.0,0.0,0.0,-52.9,-0.0,0.0,0.0,0.0,-0.0,-0.0,36.2,0.0,-0.0,0.0,-0.0,0.0,0.0,36.2
JVASP-5353,65.7,0.3,7.4,0.0,0.0,0.0,0.3,66.0,7.9,0.0,0.0,0.0,7.4,7.9,12.7,0.0,0.0,0.0,0.0,0.0,0.0,0.3,0.0,0.0,0.0,0.0,0.0,0.0,6.8,0.0,0.0,0.0,0.0,0.0,0.0,5.6
JVASP-135456,12.2,19.3,42.9,0.0,0.0,0.0,19.3,12.2,42.9,0.0,0.0,0.0,42.9,42.9,117.2,0.0,0.0,0.0,0.0,0.0,0.0,2.5,0.0,0.0,0.0,0.0,0.0,0.0,-0.2,-0.0,0.0,0.0,0.0,0.0,-0.0,-0.2
JVASP-135459,42.5,99.6,-7.4,-0.0,-38.2,-0.0,99.6,2.9,123.4,0.0,50.0,0.0,-7.4,123.4,35.7,-0.0,-41.6,-0.0,-0.0,0.0,-0.0,10.0,-0.0,-21.2,-38.2,50.0,-41.6,-0.0,-32.5,-0.0,-0.0,0.0,-0.0,-21.2,-0.0,11.5
JVASP-85370,717.9,24.8,189.2,-0.0,-0.0,-0.0,24.8,388.0,119.1,-0.0,-0.0,0.0,189.2,119.1,608.1,0.0,0.0,-0.0,0.0,-0.0,0.0,97.0,0.0,-0.0,-0.0,-0.0,0.0,0.0,144.1,0.0,-0.0,0.0,-0.0,-0.0,0.0,288.5
JVASP-4828,397.0,110.7,52.5,-0.0,-0.0,-0.0,110.7,230.5,46.0,0.0,-0.0,-0.0,52.5,46.0,194.8,-0.0,-0.0,-0.0,-0.0,0.0,-0.0,97.3,-0.0,0.0,-0.0,-0.0,-0.0,-0.0,117.2,-0.0,-0.0,-0.0,-0.0,0.0,-0.0,84.7
JVASP-13743,396.9,110.7,52.4,0.0,0.0,-0.0,110.7,230.5,45.8,0.0,-0.0,-0.0,52.4,45.8,194.5,0.0,-0.0,-0.0,0.0,0.0,0.0,97.3,0.0,0.0,0.0,-0.0,0.0,0.0,117.2,-0.0,-0.0,-0.0,-0.0,0.0,-0.0,84.6
JVASP-57788,65.4,13.0,15.3,0.0,-10.9,0.0,13.0,65.4,15.3,-0.0,10.9,0.0,15.3,15.3,88.6,0.0,0.0,0.0,0.0,-0.0,0.0,26.2,-0.0,-10.9,-10.9,10.9,0.0,-0.0,41.6,-0.0,0.0,0.0,0.0,-10.9,-0.0,41.6
JVASP-4564,63.3,-23.8,16.5,-2.7,0.0,0.0,-23.8,63.3,16.5,2.7,0.0,0.0,16.5,16.5,64.5,0.0,0.0,0.0,-2.7,2.7,0.0,21.3,0.0,0.0,0.0,0.0,0.0,0.0,18.5,-0.0,0.0,0.0,0.0,0.0,-0.0,18.5
JVASP-57860,60.1,-13.7,18.6,0.0,-2.8,0.0,-13.7,47.5,2.1,0.0,1.0,0.0,18.6,2.1,62.2,-0.0,-0.9,-0.0,0.0,0.0,0.0,18.1,-0.0,0.7,-2.8,1.0,-0.9,0.0,9.8,0.0,0.0,0.0,-0.0,0.7,-0.0,21.2
JVASP-57747,65.6,13.2,15.5,0.0,-10.8,-0.0,13.2,65.6,15.5,0.0,10.8,0.0,15.5,15.5,88.7,0.0,-0.0,0.0,0.0,0.0,0.0,26.2,0.0,-10.8,-10.8,10.8,-0.0,0.0,41.8,0.0,0.0,0.0,0.0,-10.8,0.0,41.8
JVASP-57748,40.3,8.8,-1.6,-0.0,0.0,0.0,8.8,42.2,-1.2,-0.0,0.0,0.0,-1.6,-1.2,36.1,-0.0,-0.0,-0.0,-0.0,-0.0,-0.0,21.7,0.0,-0.0,0.0,0.0,0.0,0.0,49.0,-0.0,-0.0,0.0,0.0,-0.0,-0.0,52.6
JVASP-114355,63.8,325.6,6.8,0.0,0.0,0.0,325.6,63.8,6.8,-0.0,-0.0,0.0,6.8,6.8,99.9,0.0,-0.0,-0.0,0.0,-0.0,0.0,-130.9,-0.0,0.0,0.0,-0.0,-0.0,0.0,-0.2,0.0,0.0,0.0,-0.0,0.0,0.0,-0.2
JVASP-113674,-125.0,76.3,-11.6,3.8,-5.7,-27.7,76.3,-172.4,78.7,-25.8,-80.3,-5.1,-11.6,78.7,-128.0,-7.1,30.7,-15.0,3.8,-25.8,-7.1,-68.8,-7.7,34.2,-5.7,-80.3,30.7,-7.7,-75.8,-0.7,-27.7,-5.1,-15.0,34.2,-0.7,-109.9
JVASP-149360,21.3,140.3,55.5,-24.4,-23.2,16.8,140.3,-156.8,246.9,15.1,184.0,-4.3,55.5,246.9,-22.9,-28.2,-109.7,-2.2,-24.4,15.1,-28.2,-54.0,-57.8,-42.0,-23.2,184.0,-109.7,-57.8,-132.4,-4.0,16.8,-4.3,-2.2,-42.0,-4.0,-82.5
JVASP-151876,178.8,107.5,84.8,-0.0,-0.0,-0.0,107.5,178.8,84.8,0.0,0.0,0.0,84.8,84.8,199.8,0.0,-0.0,0.0,-0.0,0.0,0.0,35.7,0.0,-0.0,-0.0,0.0,-0.0,0.0,32.7,-0.0,-0.0,0.0,0.0,-0.0,-0.0,32.7
JVASP-93287,53.2,-8.6,20.2,-0.1,0.0,-0.0,-8.6,53.2,20.2,0.1,-0.0,0.0,20.2,20.2,49.5,0.0,0.0,0.0,-0.1,0.1,0.0,16.5,0.0,-0.0,-0.0,-0.0,-0.0,-0.0,17.0,0.0,-0.0,-0.0,-0.0,-0.0,0.0,17.0
JVASP-9704,55.0,19.3,20.7,-0.0,-2.2,-0.0,19.3,55.0,20.7,0.0,2.2,0.0,20.7,20.7,92.7,-0.0,0.0,0.0,-0.0,0.0,0.0,17.8,-0.0,-2.2,-2.2,2.2,0.0,0.0,31.9,-0.0,-0.0,0.0,0.0,-2.2,-0.0,31.9
JVASP-120119,400.8,16.7,27.4,0.0,0.0,-0.0,16.7,400.8,27.4,0.0,0.0,-0.0,27.4,27.4,72.9,0.0,-0.0,-0.0,0.0,0.0,0.0,13.4,0.0,0.0,0.0,0.0,-0.0,0.0,-11.5,0.0,-0.0,-0.0,-0.0,0.0,0.0,-11.5
JVASP-120120,6.4,66.4,56.5,6.1,0.0,0.0,66.4,-136.4,51.1,6.1,-0.0,-0.0,56.5,51.1,-5.6,-23.6,-0.0,-0.0,6.1,6.1,-23.6,-32.1,-0.0,0.0,0.0,-0.0,0.0,-0.0,-69.1,-31.1,0.0,0.0,-0.0,0.0,-31.1,-64.4
JVASP-120121,-4.9,-11.6,-11.0,0.0,3.6,-0.0,-11.6,-390.6,-181.6,-0.0,84.2,0.0,-11.0,-181.6,-113.1,-0.0,42.4,0.0,0.0,-0.0,-0.0,-6.6,0.0,0.8,3.6,84.2,42.4,0.0,-22.0,-0.0,-0.0,0.0,0.0,0.8,-0.0,0.8
JVASP-120122,353.1,50.6,109.1,-134.5,0.0,0.0,50.6,-66.2,-104.5,-237.2,0.0,-0.0,109.1,-104.5,-655.0,-481.2,0.0,0.0,-134.5,-237.2,-481.2,-517.4,0.0,-0.0,0.0,0.0,0.0,0.0,-159.9,-71.4,0.0,-0.0,0.0,-0.0,-71.4,-107.1
JVASP-30671,-8469.8,8785.2,44.4,-0.0,-0.0,0.0,8785.2,-8469.8,44.4,0.0,0.0,-0.0,44.4,44.4,107.7,-0.0,-0.0,-0.0,-0.0,0.0,-0.0,-8627.5,-0.0,-0.0,-0.0,0.0,-0.0,-0.0,1.4,-0.0,0.0,-0.0,0.0,-0.0,-0.0,1.4
JVASP-11344,100.5,307.6,55.9,-0.0,-0.0,-0.0,307.6,100.5,55.9,0.0,0.0,0.0,55.9,55.9,186.6,-0.0,-0.0,-0.0,-0.0,0.0,-0.0,-103.5,-0.0,0.0,-0.0,0.0,-0.0,-0.0,39.8,-0.0,-0.0,0.0,-0.0,-0.0,-0.0,39.8
JVASP-53148,557.2,16.9,92.1,-0.0,0.0,-0.0,16.9,349.6,166.7,0.0,0.0,0.0,92.1,166.7,463.6,0.0,0.0,0.0,-0.0,0.0,0.0,59.2,-0.0,0.0,0.0,0.0,0.0,-0.0,147.0,0.0,-0.0,0.0,0.0,0.0,0.0,110.5
JVASP-113690,64.2,14.8,2.8,0.0,0.0,-0.0,14.8,64.2,2.8,0.0,0.0,-0.0,2.8,2.8,103.4,0.0,-0.0,0.0,0.0,0.0,0.0,2.6,0.0,0.0,0.0,0.0,-0.0,0.0,-5.9,-0.0,-0.0,-0.0,0.0,0.0,-0.0,-5.9
JVASP-113692,334.0,127.5,127.5,-0.0,0.0,-0.0,127.5,334.0,127.5,-0.0,-0.0,-0.0,127.5,127.5,334.0,0.0,0.0,-0.0,-0.0,-0.0,0.0,133.0,0.0,0.0,0.0,-0.0,0.0,0.0,133.0,0.0,-0.0,-0.0,-0.0,0.0,0.0,133.0
JVASP-136532,101.3,5.2,22.0,0.0,0.0,0.0,5.2,101.3,22.0,0.0,0.0,0.0,22.0,22.0,60.5,0.0,0.0,0.0,0.0,0.0,0.0,3.3,0.0,0.0,0.0,0.0,0.0,0.0,3.7,-0.0,0.0,0.0,0.0,0.0,-0.0,3.7
JVASP-136533,-31.7,-1.0,37.6,-0.0,2.6,0.0,-1.0,-31.7,37.6,-0.0,-2.6,0.0,37.6,37.6,12.8,0.0,-0.0,0.0,-0.0,-0.0,0.0,-15.3,0.0,2.6,2.6,-2.6,-0.0,0.0,-13.8,-0.0,0.0,0.0,0.0,2.6,-0.0,-13.8
JVASP-34725,55.1,0.3,10.0,0.0,0.0,-0.0,0.3,55.1,10.0,0.0,0.0,-0.0,10.0,10.0,101.0,-0.0,-0.0,-0.0,0.0,0.0,-0.0,12.4,-0.0,0.0,0.0,0.0,-0.0,0.0,17.9,0.0,-0.0,-0.0,-0.0,0.0,0.0,17.9
JVASP-136525,103.4,9.9,8.9,0.0,-0.0,0.0,9.9,47.4,0.7,0.0,-0.0,-0.0,8.9,0.7,42.9,0.0,0.0,0.0,0.0,0.0,0.0,-3.1,0.0,0.0,-0.0,-0.0,0.0,0.0,-11.2,-0.0,0.0,-0.0,0.0,0.0,-0.0,6.5
JVASP-136526,52.0,87.1,25.6,0.0,-0.0,0.0,87.1,52.0,25.6,-0.0,0.0,0.0,25.6,25.6,91.5,0.0,-0.0,0.0,0.0,-0.0,0.0,-17.5,0.0,0.0,0.0,0.0,-0.0,-0.0,6.2,0.0,0.0,-0.0,0.0,0.0,0.0,6.2
JVASP-136527,-0.4,17.4,29.3,0.0,-0.0,0.0,17.4,-0.4,29.3,0.0,-0.0,0.0,29.3,29.3,115.2,0.0,-0.0,0.0,0.0,0.0,0.0,1.4,0.0,0.0,-0.0,-0.0,-0.0,0.0,-2.8,0.0,0.0,0.0,0.0,0.0,0.0,-2.8
JVASP-136529,2.0,38.0,55.1,-0.0,6.8,0.0,38.0,2.0,55.1,0.0,-6.8,-0.0,55.1,55.1,-26.7,-0.0,0.0,0.0,-0.0,0.0,-0.0,-18.0,0.0,6.8,6.8,-6.8,0.0,0.0,-21.8,-0.0,0.0,-0.0,0.0,6.8,-0.0,-21.8
JVASP-136530,127.6,57.3,57.3,0.0,0.0,0.0,57.3,127.6,57.3,0.0,0.0,-0.0,57.3,57.3,127.6,-0.0,-0.0,0.0,0.0,0.0,-0.0,40.6,0.0,0.0,0.0,0.0,-0.0,0.0,40.6,0.0,0.0,-0.0,0.0,0.0,0.0,40.6
JVASP-17350,226.5,47.0,47.0,-0.0,0.0,0.0,47.0,226.5,47.0,0.0,-0.0,-0.0,47.0,47.0,226.5,0.0,0.0,0.0,-0.0,0.0,0.0,31.9,0.0,0.0,0.0,-0.0,0.0,0.0,31.9,0.0,0.0,-0.0,0.0,0.0,0.0,31.9
JVASP-8575,333.3,131.7,131.7,-0.0,0.0,0.0,131.7,333.3,131.7,-0.0,0.0,0.0,131.7,131.7,333.3,0.0,-0.0,-0.0,-0.0,-0.0,0.0,142.8,0.0,0.0,0.0,0.0,-0.0,0.0,142.8,0.0,0.0,0.0,-0.0,0.0,0.0,142.8
JVASP-11273,83.1,316.5,52.8,-0.0,0.0,0.0,316.5,83.1,52.8,0.0,-0.0,-0.0,52.8,52.8,173.0,-0.0,0.0,-0.0,-0.0,0.0,-0.0,-116.7,0.0,-0.0,0.0,-0.0,0.0,0.0,34.9,0.0,0.0,-0.0,-0.0,-0.0,0.0,34.9
JVASP-138786,-6.4,-0.3,-0.5,0.0,-0.1,-0.0,-0.3,-8.9,-0.1,-0.0,2.9,0.0,-0.5,-0.1,-4.1,0.0,7.9,-0.0,0.0,-0.0,0.0,-3.8,0.0,1.2,-0.1,2.9,7.9,0.0,-11.2,-0.0,-0.0,0.0,-0.0,1.2,-0.0,-8.4
JVASP-138788,66.1,-3.3,7.0,0.0,-0.0,-0.0,-3.3,66.1,7.0,0.0,-0.0,-0.0,7.0,7.0,85.9,0.0,-0.0,0.0,0.0,0.0,0.0,-3.8,0.0,0.0,-0.0,-0.0,-0.0,0.0,-4.5,0.0,-0.0,-0.0,0.0,0.0,0.0,-4.5
JVASP-138789,329.6,6.0,51.6,0.0,-0.0,0.0,6.0,329.6,51.6,0.0,-0.0,0.0,51.6,51.6,107.3,0.0,-0.0,-0.0,0.0,0.0,0.0,-20.4,0.0,0.0,-0.0,-0.0,-0.0,0.0,16.7,-0.0,0.0,0.0,-0.0,0.0,-0.0,16.7
JVASP-138790,-6.2,27.6,41.3,0.0,-31.1,0.0,27.6,-6.2,41.3,-0.0,31.1,0.0,41.3,41.3,105.6,0.0,-0.0,0.0,0.0,-0.0,0.0,-16.9,-0.0,-31.1,-31.1,31.1,-0.0,-0.0,-117.2,-0.0,0.0,0.0,0.0,-31.1,-0.0,-117.2
JVASP-138801,331.8,132.7,132.7,-0.0,0.0,-0.0,132.7,331.8,132.7,-0.0,0.0,0.0,132.7,132.7,331.8,0.0,-0.0,-0.0,-0.0,-0.0,0.0,143.8,0.0,0.0,0.0,0.0,-0.0,0.0,143.8,0.0,-0.0,0.0,-0.0,0.0,0.0,143.8
JVASP-139452,301.4,130.4,130.4,0.0,0.0,-0.0,130.4,301.4,130.4,-0.0,0.0,-0.0,130.4,130.4,301.4,0.0,0.0,0.0,0.0,-0.0,0.0,121.3,0.0,0.0,0.0,0.0,0.0,0.0,121.3,0.0,-0.0,-0.0,0.0,0.0,0.0,121.3
JVASP-139453,248.0,39.7,64.0,-0.0,21.1,-0.0,39.7,53.2,46.7,-0.0,15.5,0.0,64.0,46.7,259.1,-0.0,67.4,0.0,-0.0,-0.0,-0.0,38.3,-0.0,32.9,21.1,15.5,67.4,-0.0,43.0,-0.0,-0.0,0.0,0.0,32.9,-0.0,76.9
JVASP-139454,-1.3,-1.8,1.2,-0.0,0.3,0.0,-1.8,4.3,1.8,0.0,-1.1,-0.0,1.2,1.8,-12.3,0.0,4.1,-0.0,-0.0,0.0,0.0,-6.5,-0.0,0.3,0.3,-1.1,4.1,-0.0,-3.7,0.0,0.0,-0.0,-0.0,0.3,0.0,-0.7
JVASP-113683,18.2,53.0,17.1,0.0,0.0,-0.0,53.0,18.2,17.1,0.0,0.0,-0.0,17.1,17.1,129.5,0.0,-0.0,-0.0,0.0,0.0,0.0,1.7,0.0,0.0,0.0,0.0,-0.0,0.0,-26.4,-0.0,-0.0,-0.0,-0.0,0.0,-0.0,-26.4
JVASP-110231,235.7,97.3,82.1,-0.0,-0.5,0.0,97.3,235.7,82.1,0.0,0.5,-0.0,82.1,82.1,292.2,-0.0,-0.0,-0.0,-0.0,0.0,-0.0,69.2,0.0,-0.5,-0.5,0.5,-0.0,0.0,58.5,-0.0,0.0,-0.0,-0.0,-0.5,-0.0,58.5
JVASP-108770,73.5,18.1,31.0,0.0,-0.0,-0.0,18.1,73.5,31.0,0.0,0.0,0.0,31.0,31.0,62.0,0.0,0.0,-0.0,0.0,0.0,0.0,15.1,0.0,0.0,-0.0,0.0,0.0,0.0,28.1,-0.0,-0.0,0.0,-0.0,0.0,-0.0,28.1
JVASP-17699,37.2,14.7,16.3,0.0,0.0,0.0,14.7,37.2,16.3,0.0,0.0,0.0,16.3,16.3,61.3,0.0,0.0,0.0,0.0,0.0,0.0,14.2,0.0,-0.0,0.0,0.0,0.0,0.0,16.3,-0.0,0.0,0.0,0.0,-0.0,-0.0,16.3
JVASP-10206,269.5,146.4,124.5,0.0,-0.0,-0.0,146.4,269.5,124.5,-0.0,-0.0,-0.0,124.5,124.5,271.2,0.0,0.0,0.0,0.0,-0.0,0.0,61.6,-0.0,0.0,0.0,0.0,0.0,-0.0,90.0,-0.0,-0.0,-0.0,0.0,0.0,-0.0,90.0
JVASP-114966,233.3,28.6,16.0,0.0,0.0,-0.0,28.6,233.3,16.0,0.0,0.0,-0.0,16.0,16.0,43.7,0.0,-0.0,0.0,0.0,0.0,0.0,-0.9,0.0,0.0,0.0,0.0,-0.0,0.0,-10.1,-0.0,-0.0,-0.0,0.0,0.0,-0.0,-10.1
JVASP-2280,38.6,18.5,15.6,0.0,0.0,0.0,18.5,38.6,15.6,0.0,0.0,0.0,15.6,15.6,64.2,0.0,0.0,0.0,0.0,0.0,0.0,13.1,0.0,0.0,0.0,0.0,0.0,0.0,15.5,0.0,0.0,0.0,0.0,0.0,0.0,15.5
JVASP-8211,47.2,20.5,16.7,0.0,-0.0,0.0,20.5,47.2,16.7,0.0,-0.0,0.0,16.7,16.7,88.6,0.0,-0.0,0.0,0.0,0.0,0.0,11.7,-0.0,-0.0,-0.0,-0.0,-0.0,-0.0,13.7,0.0,0.0,0.0,0.0,-0.0,0.0,13.7
JVASP-7795,132.4,73.2,60.4,0.0,-17.8,-0.0,73.2,132.3,60.5,0.0,17.8,-0.0,60.4,60.5,145.2,0.0,0.0,-0.0,0.0,0.0,0.0,29.6,-0.0,-17.8,-17.8,17.8,0.0,-0.0,17.2,0.0,-0.0,-0.0,-0.0,-17.8,0.0,17.3
JVASP-139002,217.1,5.9,16.7,0.0,0.0,0.0,5.9,217.1,16.7,0.0,0.0,0.0,16.7,16.7,56.8,0.0,0.0,0.0,0.0,0.0,0.0,-7.9,0.0,0.0,0.0,0.0,0.0,0.0,-10.1,-0.0,0.0,0.0,0.0,0.0,-0.0,-10.1
JVASP-139003,-121.3,-19.8,104.7,-0.0,15.2,0.0,-19.8,-121.3,104.7,0.0,-15.2,-0.0,104.7,104.7,-27.2,0.0,0.0,-0.0,-0.0,0.0,0.0,-50.8,0.0,15.2,15.2,-15.2,0.0,0.0,-35.8,-0.0,0.0,-0.0,-0.0,15.2,-0.0,-35.8
JVASP-75738,3.15469,0.0,1.577345,0.0,3.15469,4.732035,0.0,0.0,4.732035,0.0,0.0,4.732035,0.0,0.0,1.577345,3.15469,3.15469,4.732035,1.577345,3.15469,0.0,4.732035,0.0,3.15469,1.577345,3.15469,3.15469,1.577345,3.15469,3.15469,4.732035,3.15469,3.15469,1.577345,0.0,0.0
JVASP-114280,-82.4,66.2,9.6,-38.3,0.0,-0.0,66.2,-68.5,72.5,-36.8,0.0,0.0,9.6,72.5,-146.5,-22.1,0.0,0.0,-38.3,-36.8,-22.1,-46.0,0.0,-0.0,0.0,0.0,0.0,0.0,-69.9,-26.6,-0.0,0.0,0.0,-0.0,-26.6,-66.5
JVASP-114281,270.4,57.0,69.4,0.0,-0.0,0.0,57.0,369.0,69.6,0.0,0.0,-0.0,69.4,69.6,7.0,0.0,-0.0,0.0,0.0,0.0,0.0,-31.7,0.0,0.0,-0.0,0.0,-0.0,0.0,-101.5,-0.0,0.0,-0.0,0.0,0.0,-0.0,-34.8
JVASP-114282,-0.3,-0.5,-0.8,-0.0,-0.0,0.0,-0.5,-5.8,0.6,-0.0,2.8,-0.0,-0.8,0.6,-2.5,0.0,-1.2,0.0,-0.0,-0.0,0.0,-1.8,-0.0,0.1,-0.0,2.8,-1.2,-0.0,-3.6,0.0,0.0,-0.0,0.0,0.1,0.0,1.5
JVASP-120197,195.6,-4.6,30.4,0.0,0.0,0.0,-4.6,195.6,30.4,0.0,0.0,0.0,30.4,30.4,77.5,0.0,-0.0,-0.0,0.0,0.0,0.0,-0.4,0.0,0.0,0.0,0.0,-0.0,0.0,18.2,0.0,0.0,0.0,-0.0,0.0,0.0,18.2
JVASP-121052,169.7,68.5,2.7,0.0,0.0,-0.0,68.5,169.7,2.7,0.0,0.0,-0.0,2.7,2.7,-21.3,0.0,0.0,-0.0,0.0,0.0,0.0,33.0,0.0,0.0,0.0,0.0,0.0,0.0,16.4,0.0,-0.0,-0.0,-0.0,0.0,0.0,16.4
JVASP-121053,42.6,21.2,34.4,0.0,0.0,-0.0,21.2,48.5,26.2,-0.0,0.0,-0.0,34.4,26.2,39.3,-0.0,0.0,0.0,-0.0,0.0,0.0,-5.2,0.0,-0.0,0.0,0.0,0.0,0.0,-71.8,0.0,-0.0,-0.0,0.0,-0.0,0.0,-19.4
JVASP-34292,38.1,19.0,9.7,-0.0,-0.0,0.0,19.0,42.7,10.9,-0.0,-0.0,-0.0,9.7,10.9,39.3,-0.0,0.0,-0.0,-0.0,-0.0,-0.0,24.5,-0.0,-0.0,-0.0,-0.0,0.0,-0.0,39.6,-0.0,0.0,0.0,-0.0,0.0,-0.0,42.1
JVASP-9381,228.1,104.1,125.6,-0.0,10.9,-0.0,104.1,228.1,125.6,0.0,-10.9,-0.0,125.6,125.6,276.2,0.0,0.0,0.0,-0.0,0.0,0.0,62.0,-0.0,10.9,10.9,-10.9,0.0,-0.0,61.2,-0.0,-0.0,-0.0,0.0,10.9,-0.0,61.2
JVASP-53194,53.9,-6.2,24.7,-1.2,0.0,-0.0,-6.2,53.9,24.7,1.2,-0.0,0.0,24.7,24.7,58.1,0.0,-0.0,0.0,-1.2,1.2,0.0,16.3,0.0,-0.0,0.0,0.0,-0.0,-0.0,21.8,-0.0,-0.0,0.0,-0.0,-0.0,-0.0,21.8
JVASP-9580,65.8,23.8,27.4,0.0,-1.8,-0.0,23.8,65.8,27.4,0.0,1.8,-0.0,27.4,27.4,105.1,-0.0,0.0,0.0,0.0,0.0,-0.0,21.0,0.0,-1.8,-1.8,1.8,0.0,0.0,34.9,-0.0,-0.0,-0.0,-0.0,-1.8,-0.0,34.9
JVASP-35727,83.3,21.4,33.7,0.0,-0.0,-0.0,21.4,83.3,33.7,0.0,0.0,0.0,33.7,33.7,70.6,0.0,-0.0,0.0,0.0,0.0,0.0,17.7,0.0,0.0,-0.0,0.0,-0.0,0.0,29.5,0.0,-0.0,0.0,0.0,0.0,-0.0,29.5
JVASP-61798,53.6,23.7,24.9,0.0,3.1,0.0,23.7,53.6,24.9,0.0,-3.1,0.0,24.9,24.9,97.2,-0.0,0.0,0.0,0.0,0.0,-0.0,15.0,-0.0,3.1,3.1,-3.1,-0.0,0.0,24.9,-0.0,0.0,0.0,0.0,3.1,-0.0,24.9
JVASP-9574,54.1,24.1,25.4,-0.0,3.1,0.0,24.1,54.1,25.4,0.0,-3.1,0.0,25.4,25.4,97.3,0.0,0.0,-0.0,-0.0,-0.0,0.0,15.0,0.0,3.1,3.1,-3.1,0.0,0.0,25.0,-0.0,0.0,0.0,-0.0,3.1,-0.0,25.0
JVASP-137168,30.2,40.4,102.4,0.0,-0.0,-0.0,40.4,158.6,129.6,0.0,0.0,-0.0,102.4,129.6,86.5,-0.0,0.0,-0.0,0.0,0.0,-0.0,-1.7,0.0,-0.0,-0.0,-0.0,0.0,0.0,-138.4,0.0,-0.0,-0.0,-0.0,-0.0,0.0,-176.0
JVASP-137170,306.5,109.6,109.6,-0.0,-0.0,-0.0,109.6,306.5,109.6,-0.0,-0.0,0.0,109.6,109.6,306.5,0.0,0.0,-0.0,-0.0,-0.0,0.0,70.0,0.0,0.0,-0.0,-0.0,0.0,0.0,70.0,0.0,-0.0,0.0,-0.0,0.0,0.0,70.0
JVASP-139674,-3.3,-0.4,-0.7,-0.0,0.1,0.0,-0.4,0.4,3.5,0.0,-1.3,-0.0,-0.7,3.5,-14.9,-0.0,2.1,0.0,-0.0,0.0,-0.0,-7.2,-0.0,0.8,0.1,-1.3,2.1,-0.0,-2.0,0.0,0.0,-0.0,0.0,0.8,0.0,-1.9
JVASP-139675,89.9,-0.5,-0.5,0.0,-0.0,-0.0,-0.5,89.9,-0.5,0.0,-0.0,-0.0,-0.5,-0.5,47.3,0.0,0.0,0.0,0.0,0.0,0.0,2.2,0.0,0.0,-0.0,-0.0,0.0,0.0,-2.1,0.0,-0.0,-0.0,0.0,0.0,0.0,-2.1
JVASP-139676,-22.3,55.3,23.9,1.0,0.0,-0.0,55.3,-135.0,6.9,-3.6,0.0,-0.0,23.9,6.9,-71.0,-29.4,0.0,-0.0,1.0,-3.6,-29.4,-53.6,0.0,-0.0,0.0,0.0,0.0,-0.0,-119.2,27.7,-0.0,-0.0,-0.0,-0.0,27.7,-97.0
JVASP-101719,212.4,65.5,143.4,0.0,0.0,-0.0,65.5,347.9,278.2,-0.0,0.0,0.0,143.4,278.2,258.3,0.0,-0.0,-0.0,-0.0,-0.0,0.0,-208.7,-0.0,-0.0,0.0,0.0,-0.0,-0.0,-530.3,0.0,-0.0,0.0,-0.0,-0.0,0.0,-14.3
JVASP-25790,55.0,1.8,9.1,-0.0,-0.0,-0.0,1.8,55.0,9.1,-0.0,0.0,-0.0,9.1,9.1,92.8,-0.0,0.0,-0.0,-0.0,-0.0,0.0,13.1,0.0,0.0,-0.0,0.0,0.0,0.0,15.4,0.0,-0.0,-0.0,-0.0,-0.0,0.0,15.4
JVASP-115669,120.3,48.5,48.5,-0.0,-0.0,0.0,48.5,120.3,48.5,-0.0,-0.0,0.0,48.5,48.5,120.3,-0.0,-0.0,0.0,-0.0,-0.0,-0.0,27.6,0.0,0.0,-0.0,-0.0,-0.0,0.0,27.6,0.0,0.0,0.0,0.0,0.0,0.0,27.6
JVASP-8569,304.0,121.1,121.1,0.0,-0.0,-0.0,121.1,304.0,121.1,-0.0,0.0,0.0,121.1,121.1,304.0,-0.0,0.0,-0.0,0.0,-0.0,-0.0,98.0,0.0,0.0,-0.0,0.0,0.0,0.0,98.0,0.0,-0.0,0.0,-0.0,0.0,0.0,98.0
JVASP-115665,48.3,6.2,1.9,0.0,0.0,0.0,6.2,48.3,1.9,0.0,0.0,0.0,1.9,1.9,97.4,0.0,-0.0,0.0,0.0,0.0,0.0,2.0,0.0,0.0,0.0,0.0,-0.0,0.0,-2.2,0.0,0.0,0.0,0.0,0.0,0.0,-2.2
JVASP-115666,26.6,21.3,37.9,-0.0,-22.0,-0.0,21.3,26.6,37.9,-0.0,22.0,-0.0,37.9,37.9,74.9,-0.0,-0.0,0.0,-0.0,-0.0,-0.0,2.7,0.0,-22.0,-22.0,22.0,-0.0,0.0,-34.6,0.0,-0.0,-0.0,0.0,-22.0,0.0,-34.6
JVASP-115668,-1637.0,-111.5,941.2,0.0,-0.0,0.0,-111.5,201.0,102.1,0.0,-0.0,0.0,941.2,102.1,-289.6,0.0,0.0,-0.0,0.0,0.0,0.0,-51.6,0.0,0.0,-0.0,-0.0,0.0,0.0,-64.7,-0.0,0.0,0.0,-0.0,0.0,-0.0,-82.3
JVASP-12912,54.8,13.0,11.7,-0.0,0.0,0.0,13.0,54.8,11.7,0.0,-0.0,0.0,11.7,11.7,42.5,0.0,0.0,-0.0,-0.0,0.0,0.0,10.8,0.0,0.0,-0.0,0.0,0.0,0.0,18.5,-0.0,0.0,0.0,-0.0,0.0,0.0,18.5
JVASP-12741,61.9,14.9,15.8,-0.0,0.0,0.0,14.9,61.9,15.8,0.0,0.0,-0.0,15.8,15.8,54.8,0.0,-0.0,0.0,-0.0,0.0,0.0,15.8,0.0,0.0,0.0,0.0,-0.0,0.0,22.3,-0.0,0.0,-0.0,0.0,0.0,-0.0,22.3
JVASP-12968,244.8,159.2,134.6,-0.0,-0.0,-0.0,159.2,244.8,134.6,0.0,0.0,0.0,134.6,134.6,414.8,-0.0,0.0,-0.0,-0.0,0.0,-0.0,184.8,-0.0,0.0,-0.0,0.0,0.0,-0.0,101.5,-0.0,-0.0,0.0,-0.0,0.0,-0.0,101.5
JVASP-8552,36.0,17.0,14.8,-0.0,-0.0,0.0,17.0,36.0,14.8,-0.0,-0.0,0.0,14.8,14.8,56.6,-0.0,-0.0,0.0,-0.0,0.0,-0.0,13.3,0.0,-0.0,-0.0,-0.0,-0.0,-0.0,14.0,-0.0,0.0,0.0,0.0,-0.0,-0.0,14.0
JVASP-8518,43.8,17.8,16.1,0.0,-0.0,-0.0,17.8,43.8,16.1,0.0,-0.0,-0.0,16.1,16.1,75.2,0.0,-0.0,-0.0,0.0,-0.0,0.0,11.4,0.0,0.0,-0.0,-0.0,-0.0,0.0,11.9,-0.0,-0.0,-0.0,-0.0,0.0,-0.0,11.9
JVASP-8539,85.0,36.2,34.5,0.0,-6.5,0.0,36.2,85.0,34.5,-0.0,6.5,-0.0,34.5,34.5,79.2,-0.0,-0.0,-0.0,0.0,-0.0,-0.0,24.4,0.0,-6.5,-6.5,6.5,-0.0,0.0,25.6,0.0,0.0,-0.0,-0.0,-6.5,0.0,25.6
JVASP-7939,83.6,37.3,32.7,-0.0,-0.0,0.0,37.3,83.6,32.7,0.0,0.0,0.0,32.7,32.7,82.4,0.0,0.0,0.0,-0.0,0.0,0.0,23.1,0.0,0.0,-0.0,0.0,0.0,0.0,23.0,0.0,0.0,0.0,0.0,0.0,0.0,23.0
JVASP-115149,17.5,42.6,1.4,0.0,0.0,0.0,42.6,17.5,1.4,0.0,0.0,0.0,1.4,1.4,45.2,0.0,0.0,0.0,0.0,0.0,0.0,-0.9,0.0,0.0,0.0,0.0,0.0,0.0,-1.4,-0.0,0.0,0.0,0.0,0.0,-0.0,-1.4
JVASP-150032,90.0,34.5,24.6,0.0,-0.0,0.0,34.5,90.0,24.6,-0.0,0.0,-0.0,24.6,24.6,94.3,0.0,0.0,-0.0,0.0,-0.0,0.0,27.8,-0.0,0.0,-0.0,0.0,0.0,-0.0,1.6,-0.0,0.0,-0.0,-0.0,0.0,-0.0,1.6
JVASP-150059,19.3,18.6,34.0,-4.0,3.1,-0.7,18.6,20.0,23.4,-4.5,-1.8,-1.2,34.0,23.4,-5.8,11.3,-6.1,-1.7,-4.0,-4.5,11.3,-24.3,1.6,-10.3,3.1,-1.8,-6.1,1.6,-2.0,1.1,-0.7,-1.2,-1.7,-10.3,1.1,-22.4
JVASP-149844,19.2,18.6,34.0,-4.0,3.1,-0.7,18.6,20.0,23.4,-4.5,-1.8,-1.2,34.0,23.4,-5.9,11.3,-6.1,-1.7,-4.0,-4.5,11.3,-24.4,1.6,-10.3,3.1,-1.8,-6.1,1.6,-2.0,1.1,-0.7,-1.2,-1.7,-10.3,1.1,-22.4
JVASP-115147,68.0,13.9,12.6,0.0,-0.0,0.0,13.9,68.0,12.6,0.0,-0.0,0.0,12.6,12.6,96.7,0.0,-0.0,0.0,0.0,0.0,0.0,8.8,0.0,0.0,-0.0,-0.0,-0.0,0.0,-2.0,-0.0,0.0,0.0,0.0,0.0,-0.0,-2.0
JVASP-9706,165.9,108.1,108.5,-0.0,-22.7,-0.0,108.1,214.4,108.6,0.0,-13.3,0.0,108.5,108.6,202.8,-0.0,-5.9,0.0,-0.0,0.0,-0.0,45.0,-0.0,-5.1,-22.7,-13.3,-5.9,-0.0,52.4,0.0,-0.0,0.0,0.0,-5.1,0.0,62.7
JVASP-22635,70.2,23.5,10.5,0.0,-0.0,-1.9,23.5,70.2,10.5,0.0,0.0,1.9,10.5,10.5,28.5,0.0,0.0,0.0,0.0,0.0,0.0,23.4,1.9,-0.0,-0.0,0.0,0.0,1.9,7.8,0.0,-1.9,1.9,0.0,-0.0,0.0,7.8
JVASP-9142,216.2,103.3,132.8,0.0,-27.8,0.0,103.3,268.1,121.0,-0.0,-5.4,0.0,132.8,121.0,230.9,-0.0,-12.0,0.0,0.0,-0.0,-0.0,48.0,0.0,-0.8,-27.8,-5.4,-12.0,0.0,72.0,0.0,0.0,-0.0,0.0,-0.8,0.0,87.9
JVASP-91736,24.0,36.3,18.9,-0.0,-0.0,0.0,36.3,24.0,18.9,-0.0,0.0,0.0,18.9,18.9,81.3,-0.0,0.0,0.0,-0.0,0.0,-0.0,-0.3,-0.0,-0.0,-0.0,0.0,0.0,-0.0,-6.2,0.0,0.0,0.0,0.0,-0.0,0.0,-6.2
JVASP-136862,206.1,196.5,10.1,-0.0,0.0,0.0,196.5,206.1,10.1,0.0,-0.0,0.0,10.1,10.1,18.4,-0.0,0.0,0.0,-0.0,0.0,-0.0,4.8,0.0,0.0,0.0,-0.0,0.0,0.0,-10.2,0.0,0.0,0.0,0.0,0.0,0.0,-10.2
JVASP-3465,40.2,9.2,23.5,0.4,0.0,0.0,9.2,40.2,23.5,-0.3,0.0,0.0,23.5,23.5,37.6,0.0,0.0,0.0,0.4,-0.3,0.0,13.5,0.0,-0.0,0.0,0.0,0.0,0.0,21.6,0.0,0.0,0.0,0.0,-0.0,0.0,21.8
JVASP-10140,246.6,65.4,82.5,-0.0,-0.0,0.0,65.4,119.1,46.8,-0.0,-0.0,0.0,82.5,46.8,154.8,-0.0,0.0,0.0,-0.0,-0.0,-0.0,42.9,0.0,0.0,-0.0,0.0,-0.0,0.0,58.4,0.0,0.0,0.0,0.0,0.0,0.0,69.1
JVASP-153711,152.4,56.0,55.2,-2.1,7.8,-3.2,56.0,206.5,45.7,-3.8,12.6,-0.2,55.2,45.7,135.1,11.0,16.1,0.6,-2.1,-3.8,11.0,38.8,-5.8,7.6,7.8,12.6,16.1,-5.8,43.4,5.3,-3.2,-0.2,0.6,7.6,5.3,50.4
JVASP-107331,46.9,36.9,34.8,0.0,-0.0,0.0,36.9,46.9,34.8,0.0,0.0,-0.0,34.8,34.8,44.6,0.0,0.0,0.0,0.0,0.0,0.0,6.6,0.0,0.0,-0.0,0.0,0.0,0.0,6.5,-0.0,0.0,-0.0,0.0,0.0,-0.0,6.5
JVASP-116209,-4.4,0.8,0.5,-0.0,0.0,0.0,0.8,6.4,3.3,-0.0,-1.5,0.0,0.5,3.3,-4.1,-0.0,2.6,0.0,-0.0,-0.0,-0.0,-1.1,-0.0,-0.4,0.0,-1.5,2.6,-0.0,2.1,0.0,0.0,0.0,0.0,-0.4,0.0,-1.7
JVASP-151676,88.6,24.5,22.6,0.0,2.0,-0.0,24.5,65.6,24.8,-0.0,9.3,0.0,22.6,24.8,65.3,0.0,10.5,-0.0,0.0,-0.0,0.0,20.7,-0.0,3.4,2.0,9.3,10.5,-0.0,15.0,0.0,-0.0,0.0,-0.0,3.4,0.0,24.2
JVASP-57101,211.1,102.0,103.1,-0.0,0.0,0.0,102.0,230.6,113.7,-0.0,0.0,0.0,103.1,113.7,191.5,0.0,0.0,0.0,0.0,-0.0,0.0,44.3,0.0,0.0,-0.0,0.0,0.0,0.0,66.2,0.0,0.0,0.0,0.0,0.0,0.0,63.7
JVASP-136029,268.9,82.4,82.4,-0.0,-0.0,-0.0,82.4,268.9,82.4,-0.0,-0.0,0.0,82.4,82.4,268.9,-0.0,-0.0,-0.0,-0.0,-0.0,-0.0,41.0,0.0,0.0,-0.0,-0.0,-0.0,0.0,41.0,0.0,-0.0,0.0,-0.0,0.0,0.0,41.0
JVASP-1065,51.5,21.1,20.0,0.0,0.0,0.0,21.1,51.5,20.0,0.0,0.0,0.0,20.0,20.0,44.3,0.0,0.0,0.0,0.0,0.0,0.0,16.0,0.0,0.0,0.0,0.0,0.0,0.0,17.1,0.0,0.0,0.0,0.0,0.0,0.0,17.1
JVASP-9377,51.6,20.4,21.3,-0.0,0.0,0.0,20.4,51.6,21.3,0.0,-0.0,0.0,21.3,21.3,42.3,0.0,0.0,0.0,0.0,0.0,-0.0,15.7,0.0,0.0,0.0,-0.0,-0.0,0.0,18.1,-0.0,0.0,0.0,0.0,-0.0,-0.0,18.1
JVASP-136730,99.9,3.9,8.0,0.0,0.0,0.0,3.9,99.9,8.0,0.0,0.0,0.0,8.0,8.0,70.5,0.0,0.0,0.0,0.0,0.0,0.0,3.3,0.0,0.0,0.0,0.0,0.0,0.0,-2.7,0.0,0.0,0.0,0.0,0.0,0.0,-2.7
JVASP-11171,43.6,8.6,11.3,-1.8,-1.6,-0.7,8.6,32.0,14.5,2.5,-7.2,-0.5,11.3,14.5,40.1,1.9,3.4,4.3,-1.8,2.5,1.9,2.7,-0.4,0.4,-1.6,-7.2,3.4,-0.4,11.1,0.8,-0.7,-0.5,4.3,0.4,0.8,5.1
JVASP-10107,42.3,8.7,12.0,-1.4,-1.2,-1.0,8.7,33.1,16.0,2.5,-7.7,0.7,12.0,16.0,44.2,2.3,2.6,3.6,-1.4,2.5,2.3,2.8,-0.6,-0.1,-1.2,-7.7,2.6,-0.6,12.3,0.7,-1.0,0.7,3.6,-0.1,0.7,6.6
JVASP-115049,71.8,36.6,33.9,0.0,-0.0,0.0,36.6,71.8,33.9,0.0,-0.0,0.0,33.9,33.9,72.7,0.0,-0.0,0.0,0.0,0.0,0.0,26.8,0.0,0.0,-0.0,-0.0,-0.0,0.0,12.7,-0.0,0.0,0.0,0.0,0.0,-0.0,12.7
JVASP-115050,56.5,17.1,10.2,0.0,0.0,-0.0,17.1,56.5,10.2,0.0,0.0,-0.0,10.2,10.2,79.4,0.0,-0.0,-0.0,0.0,0.0,0.0,3.8,0.0,0.0,0.0,0.0,-0.0,0.0,-3.7,-0.0,-0.0,-0.0,-0.0,0.0,-0.0,-3.7
JVASP-91346,2.121995791e-314,2.75859452885e-313,5.3049894786e-313,2.121995791e-314,2.75859452885e-313,5.3049894786e-313,6.365987374e-314,3.18299368714e-313,5.7293886369e-313,6.365987374e-314,3.18299368714e-313,5.7293886369e-313,1.0609978957e-313,3.60739284543e-313,6.1537877952e-313,1.0609978957e-313,3.60739284543e-313,6.1537877952e-313,1.48539705397e-313,4.0317920037e-313,6.57818695347e-313,1.48539705397e-313,4.0317920037e-313,6.57818695347e-313,1.90979621226e-313,4.456191162e-313,7.00258611177e-313,1.90979621226e-313,4.456191162e-313,7.00258611177e-313,2.33419537056e-313,4.8805903203e-313,7.42698527006e-313,2.33419537056e-313,4.8805903203e-313,7.42698527006e-313
JVASP-11170,44.8,7.4,10.4,-1.4,-1.1,-1.2,7.4,33.6,14.3,1.9,-7.8,0.3,10.4,14.3,42.1,2.0,3.2,3.8,-1.4,1.9,2.0,3.0,-0.4,-0.3,-1.1,-7.8,3.2,-0.4,11.6,0.7,-1.2,0.3,3.8,-0.3,0.7,5.9
JVASP-10250,30.0,12.6,15.1,-0.0,-3.2,-0.0,12.6,26.7,20.2,-0.0,-0.1,-0.0,15.1,20.2,29.2,-0.0,-1.6,-0.0,-0.0,-0.0,0.0,5.8,0.0,-1.7,-3.2,-0.1,-1.6,0.0,8.1,0.0,-0.0,0.0,0.0,-1.7,-0.0,10.9
JVASP-10215,42.9,8.7,11.7,-1.1,-1.3,-1.4,8.7,34.2,15.1,1.8,-8.0,1.1,11.7,15.1,45.0,2.5,2.5,3.1,-1.1,1.8,2.5,3.2,-0.5,-0.6,-1.3,-8.0,2.5,-0.5,12.4,0.4,-1.4,1.1,3.1,-0.6,0.4,7.2
JVASP-117927,-6.1,304.4,118.1,0.0,0.0,-0.0,304.4,-6.1,118.1,0.0,-0.0,0.0,118.1,118.1,247.6,0.0,-0.0,0.0,0.0,0.0,0.0,-51.9,0.0,0.0,0.0,-0.0,-0.0,0.0,17.5,0.0,-0.0,0.0,0.0,0.0,0.0,17.5
JVASP-91452,39.3,13.6,22.3,0.0,-9.4,0.0,13.6,28.3,17.4,0.0,4.9,0.0,22.3,17.4,34.9,0.0,-5.4,0.0,0.0,0.0,0.0,11.2,0.0,-1.0,-9.4,4.9,-5.4,0.0,15.1,0.0,0.0,0.0,0.0,-1.0,0.0,4.8
JVASP-53082,36.8,15.9,14.8,-1.1,2.6,-1.0,15.9,45.0,23.4,0.7,3.7,3.6,14.8,23.4,42.7,3.1,2.1,-0.6,-1.1,0.7,3.1,5.8,1.9,-1.6,2.6,3.7,2.1,1.9,14.3,1.2,-1.0,3.6,-0.6,-1.6,1.2,6.1
JVASP-9600,42.0,19.5,18.7,0.0,-0.1,-0.0,19.5,42.0,18.7,0.0,0.1,0.0,18.7,18.7,44.6,0.0,-0.0,0.0,0.0,0.0,0.0,11.3,0.0,-0.1,-0.1,0.1,-0.0,0.0,8.7,0.0,0.0,0.0,0.0,-0.1,0.0,8.7
JVASP-139498,38.5,2.3,-5.7,0.0,-0.0,0.0,2.3,38.5,-5.7,0.0,-0.0,0.0,-5.7,-5.7,75.8,0.0,0.0,-0.0,0.0,0.0,0.0,-2.5,0.0,0.0,-0.0,-0.0,0.0,0.0,-5.5,0.0,0.0,0.0,-0.0,0.0,0.0,-5.5
JVASP-139499,34.8,-7.5,-6.9,0.0,0.0,-0.0,-7.5,53.3,30.4,0.0,-0.0,0.0,-6.9,30.4,30.9,0.0,-0.0,0.0,0.0,0.0,0.0,-2.4,0.0,0.0,0.0,-0.0,-0.0,0.0,21.1,0.0,-0.0,0.0,0.0,0.0,0.0,-3.1
JVASP-139500,187.0,-228.0,306.0,0.0,0.0,-0.0,-228.0,-758.0,1030.1,0.0,0.0,-0.0,306.0,1030.1,-866.0,0.0,-0.0,0.0,0.0,0.0,0.0,-36.3,0.0,0.0,0.0,0.0,-0.0,0.0,-42.6,0.0,-0.0,-0.0,0.0,0.0,0.0,-32.6
JVASP-139503,-91.1,315.3,11.5,-117.9,-2.7,2.0,315.3,-150.8,12.0,66.2,-0.3,3.2,11.5,12.0,13.4,0.5,-0.6,1.1,-117.9,66.2,0.5,-111.8,-0.6,-0.5,-2.7,-0.3,-0.6,-0.6,-96.6,-17.1,2.0,3.2,1.1,-0.5,-17.1,-76.9
JVASP-139504,26.0,-3.0,12.7,0.0,0.0,-0.0,-3.0,62.3,182.2,0.0,-0.0,-0.0,12.7,182.2,-97.9,0.0,-0.0,-0.0,0.0,0.0,0.0,-0.6,0.0,0.0,0.0,0.0,-0.0,0.0,34.2,-0.0,-0.0,-0.0,-0.0,-0.0,-0.0,-203.7
JVASP-139505,137.7,192.8,7.8,0.0,-0.0,0.0,192.8,137.7,7.8,-0.0,0.0,0.0,7.8,7.8,23.0,0.0,0.0,0.0,0.0,-0.0,0.0,-27.6,-0.0,0.0,0.0,0.0,0.0,0.0,-8.6,0.0,0.0,-0.0,0.0,0.0,0.0,-8.6
JVASP-113737,39.5,37.3,6.6,0.0,-0.0,0.0,37.3,39.5,6.6,0.0,-0.0,0.0,6.6,6.6,77.3,0.0,-0.0,0.0,0.0,0.0,0.0,4.6,0.0,0.0,-0.0,-0.0,-0.0,0.0,-4.9,0.0,0.0,0.0,0.0,0.0,0.0,-4.9
JVASP-10227,44.5,8.2,9.6,0.0,0.0,0.0,8.2,25.8,15.8,0.0,-0.0,0.0,9.6,15.8,45.2,0.0,0.0,-0.0,0.0,0.0,0.0,6.6,0.0,-0.0,0.0,-0.0,0.0,0.0,13.2,0.0,0.0,0.0,-0.0,-0.0,0.0,9.5
JVASP-115370,-6.0,-1.8,0.1,0.0,0.0,0.0,-1.8,-14.1,-1.1,-0.0,-0.2,0.0,0.1,-1.1,-13.4,0.0,-0.0,-0.0,0.0,-0.0,0.0,-0.5,-0.0,0.2,0.0,-0.2,-0.0,-0.0,-5.7,0.0,0.0,0.0,-0.0,0.2,0.0,0.2
JVASP-115373,-2.2,-0.6,-0.1,0.0,0.0,-0.0,-0.6,-2.2,-0.1,0.0,0.0,-0.0,-0.1,-0.1,-7.2,0.0,0.0,0.0,0.0,0.0,0.0,1.5,0.0,0.0,0.0,0.0,0.0,0.0,-3.7,0.0,-0.0,-0.0,0.0,0.0,0.0,-3.7
JVASP-9734,22.6,4.8,14.0,-0.0,-0.0,0.0,4.8,22.6,14.0,-0.0,0.0,-0.0,14.0,14.0,38.6,0.0,-0.0,-0.0,-0.0,-0.0,0.0,8.9,-0.0,0.0,-0.0,-0.0,-0.0,-0.0,16.8,0.0,0.0,-0.0,-0.0,0.0,0.0,16.8
JVASP-152396,3.1,80.5,169.7,-0.0,-0.0,0.0,80.5,-119.3,232.7,-0.0,-0.0,0.0,169.7,232.7,-33.0,0.0,0.0,-0.0,0.0,-0.0,-0.0,-78.1,0.0,0.0,-0.0,-0.0,0.0,0.0,-8857.8,0.0,0.0,0.0,-0.0,-0.0,0.0,-149.1
JVASP-2619,30.4,16.4,19.1,0.0,-1.2,0.0,16.4,30.4,19.1,0.0,1.2,0.0,19.1,19.1,30.8,0.0,0.0,0.0,0.0,0.0,0.0,7.0,0.0,-1.2,-1.2,1.2,0.0,0.0,7.3,0.0,0.0,0.0,0.0,-1.2,0.0,7.3
JVASP-21527,57.7,6.8,8.7,-0.0,-2.1,-0.0,6.8,36.9,13.1,0.0,-0.3,-0.0,8.7,13.1,31.2,-0.0,-0.6,-0.0,-0.0,0.0,-0.0,4.8,0.0,-1.4,-2.1,-0.3,-0.6,0.0,8.4,0.0,0.0,-0.0,0.0,-1.4,0.0,6.1
JVASP-8214,34.9,15.6,17.9,-0.0,0.3,0.0,15.6,34.9,17.9,-0.0,-0.3,0.0,17.9,17.9,31.7,-0.0,-0.0,-0.0,-0.0,-0.0,-0.0,9.6,-0.0,0.3,0.3,-0.3,-0.0,-0.0,7.3,-0.0,0.0,0.0,-0.0,0.3,-0.0,7.3
JVASP-139722,39.1,-0.6,9.5,0.0,-0.0,0.0,-0.6,39.1,9.5,0.0,-0.0,0.0,9.5,9.5,71.6,0.0,-0.0,-0.0,0.0,0.0,0.0,-0.5,0.0,0.0,-0.0,-0.0,-0.0,0.0,-7.6,-0.0,0.0,0.0,-0.0,0.0,-0.0,-7.6
JVASP-139723,40.4,24.8,13.5,-0.0,0.0,-0.0,24.8,36.3,24.1,0.0,-0.0,0.0,13.5,24.1,45.8,0.0,-0.0,0.0,-0.0,0.0,0.0,16.7,0.0,-0.0,0.0,-0.0,-0.0,0.0,9.5,0.0,-0.0,0.0,0.0,-0.0,0.0,-1.3
JVASP-8063,64.1,16.0,25.1,-0.0,-15.9,0.0,16.0,64.1,25.1,0.0,15.9,-0.0,25.1,25.1,42.8,-0.0,0.0,0.0,-0.0,0.0,-0.0,24.0,0.0,-15.9,-15.9,15.9,0.0,0.0,29.4,-0.0,0.0,-0.0,0.0,-15.9,-0.0,29.4
JVASP-21252,40.1,12.4,12.4,-0.0,0.0,-0.0,12.4,40.1,12.4,0.0,0.0,-0.0,12.4,12.4,40.1,-0.0,0.0,-0.0,0.0,-0.0,-0.0,7.0,0.0,-0.0,-0.0,0.0,-0.0,0.0,7.0,0.0,-0.0,0.0,-0.0,0.0,0.0,7.0
JVASP-102242,-542.3,678.3,13.9,0.0,0.0,0.0,678.3,-542.3,13.9,-0.0,-0.0,-0.0,13.9,13.9,92.2,0.0,0.0,0.0,0.0,-0.0,0.0,12.0,0.0,0.0,0.0,-0.0,0.0,0.0,13.0,0.0,0.0,-0.0,0.0,0.0,0.0,13.0
JVASP-2802,35.5,13.1,16.7,0.0,0.2,0.0,13.1,35.5,16.7,0.0,-0.2,0.0,16.7,16.7,31.0,0.0,0.0,0.0,0.0,0.0,0.0,11.2,0.0,0.2,0.2,-0.2,0.0,0.0,8.3,0.0,0.0,0.0,0.0,0.2,0.0,8.3
JVASP-12884,44.0,13.6,10.0,-0.5,1.1,1.1,13.6,34.5,14.8,4.1,3.6,-1.0,10.0,14.8,62.6,-1.4,-12.5,-1.0,-0.5,4.1,-1.4,5.8,-2.7,-0.6,1.1,3.6,-12.5,-2.7,10.3,-0.6,1.1,-1.0,-1.0,-0.6,-0.6,6.4
JVASP-53106,39.2,12.3,14.8,-2.3,0.7,-0.6,12.3,42.4,10.1,-6.3,3.6,2.4,14.8,10.1,63.6,-3.1,8.6,1.4,-2.3,-6.3,-3.1,2.6,-3.4,1.2,0.7,3.6,8.6,-3.4,7.6,-5.1,-0.6,2.4,1.4,1.2,-5.1,10.4
JVASP-10242,41.8,13.6,11.7,0.6,0.4,0.6,13.6,36.8,12.3,2.7,-1.4,0.3,11.7,12.3,35.5,-1.0,1.9,0.2,0.6,2.7,-1.0,7.9,1.3,-0.3,0.4,-1.4,1.9,1.3,7.4,-0.9,0.6,0.3,0.2,-0.3,-0.9,6.2
JVASP-29446,-0.0,0.9999980000000193,0.9999990000000096,0.9999980000000193,0.9999990000000096,-1.1102230139335038e-22,-0.0,0.9999990000000096,0.9999980000000193,0.9999980000000193,0.0,0.9999990000000096,-0.0,0.0,0.0,0.5000000000000001,0.5000000000000001,0.5000000000000001,0.9999980000000193,-1.1102230139335038e-22,0.9999990000000096,-0.0,0.9999990000000096,0.9999980000000193,0.9999980000000193,0.9999990000000096,0.0,-0.0,0.9999980000000193,0.9999990000000096,0.0,-0.0,-0.0,0.5000000000000001,0.5000000000000001,0.5000000000000001
JVASP-2023,62.0,15.9,24.0,0.0,-15.3,0.0,15.9,62.0,24.0,0.0,15.3,0.0,24.0,24.0,40.8,0.0,0.0,0.0,0.0,0.0,0.0,23.0,0.0,-15.3,-15.3,15.3,0.0,0.0,28.3,0.0,0.0,0.0,0.0,-15.3,0.0,28.3
JVASP-2062,73.8,21.4,29.6,0.0,-15.1,0.0,21.4,73.8,29.6,0.0,15.1,0.0,29.6,29.6,52.7,0.0,0.0,0.0,0.0,0.0,0.0,26.2,0.0,-15.1,-15.1,15.1,0.0,0.0,28.9,0.0,0.0,0.0,0.0,-15.1,0.0,28.9
JVASP-138269,-169.0,-55.9,-257.9,-0.0,53.9,0.0,-55.9,-169.0,-257.9,-0.0,-53.9,0.0,-257.9,-257.9,-563.9,-0.0,0.0,0.0,-0.0,-0.0,-0.0,-56.5,0.0,53.9,53.9,-53.9,0.0,0.0,-41.7,-0.0,0.0,0.0,0.0,53.9,-0.0,-41.7
JVASP-138270,70.7,42.1,21.2,0.0,-0.0,0.0,42.1,70.7,21.2,0.0,-0.0,0.0,21.2,21.2,21.3,0.0,-0.0,-0.0,0.0,0.0,0.0,48.2,0.0,0.0,-0.0,-0.0,-0.0,0.0,-1.9,0.0,0.0,0.0,-0.0,0.0,-0.0,-1.9
JVASP-4591,35.2,18.3,12.3,0.0,-5.0,3.1,18.3,35.2,12.3,0.0,5.0,-3.1,12.3,12.3,32.4,0.0,0.0,0.0,0.0,0.0,0.0,8.4,-3.1,-5.0,-5.0,5.0,0.0,-3.1,7.3,0.0,3.1,-3.1,0.0,-5.0,0.0,7.3
JVASP-115323,0.1,-0.3,-0.1,0.0,-0.0,0.0,-0.3,-7.8,-1.5,-0.0,-0.6,-0.0,-0.1,-1.5,2.1,-0.0,0.5,-0.0,0.0,-0.0,-0.0,-1.3,0.0,-0.2,-0.0,-0.6,0.5,0.0,-5.8,0.0,0.0,-0.0,-0.0,-0.2,0.0,0.2
JVASP-111005,44.0,30.5,34.2,0.0,-7.5,-0.0,30.5,44.0,34.2,-0.0,7.5,0.0,34.2,34.2,42.3,0.0,0.0,-0.0,0.0,-0.0,0.0,6.7,-0.0,-7.5,-7.5,7.5,0.0,-0.0,17.5,0.0,-0.0,0.0,-0.0,-7.5,0.0,17.5
JVASP-99931,0.6666666666666665,0.0,0.33333333333333326,0.0,0.8333333333333331,0.24770310054589517,0.0,0.6666666666666666,0.0,0.3333333333333333,0.0,0.08563023278743809,0.3333333333333333,-2.220446049250313e-16,0.6666666666666666,-1.1102230246251565e-16,0.9143697672125619,0.4999999999999998,0.0,0.3333333333333333,0.0,0.6666666666666666,0.7522968994541047,0.6666666666666666,0.33333333333333304,0.6666666666666666,0.6666666666666665,0.33333333333333326,0.16666666666666652,0.5810364338792287,0.6666666666666666,0.3333333333333333,0.3333333333333333,0.6666666666666666,0.3333333333333333,0.41896356612077135
JVASP-91678,36.4,4.2,-1.1,-0.0,0.0,-0.0,4.2,71.0,17.9,0.0,0.0,-0.0,-1.1,17.9,17.6,0.0,0.0,-0.0,-0.0,0.0,0.0,6.1,-0.0,-0.0,0.0,0.0,0.0,-0.0,13.0,0.0,-0.0,-0.0,-0.0,-0.0,0.0,-1.3
JVASP-106332,0.6666666666666665,0.0,0.33333333333333326,0.0,0.8333333333333331,0.2475603447522201,0.0,0.6666666666666666,0.0,0.3333333333333333,0.0,0.08577298858111315,0.3333333333333333,-2.220446049250313e-16,0.6666666666666666,-1.1102230246251565e-16,0.9142270114188868,0.4999999999999998,0.0,0.3333333333333333,0.0,0.6666666666666666,0.7524396552477798,0.6666666666666666,0.33333333333333304,0.6666666666666666,0.6666666666666665,0.33333333333333326,0.16666666666666652,0.5808936780855536,0.6666666666666666,0.3333333333333333,0.3333333333333333,0.6666666666666666,0.3333333333333333,0.4191063219144464
JVASP-108076,75.4,36.5,15.4,-0.0,-0.0,0.0,36.5,45.6,16.6,-0.0,0.0,-0.0,15.4,16.6,59.4,0.0,0.0,0.0,-0.0,-0.0,0.0,37.3,0.0,-0.0,-0.0,0.0,0.0,0.0,13.7,-0.0,0.0,-0.0,0.0,-0.0,-0.0,13.0
JVASP-37338,280.3,92.8,92.8,-0.0,-0.0,-0.0,92.8,280.3,92.8,-0.0,0.0,-0.0,92.8,92.8,280.3,-0.0,0.0,0.0,-0.0,-0.0,-0.0,79.9,0.0,0.0,-0.0,0.0,0.0,0.0,79.9,0.0,-0.0,-0.0,0.0,0.0,0.0,79.9
JVASP-116398,120.4,33.1,14.1,0.0,-0.0,-0.0,33.1,120.4,14.1,0.0,-0.0,-0.0,14.1,14.1,46.3,0.0,-0.0,-0.0,0.0,0.0,0.0,41.8,0.0,0.0,-0.0,-0.0,-0.0,0.0,4.2,-0.0,-0.0,-0.0,-0.0,0.0,0.0,4.2
JVASP-100395,82.2,47.2,2.8,0.0,-0.0,-0.0,47.2,82.2,2.8,0.0,0.0,0.0,2.8,2.8,126.4,0.0,0.0,0.0,0.0,0.0,0.0,61.0,0.0,0.0,-0.0,0.0,0.0,0.0,17.5,0.0,-0.0,0.0,0.0,0.0,0.0,17.5
JVASP-118394,53.1,5.7,15.8,-0.0,-13.3,-0.0,5.7,34.7,19.3,0.0,-0.5,0.0,15.8,19.3,63.4,0.0,-1.8,0.0,-0.0,0.0,0.0,4.6,0.0,1.8,-13.3,-0.5,-1.8,0.0,5.2,0.0,-0.0,0.0,0.0,1.8,0.0,-2.6
JVASP-118396,42.4,25.2,24.7,0.0,0.0,0.0,25.2,42.4,24.7,0.0,0.0,0.0,24.7,24.7,98.3,0.0,0.0,0.0,0.0,0.0,0.0,-2.1,0.0,0.0,0.0,0.0,0.0,0.0,-83.6,0.0,0.0,0.0,0.0,0.0,0.0,-83.6
JVASP-118397,88.6,44.7,22.0,0.0,-0.0,0.0,44.7,88.6,22.0,0.0,-0.0,0.0,22.0,22.0,98.4,0.0,-0.0,0.0,0.0,0.0,0.0,58.7,0.0,0.0,-0.0,-0.0,-0.0,0.0,6.0,-0.0,0.0,0.0,0.0,0.0,-0.0,6.0
JVASP-57264,68.6,43.7,47.4,0.0,-4.3,-0.0,43.7,83.2,59.3,0.0,6.5,-0.0,47.4,59.3,95.0,0.0,-2.6,0.0,-0.0,0.0,-0.0,35.2,-0.0,4.0,-4.3,6.5,-2.6,-0.0,35.8,0.0,0.0,-0.0,0.0,4.0,0.0,32.3
JVASP-136702,-4.0,1.4,3.0,-0.0,-0.7,0.0,1.4,-3.3,-5.2,0.0,9.1,-0.0,3.0,-5.2,-34.6,0.0,0.8,-0.0,-0.0,0.0,0.0,-0.9,0.0,1.3,-0.7,9.1,0.8,0.0,-18.5,-0.0,0.0,-0.0,-0.0,1.3,-0.0,0.4
JVASP-136703,121.5,28.7,16.3,0.0,0.0,0.0,28.7,121.5,16.3,0.0,0.0,0.0,16.3,16.3,56.5,0.0,-0.0,-0.0,0.0,0.0,0.0,40.8,0.0,0.0,0.0,0.0,-0.0,0.0,1.9,0.0,0.0,0.0,-0.0,0.0,0.0,1.9
JVASP-136704,129.8,58.2,58.3,0.0,-0.0,-0.0,58.2,637.2,121.1,0.0,0.0,-0.0,58.3,121.1,76.7,0.0,0.0,0.0,0.0,0.0,0.0,-8.1,0.0,0.0,-0.0,0.0,0.0,0.0,-85.4,0.0,-0.0,-0.0,0.0,0.0,0.0,-111.0
JVASP-136705,-4.9,2.1,1.0,0.0,0.0,-0.0,2.1,-4.9,1.0,0.0,0.0,-0.0,1.0,1.0,-22.9,0.0,-0.0,-0.0,0.0,0.0,0.0,1.5,0.0,0.0,0.0,0.0,-0.0,0.0,-4.2,0.0,-0.0,-0.0,-0.0,0.0,0.0,-4.2
JVASP-136706,198.7,144.0,63.5,0.0,-0.0,0.0,144.0,198.7,63.5,0.0,0.0,-0.0,63.5,63.5,85.3,0.0,0.0,-0.0,0.0,0.0,0.0,121.2,0.0,0.0,-0.0,0.0,0.0,0.0,61.0,-0.0,0.0,-0.0,-0.0,0.0,-0.0,61.0
JVASP-37207,287.8,171.7,171.7,-0.0,0.0,-0.0,171.7,287.8,171.7,0.0,-0.0,0.0,171.7,171.7,287.8,0.0,0.0,0.0,-0.0,0.0,0.0,205.6,0.0,0.0,0.0,-0.0,0.0,0.0,205.6,0.0,-0.0,0.0,0.0,0.0,0.0,205.6
JVASP-116393,109.5,3.7,28.9,0.0,-0.0,-0.0,3.7,109.5,28.9,0.0,-0.0,-0.0,28.9,28.9,137.9,0.0,0.0,0.0,0.0,0.0,0.0,23.7,0.0,0.0,-0.0,-0.0,0.0,0.0,1.0,0.0,-0.0,-0.0,0.0,0.0,0.0,1.0
JVASP-116395,284.2,170.9,170.9,0.0,0.0,0.0,170.9,284.2,170.9,-0.0,0.0,-0.0,170.9,170.9,284.2,0.0,-0.0,0.0,0.0,-0.0,0.0,205.9,0.0,0.0,0.0,0.0,-0.0,0.0,205.9,0.0,0.0,-0.0,0.0,0.0,0.0,205.9
JVASP-117905,63.9,-5.0,-4.1,0.0,0.0,0.0,-5.0,81.6,50.1,0.0,0.0,-0.0,-4.1,50.1,92.4,0.0,0.0,-0.0,0.0,0.0,0.0,3.1,0.0,0.0,0.0,0.0,0.0,0.0,25.9,0.0,0.0,-0.0,-0.0,0.0,0.0,3.5
JVASP-154298,69.0,31.1,20.4,0.0,-0.0,0.0,31.1,81.7,31.4,0.0,0.0,-0.0,20.4,31.4,49.9,0.0,0.0,-0.0,0.0,0.0,0.0,12.4,0.0,0.0,-0.0,0.0,0.0,0.0,16.0,0.0,0.0,-0.0,-0.0,0.0,0.0,7.1
JVASP-12450,37.6,28.6,20.4,-6.6,-9.3,1.0,28.6,82.5,33.7,-19.4,17.5,-0.2,20.4,33.7,44.3,-1.9,0.0,4.9,-6.6,-19.4,-1.9,27.6,-4.3,-8.0,-9.3,17.5,0.0,-4.3,21.8,-1.5,1.0,-0.2,4.9,-8.0,-1.5,19.0
JVASP-32164,134.0,40.9,70.1,0.0,0.0,-0.0,40.9,66.6,49.4,-0.0,-0.0,-0.0,70.1,49.4,102.8,-0.0,0.0,0.0,-0.0,-0.0,-0.0,19.3,0.0,-0.0,0.0,-0.0,0.0,0.0,28.0,-0.0,-0.0,0.0,-0.0,-0.0,-0.0,24.0
JVASP-114147,199.9,141.9,141.9,-0.0,0.0,0.0,141.9,199.9,141.9,0.0,0.0,0.0,141.9,141.9,199.9,0.0,0.0,0.0,-0.0,0.0,0.0,166.5,0.0,0.0,0.0,0.0,0.0,0.0,166.5,0.0,0.0,0.0,0.0,0.0,0.0,166.5
JVASP-114148,148.0,173.0,6.9,0.0,0.0,0.0,173.0,148.0,6.9,-0.0,-0.0,-0.0,6.9,6.9,52.1,-0.0,-0.0,0.0,0.0,-0.0,-0.0,-12.5,-0.0,0.0,-0.0,-0.0,-0.0,-0.0,-2.6,0.0,0.0,0.0,0.0,0.0,0.0,-2.6
JVASP-116466,83.8,37.0,36.4,-0.0,0.0,0.0,37.0,100.1,44.8,0.0,0.0,0.0,36.4,44.8,100.0,-0.0,0.0,0.0,0.0,-0.0,-0.0,36.1,0.0,-0.0,0.0,0.0,0.0,0.0,22.3,0.0,-0.0,-0.0,0.0,0.0,0.0,35.2
JVASP-120384,27.9,31.9,21.7,0.0,-0.0,-0.0,31.9,27.9,21.7,0.0,-0.0,-0.0,21.7,21.7,118.9,0.0,-0.0,-0.0,0.0,0.0,0.0,6.9,0.0,0.0,-0.0,-0.0,-0.0,0.0,-76.7,-0.0,-0.0,-0.0,-0.0,0.0,-0.0,-76.7
JVASP-139699,-9.1,1.3,-0.8,0.0,0.0,0.0,1.3,-9.1,-0.8,0.0,0.0,0.0,-0.8,-0.8,-33.6,0.0,0.0,0.0,0.0,0.0,0.0,2.2,0.0,0.0,0.0,0.0,0.0,0.0,-7.6,-0.0,0.0,0.0,0.0,0.0,-0.0,-7.6
JVASP-139700,136.8,48.6,35.2,-0.0,-0.0,-0.0,48.6,136.8,35.2,0.0,-0.0,-0.0,35.2,35.2,117.9,0.0,-0.0,-0.0,-0.0,0.0,0.0,-4.2,0.0,0.0,-0.0,-0.0,-0.0,0.0,2.2,0.0,-0.0,-0.0,-0.0,0.0,0.0,2.2
JVASP-8751,71.1,18.2,24.0,-0.0,-14.6,0.0,18.2,71.1,24.0,0.0,14.6,-0.0,24.0,24.0,41.6,-0.0,-0.0,0.0,-0.0,0.0,-0.0,26.4,0.0,-14.6,-14.6,14.6,-0.0,0.0,29.0,-0.0,0.0,-0.0,0.0,-14.6,-0.0,29.0
JVASP-87925,221.7,109.2,59.4,-0.0,-0.0,-14.6,109.2,221.7,59.4,-0.0,0.0,14.6,59.4,59.4,98.8,-0.0,0.0,0.0,-0.0,-0.0,-0.0,56.2,14.6,-0.0,0.0,0.0,0.0,14.6,41.2,0.0,-14.6,14.6,0.0,0.0,-0.0,41.2
JVASP-99842,0.38005274000000017,0.3411231100000002,0.4970915700000002,0.8800527400000002,0.8411231100000002,0.9970915700000003,0.5,0.5,0.0,0.0,0.0,0.5,0.43476206999999994,0.90130431,0.17799315000000002,0.43476206999999994,0.90130431,0.17799315000000002,0.11994725999999983,0.15887688999999983,0.0029084299999997953,0.6199472599999998,0.6588768899999998,0.5029084299999997,0.0,0.0,0.5,0.5,0.5,0.0,0.5652379300000001,0.09869569,0.82200685,0.5652379300000001,0.09869569,0.82200685
JVASP-116386,237.2,80.4,80.4,0.0,0.0,0.0,80.4,237.2,80.4,0.0,0.0,-0.0,80.4,80.4,237.2,-0.0,-0.0,-0.0,0.0,0.0,-0.0,49.8,0.0,0.0,0.0,0.0,-0.0,0.0,49.8,0.0,0.0,-0.0,-0.0,0.0,0.0,49.8
JVASP-29571,54.6,22.0,20.4,0.0,9.1,0.0,22.0,54.6,20.4,0.0,-9.1,0.0,20.4,20.4,31.9,0.0,-0.0,0.0,0.0,0.0,0.0,16.3,0.0,9.1,9.1,-9.1,-0.0,0.0,18.0,0.0,0.0,0.0,0.0,9.1,0.0,18.0
JVASP-12475,66.7,17.9,21.9,-0.0,12.8,-0.0,17.9,66.7,21.9,0.0,-12.8,0.0,21.9,21.9,37.0,-0.0,-0.0,-0.0,-0.0,0.0,-0.0,24.4,-0.0,12.8,12.8,-12.8,-0.0,-0.0,24.7,-0.0,-0.0,0.0,-0.0,12.8,-0.0,24.7
JVASP-117745,95.6,10.9,3.7,-0.0,-1.6,-0.0,10.9,20.9,-7.5,-0.0,-1.1,-0.0,3.7,-7.5,38.9,-0.0,-0.7,-0.0,-0.0,-0.0,-0.0,6.3,-0.0,-0.8,-1.6,-1.1,-0.7,-0.0,17.8,-0.0,-0.0,-0.0,-0.0,-0.8,-0.0,4.6
JVASP-29647,81.2,23.4,26.2,0.0,-13.8,-0.0,23.4,81.2,26.2,-0.0,13.8,0.0,26.2,26.2,46.6,0.0,-0.0,-0.0,0.0,-0.0,0.0,28.9,-0.0,-13.8,-13.8,13.8,-0.0,-0.0,28.1,0.0,-0.0,0.0,-0.0,-13.8,0.0,28.1
JVASP-138262,81.8,1.8,2.4,0.0,0.0,0.0,1.8,81.8,2.4,0.0,0.0,0.0,2.4,2.4,72.7,0.0,-0.0,-0.0,0.0,0.0,0.0,-3.8,0.0,0.0,0.0,0.0,-0.0,0.0,1.2,-0.0,0.0,0.0,-0.0,0.0,-0.0,1.2
JVASP-105981,81.9,49.5,9.0,0.0,-0.0,0.0,49.5,81.9,9.0,0.0,0.0,0.0,9.0,9.0,122.0,0.0,0.0,0.0,0.0,0.0,0.0,56.8,0.0,0.0,-0.0,0.0,0.0,0.0,14.6,0.0,0.0,0.0,0.0,0.0,0.0,14.6
JVASP-85486,116.9,55.6,48.0,0.1,-11.7,0.1,55.6,104.8,62.2,0.2,7.4,0.2,48.0,62.2,183.6,0.2,6.9,0.1,0.1,0.2,0.2,29.6,0.0,-0.2,-11.7,7.4,6.9,0.0,52.1,0.1,0.1,0.2,0.1,-0.2,0.1,26.3
JVASP-115285,73.8,65.9,36.6,0.0,0.0,0.0,65.9,73.8,36.6,0.0,0.0,0.0,36.6,36.6,77.1,0.0,0.0,0.0,0.0,0.0,0.0,-2.9,0.0,0.0,0.0,0.0,0.0,0.0,9.4,-0.0,0.0,0.0,0.0,0.0,-0.0,9.4
JVASP-115286,86.4,9.1,1.4,-0.0,0.0,0.0,9.1,86.4,1.4,0.0,0.0,0.0,1.4,1.4,83.2,0.0,0.0,0.0,-0.0,0.0,0.0,-2.5,0.0,0.0,0.0,0.0,0.0,0.0,4.0,-0.0,0.0,0.0,0.0,0.0,-0.0,4.0
JVASP-115287,116.6,-1.3,-1.3,-0.0,-0.4,0.0,-1.3,55.8,49.8,-0.0,-6.5,-0.0,-1.3,49.8,74.9,-0.0,-5.7,-0.0,-0.0,-0.0,-0.0,2.5,0.0,-0.5,-0.4,-6.5,-5.7,0.0,21.8,-0.0,0.0,-0.0,-0.0,-0.5,-0.0,1.6
JVASP-115288,-22.2,158.9,35.0,0.0,0.0,0.0,158.9,-22.2,35.0,-0.0,0.0,0.0,35.0,35.0,77.4,-0.0,-0.0,0.0,0.0,-0.0,-0.0,-90.5,-0.0,0.0,-0.0,0.0,-0.0,0.0,3.5,0.0,0.0,0.0,0.0,-0.0,0.0,3.5
JVASP-104705,90.3,54.4,13.8,0.0,-0.0,-0.0,54.4,90.3,13.8,0.0,0.0,-0.0,13.8,13.8,131.0,0.0,0.0,-0.0,0.0,0.0,0.0,58.6,0.0,0.0,-0.0,0.0,0.0,0.0,17.7,0.0,-0.0,-0.0,-0.0,0.0,0.0,17.7
JVASP-107533,87.4,53.0,12.3,0.0,-0.0,-0.0,53.0,87.4,12.3,0.0,-0.0,-0.0,12.3,12.3,128.6,0.0,-0.0,-0.0,0.0,0.0,0.0,57.7,0.0,0.0,-0.0,-0.0,-0.0,0.0,17.1,0.0,-0.0,-0.0,-0.0,0.0,0.0,17.1
JVASP-12334,96.3,43.6,22.5,-0.0,-5.7,-0.0,43.6,91.9,34.6,0.0,-2.8,0.0,22.5,34.6,84.7,-0.0,-9.4,-0.0,-0.0,0.0,-0.0,23.9,-0.0,-11.0,-5.7,-2.8,-9.4,-0.0,22.5,0.0,-0.0,0.0,-0.0,-11.0,0.0,10.7
JVASP-116389,105.5,-2.8,1.4,0.0,-1.1,0.0,-2.8,71.5,55.2,0.0,-4.2,0.0,1.4,55.2,111.8,0.0,-3.4,-0.0,0.0,0.0,0.0,-1.9,0.0,-1.7,-1.1,-4.2,-3.4,0.0,11.9,0.0,0.0,0.0,-0.0,-1.7,0.0,0.5
JVASP-116391,-5.5,0.2,-3.3,0.0,0.0,0.0,0.2,-5.5,-3.3,0.0,0.0,0.0,-3.3,-3.3,-45.2,0.0,0.0,0.0,0.0,0.0,0.0,1.0,0.0,0.0,0.0,0.0,0.0,0.0,-5.2,-0.0,0.0,0.0,0.0,0.0,-0.0,-5.2
JVASP-29408,81.7,38.3,22.0,0.0,-4.3,0.0,38.3,91.0,26.6,-0.0,-7.1,-0.0,22.0,26.6,76.2,-0.0,15.5,0.0,0.0,-0.0,-0.0,15.3,0.0,-6.9,-4.3,-7.1,15.5,-0.0,25.8,-0.0,0.0,-0.0,-0.0,-6.9,0.0,8.1
JVASP-12365,116.5,54.3,31.7,0.0,-2.1,-0.0,54.3,112.6,38.4,0.0,-6.9,-0.0,31.7,38.4,98.9,0.0,-14.6,-0.0,0.0,-0.0,-0.0,30.2,0.0,-1.5,-2.1,-6.9,-14.6,-0.0,23.5,0.0,-0.0,-0.0,-0.0,-1.5,0.0,15.9
JVASP-154987,88.2,21.1,38.2,0.0,-4.8,-0.0,21.1,73.3,20.9,0.0,-1.4,-0.0,38.2,20.9,83.8,0.0,-8.5,0.0,0.0,0.0,0.0,13.0,-0.0,3.0,-4.8,-1.4,-8.5,-0.0,12.6,0.0,-0.0,-0.0,0.0,3.0,0.0,21.4
JVASP-99606,268.6,118.9,118.9,0.0,0.0,0.0,118.9,268.6,118.9,0.0,-0.0,0.0,118.9,118.9,268.6,0.0,-0.0,0.0,0.0,0.0,0.0,131.4,0.0,0.0,0.0,-0.0,-0.0,0.0,131.4,0.0,0.0,0.0,0.0,0.0,0.0,131.4
JVASP-136723,202.5,86.3,68.5,0.0,-0.0,0.0,86.3,761.6,237.5,0.0,-0.0,0.0,68.5,237.5,12.6,0.0,-0.0,-0.0,0.0,0.0,0.0,-25.5,0.0,0.0,-0.0,-0.0,-0.0,0.0,-162.0,-0.0,0.0,0.0,-0.0,0.0,-0.0,-134.9
JVASP-136724,74.0,6.6,1.4,0.0,0.0,0.0,6.6,74.0,1.4,0.0,0.0,0.0,1.4,1.4,65.9,0.0,0.0,-0.0,0.0,0.0,0.0,6.2,0.0,0.0,0.0,0.0,0.0,0.0,-11.0,0.0,0.0,0.0,-0.0,0.0,0.0,-11.0
JVASP-136725,264.9,119.0,119.0,0.0,-0.0,0.0,119.0,264.9,119.0,0.0,-0.0,0.0,119.0,119.0,264.9,-0.0,-0.0,-0.0,0.0,0.0,-0.0,131.9,0.0,0.0,-0.0,-0.0,-0.0,0.0,131.9,0.0,0.0,0.0,-0.0,0.0,0.0,131.9
JVASP-101755,-226.4,139.4,121.0,41.0,0.0,0.0,139.4,-104.5,94.3,28.5,-0.0,-0.0,121.0,94.3,-4.6,61.0,-0.0,-0.0,41.0,28.5,61.0,-276.9,0.0,0.0,0.0,-0.0,-0.0,0.0,-108.6,-5.8,0.0,-0.0,-0.0,0.0,-5.8,-298.6
JVASP-37209,293.2,171.3,171.3,-0.0,-0.0,0.0,171.3,293.2,171.3,-0.0,0.0,-0.0,171.3,171.3,293.2,0.0,-0.0,-0.0,-0.0,-0.0,0.0,199.8,0.0,0.0,-0.0,0.0,-0.0,0.0,199.8,0.0,0.0,-0.0,-0.0,0.0,0.0,199.8
JVASP-9832,172.6,73.0,62.9,0.0,6.5,0.0,73.0,174.9,42.9,-0.0,-3.0,0.0,62.9,42.9,202.9,0.0,13.9,-0.0,-0.0,-0.0,0.0,78.9,0.0,5.6,6.5,-3.0,13.9,0.0,57.2,-0.0,0.0,0.0,-0.0,5.6,0.0,48.2
JVASP-121432,172.6,73.0,62.9,0.0,6.5,-0.0,73.0,175.2,43.0,-0.0,-3.0,-0.0,62.9,43.0,203.1,0.0,13.8,-0.0,0.0,-0.0,0.0,79.3,-0.0,5.8,6.5,-3.0,13.8,-0.0,57.1,0.0,-0.0,0.0,-0.0,5.8,0.0,48.4
JVASP-120057,51.3,-0.5,-4.6,0.0,-0.0,0.0,-0.5,51.3,-4.6,0.0,-0.0,0.0,-4.6,-4.6,41.1,0.0,-0.0,0.0,0.0,0.0,0.0,2.3,0.0,0.0,-0.0,-0.0,-0.0,0.0,-6.4,0.0,0.0,0.0,0.0,0.0,0.0,-6.4
JVASP-32394,27.3,18.7,14.5,0.0,-8.7,0.1,18.7,58.5,13.0,0.0,-3.5,0.0,14.5,13.0,35.3,0.0,-1.6,-0.1,0.0,0.0,0.0,5.8,-0.0,-11.7,-8.7,-3.5,-1.6,-0.0,17.3,-0.1,0.1,0.0,-0.1,-11.7,-0.1,19.2
JVASP-113537,12.0,23.0,-11.4,0.0,-0.0,-0.0,23.0,12.0,-11.4,0.0,-0.0,-0.0,-11.4,-11.4,281.1,0.0,0.0,-0.0,0.0,0.0,0.0,16.1,0.0,0.0,-0.0,-0.0,0.0,0.0,-0.3,0.0,-0.0,-0.0,-0.0,0.0,0.0,-0.3
JVASP-19106,37.1,20.0,21.0,-0.0,2.4,0.0,20.0,54.4,18.4,-0.0,3.4,-0.0,21.0,18.4,37.2,-0.0,-4.0,0.0,-0.0,-0.0,-0.0,16.8,-0.0,1.1,2.4,3.4,-4.0,0.0,20.9,0.0,0.0,-0.0,-0.0,1.1,0.0,24.0
JVASP-29284,6.685675350891283,1.7147346204391776,1.0145837418062948,0.724401418349343,0.632661058785483,1.445133657790798,2.1971645523364383,1.1467524872836796,1.014548934222833,0.724396515895966,0.8964312770373664,1.445048293330409,2.197154724218028,1.1466964096557515,4.459622684825791,0.8965463820158723,0.5941694572596232,0.6837607895022888,2.1970291506395188,1.1466720098988294,4.459607355280575,0.6326814275785339,0.5941537123979498,0.5993220192342262,1.714854522930081,0.9537685389963404,4.459573046658704,0.6326761607797046,0.5941317185841806,0.5992732933411663,1.7147479184385808,1.0146233254463362,0.7244394998487002,0.896472735494326,1.4451893941435348,0.5992436141607947
JVASP-49943,214.9,70.6,93.4,0.0,0.0,0.0,70.6,214.9,93.4,0.0,-0.0,0.0,93.4,93.4,151.6,0.0,0.0,0.0,0.0,0.0,0.0,23.1,0.0,0.0,0.0,-0.0,0.0,0.0,15.5,0.0,0.0,0.0,0.0,0.0,0.0,15.5
JVASP-136058,80.8,73.4,21.1,0.0,-0.0,0.0,73.4,80.8,21.1,0.0,-0.0,0.0,21.1,21.1,58.9,0.0,0.0,0.0,0.0,0.0,0.0,7.5,0.0,0.0,-0.0,-0.0,0.0,0.0,-3.8,-0.0,0.0,0.0,0.0,0.0,-0.0,-3.8
JVASP-109363,105.6,30.1,15.4,0.0,0.8,-0.0,30.1,105.6,15.4,-0.0,-0.8,-0.0,15.4,15.4,28.8,0.0,-0.0,-0.0,0.0,-0.0,0.0,37.7,0.0,0.8,0.8,-0.8,-0.0,0.0,9.0,0.0,-0.0,-0.0,-0.0,0.8,0.0,9.0
JVASP-99103,104.3,50.0,47.2,-0.0,-29.0,0.0,50.0,91.2,30.0,-0.0,-20.2,-0.0,47.2,30.0,65.6,-0.0,-7.3,-0.0,-0.0,-0.0,-0.0,-12.8,0.0,-29.1,-29.0,-20.2,-7.3,0.0,20.4,0.0,-0.0,-0.0,-0.0,-29.1,0.0,38.4
JVASP-98606,75.9,12.0,32.4,-0.0,-0.0,0.0,12.0,71.6,16.9,0.0,-0.0,-0.0,32.4,16.9,52.7,0.0,-0.0,-0.0,-0.0,0.0,0.0,15.4,0.0,-0.0,-0.0,-0.0,-0.0,0.0,22.9,-0.0,-0.0,-0.0,-0.0,-0.0,-0.0,20.5
JVASP-115744,142.5,15.5,8.6,0.0,-6.0,0.0,15.5,179.4,28.8,0.0,-2.9,0.0,8.6,28.8,58.9,0.0,-6.3,0.0,0.0,0.0,0.0,8.0,-0.0,-2.4,-6.0,-2.9,-6.3,-0.0,3.9,-0.0,0.0,0.0,0.0,-2.4,-0.0,29.6
JVASP-35202,421.1,159.1,159.1,-0.0,-0.0,0.0,159.1,421.1,159.1,0.0,0.0,-0.0,159.1,159.1,421.1,-0.0,-0.0,-0.0,0.0,0.0,-0.0,246.1,0.0,-0.0,0.0,-0.0,-0.0,0.0,246.1,-0.0,0.0,-0.0,-0.0,-0.0,-0.0,246.1
JVASP-115009,47.9,3.8,-2.8,0.0,-0.0,-0.0,3.8,47.9,-2.8,0.0,-0.0,-0.0,-2.8,-2.8,35.0,0.0,0.0,0.0,0.0,0.0,0.0,-7.8,0.0,0.0,-0.0,-0.0,0.0,0.0,-2.5,-0.0,-0.0,-0.0,0.0,0.0,-0.0,-2.5
JVASP-75477,3.185185,0.0,1.5925925,0.0,3.185185,4.7777775,0.0,0.0,4.7777775,0.0,0.0,4.7777775,0.0,0.0,4.7777775,3.185185,3.185185,1.5925925,1.5925925,3.185185,0.0,4.7777775,0.0,3.185185,1.5925925,3.185185,3.185185,1.5925925,3.185185,3.185185,1.5925925,3.185185,3.185185,4.7777775,0.0,0.0
JVASP-136717,117.2,1.6,2.0,-0.0,-0.0,-0.0,1.6,117.2,2.0,0.0,-0.0,-0.0,2.0,2.0,87.0,0.0,0.0,0.0,-0.0,0.0,0.0,9.6,0.0,0.0,-0.0,-0.0,0.0,0.0,-6.8,0.0,-0.0,-0.0,0.0,0.0,0.0,-6.8
JVASP-136718,118.9,33.3,6.6,0.0,0.0,0.0,33.3,118.9,6.6,0.0,0.0,0.0,6.6,6.6,63.8,0.0,0.0,0.0,0.0,0.0,0.0,27.2,0.0,0.0,0.0,0.0,0.0,0.0,-4.5,-0.0,0.0,0.0,0.0,0.0,-0.0,-4.5
JVASP-136719,213.0,104.7,106.5,0.0,-0.0,-0.0,104.7,898.3,230.4,0.0,0.0,0.0,106.5,230.4,81.1,0.0,-0.0,-0.0,0.0,0.0,0.0,-4.2,0.0,0.0,-0.0,0.0,-0.0,0.0,-259.3,-0.0,-0.0,0.0,-0.0,0.0,-0.0,-93.6
JVASP-136720,327.7,173.6,173.6,-0.0,-0.0,-0.0,173.6,327.7,173.6,-0.0,-0.0,-0.0,173.6,173.6,327.7,-0.0,-0.0,0.0,-0.0,-0.0,-0.0,193.3,0.0,0.0,-0.0,-0.0,-0.0,0.0,193.3,0.0,-0.0,-0.0,0.0,0.0,0.0,193.3
JVASP-107641,-9804.7,-6465.3,-2030.2,0.0,1333.4,-0.0,-6465.3,-4627.7,-1402.9,0.0,884.1,-0.0,-2030.2,-1402.9,-922.0,0.0,405.9,-0.0,0.0,0.0,0.0,-185.4,-0.0,-11.0,1333.4,884.1,405.9,-0.0,-327.3,0.0,-0.0,-0.0,-0.0,-11.0,0.0,-67.1
JVASP-43925,144.7,55.2,63.3,0.0,0.7,0.0,55.2,150.4,50.3,-0.0,30.0,0.0,63.3,50.3,261.2,-0.0,25.4,-0.0,-0.0,-0.0,-0.0,50.9,0.0,10.5,0.7,30.0,25.4,0.0,69.7,-0.0,0.0,0.0,-0.0,10.5,-0.0,56.7
JVASP-9583,137.6,39.0,11.4,0.0,0.0,-0.0,39.0,158.9,31.2,0.0,-0.0,-0.0,11.4,31.2,230.4,-0.0,0.0,0.0,0.0,0.0,-0.0,38.9,0.0,-0.0,0.0,-0.0,0.0,0.0,31.1,0.0,-0.0,-0.0,0.0,-0.0,0.0,94.3
JVASP-40491,341.5,11.7,12.1,-0.0,-0.0,-0.0,11.7,122.4,9.1,-0.0,-0.0,0.0,12.1,9.1,51.7,-0.0,-0.0,0.0,-0.0,-0.0,-0.0,61.5,0.0,-0.0,-0.0,-0.0,-0.0,0.0,58.3,0.0,-0.0,0.0,0.0,-0.0,0.0,53.6
JVASP-115005,25.9,20.6,8.3,0.0,-0.0,0.0,20.6,25.9,8.3,0.0,-0.0,0.0,8.3,8.3,28.7,0.0,-0.0,0.0,0.0,0.0,0.0,12.0,0.0,0.0,-0.0,-0.0,-0.0,0.0,-5.9,-0.0,0.0,0.0,0.0,0.0,-0.0,-5.9
JVASP-75694,12.5,88.5,88.5,0.0,-0.0,0.0,88.5,12.5,88.5,0.0,-0.0,0.0,88.5,88.5,12.5,-0.0,-0.0,0.0,0.0,0.0,-0.0,-42.9,0.0,-0.0,-0.0,-0.0,-0.0,0.0,-42.9,0.0,0.0,0.0,0.0,-0.0,0.0,-42.9
JVASP-135644,8.5,2.8,-5.2,0.0,0.0,-0.0,2.8,8.5,-5.2,0.0,0.0,-0.0,-5.2,-5.2,30.7,0.0,0.0,0.0,0.0,0.0,0.0,-0.3,0.0,0.0,0.0,0.0,0.0,0.0,-4.3,-0.0,-0.0,-0.0,0.0,0.0,-0.0,-4.3
JVASP-13042,74.5,18.3,21.8,-0.0,12.9,-0.0,18.3,74.5,21.8,0.0,-12.9,0.0,21.8,21.8,39.1,-0.0,0.0,-0.0,-0.0,0.0,-0.0,28.1,-0.0,12.9,12.9,-12.9,0.0,-0.0,25.9,-0.0,-0.0,0.0,-0.0,12.9,-0.0,25.9
JVASP-120204,-3.2,0.6,-1.5,-0.0,-0.4,0.0,0.6,10.5,6.4,0.0,-0.7,-0.0,-1.5,6.4,-29.9,0.0,9.4,-0.0,-0.0,0.0,0.0,-2.2,-0.0,-0.4,-0.4,-0.7,9.4,-0.0,-4.6,0.0,0.0,-0.0,-0.0,-0.4,0.0,2.0
JVASP-120205,118.4,47.0,12.4,0.0,-0.0,0.0,47.0,118.4,12.4,0.0,-0.0,0.0,12.4,12.4,36.2,0.0,0.0,0.0,0.0,0.0,0.0,13.3,0.0,0.0,-0.0,-0.0,0.0,0.0,-3.1,0.0,0.0,0.0,0.0,0.0,0.0,-3.1
JVASP-136711,-4.7,-0.3,-1.0,0.0,-0.6,-0.0,-0.3,-19.6,6.9,0.0,-5.2,-0.0,-1.0,6.9,3.3,0.0,0.4,-0.0,0.0,0.0,0.0,-2.1,0.0,-0.1,-0.6,-5.2,0.4,0.0,-4.3,-0.0,-0.0,-0.0,-0.0,-0.1,-0.0,0.4
JVASP-103094,104.2,22.3,36.1,-0.0,-21.4,0.0,22.3,104.2,36.1,0.0,21.4,-0.0,36.1,36.1,88.0,-0.0,-0.0,0.0,-0.0,0.0,-0.0,41.0,0.0,-21.4,-21.4,21.4,-0.0,0.0,57.3,-0.0,0.0,-0.0,0.0,-21.4,-0.0,57.3
JVASP-16000,28.5,293.3,293.3,0.0,-0.0,-0.0,293.3,28.5,293.3,0.0,0.0,0.0,293.3,293.3,28.5,-0.0,-0.0,-0.0,0.0,0.0,-0.0,-47.7,0.0,-0.0,-0.0,0.0,-0.0,0.0,-47.7,-0.0,-0.0,0.0,-0.0,-0.0,-0.0,-47.7
JVASP-13086,103.2,107.1,107.1,-0.0,-0.0,0.0,107.1,103.2,107.1,-0.0,0.0,-0.0,107.1,107.1,103.2,-0.0,-0.0,0.0,-0.0,-0.0,-0.0,-4.5,-0.0,0.0,-0.0,0.0,-0.0,-0.0,-4.5,0.0,0.0,-0.0,0.0,0.0,0.0,-4.5
JVASP-117918,395.4,68.2,97.2,0.0,-0.0,-0.0,68.2,395.4,97.2,0.0,-0.0,-0.0,97.2,97.2,528.3,0.0,-0.0,0.0,0.0,0.0,0.0,-0.9,0.0,0.0,-0.0,-0.0,-0.0,0.0,86.2,-0.0,-0.0,-0.0,0.0,0.0,-0.0,86.2
JVASP-117920,108.3,13.5,-1.8,0.0,-11.2,0.0,13.5,253.2,65.9,0.0,-30.7,0.0,-1.8,65.9,474.0,0.0,-66.0,0.0,0.0,0.0,0.0,1.9,0.0,0.4,-11.2,-30.7,-66.0,0.0,40.1,0.0,0.0,0.0,0.0,0.4,0.0,16.4
JVASP-100547,346.3,26.8,49.9,0.0,2.1,0.0,26.8,237.5,70.6,0.0,-3.4,0.0,49.9,70.6,375.3,0.0,1.3,0.0,0.0,0.0,0.0,143.7,-0.0,5.4,2.1,-3.4,1.3,-0.0,82.7,-0.0,-0.0,0.0,0.0,5.4,-0.0,70.5
JVASP-100443,220.4,42.9,53.8,-0.0,0.0,-0.0,42.9,212.9,29.6,0.0,-0.0,-0.0,53.8,29.6,276.8,0.0,-0.0,0.0,-0.0,0.0,0.0,32.9,-0.0,0.0,0.0,0.0,-0.0,-0.0,33.2,-0.0,0.0,-0.0,0.0,-0.0,-0.0,119.2
JVASP-9603,221.0,69.5,24.4,-0.0,0.0,-0.0,69.5,292.1,46.4,-0.0,0.0,0.0,24.4,46.4,316.2,-0.0,0.0,0.0,-0.0,-0.0,-0.0,71.4,-0.0,-0.0,-0.0,0.0,0.0,-0.0,57.6,-0.0,-0.0,0.0,0.0,-0.0,-0.0,134.2
JVASP-135680,252.7,-15.4,31.8,0.0,-0.0,0.0,-15.4,252.7,31.8,0.0,-0.0,0.0,31.8,31.8,116.9,0.0,-0.0,0.0,0.0,0.0,0.0,26.7,0.0,0.0,-0.0,-0.0,-0.0,0.0,36.2,0.0,0.0,0.0,0.0,0.0,0.0,36.2
JVASP-35187,314.2,95.1,101.1,0.0,20.5,0.0,95.1,375.2,128.0,-0.0,13.2,0.0,101.1,128.0,279.8,-0.0,28.4,-0.0,0.0,-0.0,-0.0,115.3,0.0,-2.2,20.5,13.2,28.4,-0.0,146.6,-0.0,0.0,0.0,-0.0,-2.2,-0.0,108.1
JVASP-34390,171.6,-1.6,52.2,0.0,0.0,0.0,-1.6,171.6,52.2,0.0,-0.0,0.0,52.2,52.2,345.8,0.0,-0.0,0.0,0.0,0.0,0.0,86.6,-0.0,0.0,-0.0,-0.0,-0.0,-0.0,43.0,-0.0,0.0,0.0,0.0,0.0,-0.0,43.0
JVASP-30314,123.5,6.7,25.7,-0.0,0.0,0.0,6.7,123.5,25.7,-0.0,0.0,-0.0,25.7,25.7,65.5,0.0,0.0,0.0,-0.0,-0.0,0.0,58.4,0.0,0.0,0.0,0.0,-0.0,0.0,32.3,-0.0,0.0,-0.0,0.0,0.0,-0.0,32.3
JVASP-113716,112.9,-1.0,-0.6,0.0,-0.0,-0.0,-1.0,112.9,-0.6,0.0,-0.0,-0.0,-0.6,-0.6,131.0,0.0,0.0,0.0,0.0,0.0,0.0,1.7,0.0,0.0,-0.0,-0.0,0.0,0.0,-68.3,0.0,-0.0,-0.0,0.0,0.0,0.0,-68.3
JVASP-136054,-8.3,2.5,2.0,0.0,0.0,-0.0,2.5,-8.3,2.0,0.0,0.0,-0.0,2.0,2.0,-21.7,0.0,0.0,0.0,0.0,0.0,0.0,2.7,0.0,0.0,0.0,0.0,0.0,0.0,-2.7,0.0,-0.0,-0.0,0.0,0.0,0.0,-2.7
JVASP-136055,-3.2,-0.7,0.0,0.0,-0.6,-0.0,-0.7,-29.9,-3.2,-0.0,1.8,0.0,0.0,-3.2,-5.9,0.0,1.9,-0.0,0.0,-0.0,0.0,-6.5,0.0,0.6,-0.6,1.8,1.9,0.0,-2.0,-0.0,-0.0,0.0,-0.0,0.6,-0.0,0.2
JVASP-136056,14.3,244.7,10.4,0.0,0.0,-0.0,244.7,14.3,10.4,-0.0,0.0,-0.0,10.4,10.4,106.8,0.0,0.0,0.0,0.0,-0.0,0.0,-115.2,-0.0,0.0,0.0,0.0,0.0,0.0,0.7,0.0,0.0,0.0,0.0,0.0,0.0,0.7
JVASP-136057,228.5,153.6,153.6,0.0,0.0,0.0,153.6,228.5,153.6,0.0,0.0,0.0,153.6,153.6,228.5,0.0,0.0,0.0,0.0,0.0,0.0,140.7,0.0,0.0,0.0,0.0,0.0,0.0,140.7,0.0,0.0,0.0,0.0,0.0,0.0,140.7
JVASP-85484,21.4,13.7,9.0,0.0,1.7,-0.0,13.7,29.9,3.6,-0.0,-0.3,-0.0,9.0,3.6,15.9,-0.0,2.8,0.0,-0.0,-0.0,-0.0,15.9,0.0,1.8,1.7,-0.3,2.8,0.0,5.2,-0.0,-0.0,-0.0,0.0,1.8,-0.0,12.5
JVASP-117913,0.2,-0.1,-0.2,-0.0,0.0,0.0,-0.1,-9.8,-5.5,0.0,2.3,-0.0,-0.2,-5.5,-18.1,0.0,3.0,-0.0,-0.0,0.0,0.0,-7.8,-0.0,-0.3,0.0,2.3,3.0,-0.0,-0.2,-0.0,0.0,-0.0,-0.0,-0.3,-0.0,0.2
JVASP-117914,57.2,26.2,-2.8,0.0,0.0,-0.0,26.2,57.2,-2.8,-0.0,0.0,-0.0,-2.8,-2.8,75.4,0.0,-0.0,0.0,0.0,-0.0,0.0,-1.0,0.0,0.0,0.0,0.0,-0.0,0.0,-3.2,-0.0,-0.0,-0.0,0.0,0.0,-0.0,-3.2
JVASP-117915,59.6,30.7,18.6,0.0,-0.0,-0.0,30.7,59.6,18.6,0.0,-0.0,-0.0,18.6,18.6,24.4,0.0,-0.0,-0.0,0.0,0.0,0.0,30.0,0.0,0.0,-0.0,-0.0,-0.0,0.0,18.8,-0.0,-0.0,-0.0,-0.0,0.0,-0.0,18.8
JVASP-120050,8.4,8.3,13.6,0.0,0.0,0.0,8.3,8.4,13.6,0.0,0.0,0.0,13.6,13.6,-4.7,0.0,-0.0,0.0,0.0,0.0,0.0,7.3,0.0,0.0,0.0,0.0,-0.0,0.0,10.1,0.0,0.0,0.0,0.0,0.0,0.0,10.1
JVASP-91985,128.0,86.4,80.1,-16.3,-6.1,-11.6,86.4,127.5,79.7,-15.9,-11.8,-6.1,80.1,79.7,170.9,-21.4,-11.7,-11.7,-16.3,-15.9,-21.4,48.1,-4.2,-4.2,-6.1,-11.8,-11.7,-4.2,36.3,-17.0,-11.6,-6.1,-11.7,-4.2,-17.0,36.6
JVASP-8704,217.2,38.9,42.6,-0.0,1.2,-0.0,38.9,86.7,82.0,-0.0,-44.5,0.0,42.6,82.0,123.1,0.0,55.1,-0.0,0.0,-0.0,-0.0,-1.7,0.0,10.1,1.2,-44.5,55.1,0.0,-49.5,0.0,0.0,0.0,0.0,10.1,0.0,34.0
JVASP-90487,154.0,33.7,47.8,-0.0,-7.1,-7.6,33.7,154.0,47.8,-0.0,7.1,7.6,47.8,47.8,202.9,-0.0,0.0,0.0,-0.0,-0.0,-0.0,60.1,7.6,-7.1,-7.1,7.1,0.0,7.6,103.1,0.0,-7.6,7.6,0.0,-7.1,0.0,103.1
JVASP-93411,104.0,4.9,47.4,0.0,1.9,-0.0,4.9,97.8,46.5,-0.0,-3.1,0.0,47.4,46.5,144.8,-0.0,-3.2,0.0,-0.0,-0.0,-0.0,80.1,-0.0,9.2,1.9,-3.1,-3.2,-0.0,58.6,0.0,0.0,0.0,0.0,9.2,0.0,66.0
JVASP-52377,125.8,-28.3,51.5,0.0,-0.0,0.0,-28.3,136.5,41.7,0.0,0.0,0.0,51.5,41.7,154.6,0.0,-0.0,0.0,0.0,0.0,0.0,48.6,-0.0,0.0,-0.0,0.0,-0.0,-0.0,60.4,0.0,0.0,0.0,0.0,0.0,0.0,68.7
JVASP-116433,230.5,285.5,8.4,-0.0,-0.0,0.0,285.5,230.5,8.4,0.0,0.0,0.0,8.4,8.4,199.5,-0.0,0.0,-0.0,0.0,0.0,-0.0,-27.5,0.0,0.0,-0.0,0.0,0.0,0.0,49.1,0.0,0.0,0.0,0.0,0.0,0.0,49.1
JVASP-116435,27.4,90.9,34.9,-0.0,-0.0,-42.2,90.9,-120.4,46.9,-0.0,-0.0,76.1,34.9,46.9,-11.5,-0.0,-0.0,5.0,-0.0,-0.0,-0.0,-25.4,19.2,-0.0,-0.0,0.0,-0.0,19.2,-51.0,-0.0,-42.2,76.1,5.0,-0.0,-0.0,-20.1
JVASP-116436,12.1,106.0,91.6,-26.4,11.7,-5.6,106.0,-37.9,83.9,-7.8,-4.9,0.7,91.6,83.9,-56.3,-10.7,-8.2,10.6,-26.4,-7.8,-10.7,-64.2,-19.1,2.6,11.7,-4.9,-8.2,-19.1,-40.7,-7.5,-5.6,0.7,10.6,2.6,-7.5,-14.5
JVASP-135480,107.6,85.9,18.8,0.0,-0.0,-0.0,85.9,107.6,18.8,0.0,-0.0,-0.0,18.8,18.8,59.6,0.0,-0.0,-0.0,0.0,0.0,0.0,-47.5,0.0,0.0,-0.0,-0.0,-0.0,0.0,-4.2,-0.0,-0.0,-0.0,-0.0,0.0,-0.0,-4.2
JVASP-89921,64.9,13.2,14.0,0.0,-2.0,0.0,13.2,29.8,13.6,-0.0,-0.9,-0.0,14.0,13.6,33.9,-0.0,-6.7,-0.0,0.0,-0.0,-0.0,2.3,0.0,-3.4,-2.0,-0.9,-6.7,0.0,15.4,0.0,0.0,-0.0,-0.0,-3.4,0.0,6.9
JVASP-9413,30.7,1.8,7.0,-0.0,-1.0,-0.0,1.8,36.3,13.3,-0.0,7.2,-0.0,7.0,13.3,17.7,-0.0,-0.9,-0.0,0.0,0.0,-0.0,4.9,-0.0,-0.6,-1.0,7.2,-0.9,-0.0,8.0,-0.0,-0.0,0.0,-0.0,-0.6,-0.0,4.1
JVASP-154352,18.7,8.9,8.1,0.2,1.2,0.1,8.9,35.3,9.1,2.4,-5.3,1.2,8.1,9.1,25.7,1.0,-2.9,0.1,0.2,2.4,1.0,8.2,-1.8,1.7,1.2,-5.3,-2.9,-1.8,9.8,-0.3,0.1,1.2,0.1,1.7,-0.3,6.6
JVASP-75449,47.4,71.5,71.5,-0.0,-0.0,-0.0,71.5,47.4,71.5,-0.0,-0.0,0.0,71.5,71.5,47.4,0.0,-0.0,-0.0,-0.0,-0.0,0.0,-0.3,0.0,-0.0,-0.0,-0.0,-0.0,0.0,-0.3,0.0,-0.0,0.0,-0.0,-0.0,0.0,-0.3
JVASP-9408,201.5,26.8,17.4,0.0,-9.1,-0.0,26.8,72.2,14.6,0.0,-6.4,-0.0,17.4,14.6,64.0,0.0,-0.3,-0.0,0.0,0.0,0.0,14.0,0.0,-6.7,-9.1,-6.4,-0.3,0.0,31.9,0.0,-0.0,-0.0,-0.0,-6.7,0.0,25.8
JVASP-10554,144.9,78.4,47.5,-0.0,-31.8,0.0,78.4,123.5,55.6,0.0,-28.1,0.0,47.5,55.6,218.6,0.0,26.0,0.0,-0.0,0.0,0.0,40.7,-0.0,-0.8,-31.8,-28.1,26.0,-0.0,101.8,-0.0,0.0,0.0,0.0,-0.8,-0.0,27.0
JVASP-120003,18.7,69.5,67.8,25.1,29.1,-2.2,69.5,-48.9,-53.5,-25.0,-49.6,8.1,67.8,-53.5,-98.0,-54.5,-69.1,7.3,25.1,-25.0,-54.5,-40.8,-39.2,1.6,29.1,-49.6,-69.1,-39.2,-61.1,3.4,-2.2,8.1,7.3,1.6,3.4,-1.9
JVASP-120001,44.5,51.4,34.2,0.0,-0.0,0.0,51.4,44.5,34.2,0.0,-0.0,0.0,34.2,34.2,93.3,0.0,-0.0,0.0,0.0,0.0,0.0,32.1,0.0,0.0,-0.0,-0.0,-0.0,0.0,-12.1,-0.0,0.0,0.0,0.0,0.0,-0.0,-12.1
JVASP-120002,10.6,81.1,52.1,-5.4,-1.1,-3.6,81.1,-88.6,-25.5,21.1,-7.7,14.9,52.1,-25.5,-35.9,12.8,-12.5,14.1,-5.4,21.1,12.8,-17.5,4.8,-4.7,-1.1,-7.7,-12.5,4.8,-31.0,11.0,-3.6,14.9,14.1,-4.7,11.0,-9.2
JVASP-138259,151.9,23.9,-1.2,0.0,-0.0,-0.0,23.9,151.9,-1.2,0.0,-0.0,-0.0,-1.2,-1.2,104.8,0.0,-0.0,-0.0,0.0,0.0,0.0,11.9,0.0,0.0,-0.0,-0.0,-0.0,0.0,-10.4,0.0,-0.0,-0.0,-0.0,0.0,0.0,-10.4
JVASP-138260,-4.1,-1.6,-0.5,-0.0,0.5,0.0,-1.6,-5.9,-6.6,0.0,3.0,0.0,-0.5,-6.6,-19.7,0.0,1.6,0.0,-0.0,0.0,0.0,-5.6,-0.0,0.7,0.5,3.0,1.6,-0.0,-4.9,-0.0,0.0,0.0,0.0,0.7,-0.0,0.8
JVASP-138261,-94.4,147.0,62.8,-15.3,-34.6,18.6,147.0,-240.5,53.5,4.7,-8.1,-18.2,62.8,53.5,-86.1,34.0,29.5,4.9,-15.3,4.7,34.0,-64.1,-10.7,-11.9,-34.6,-8.1,29.5,-10.7,-76.6,20.6,18.6,-18.2,4.9,-11.9,20.6,-56.2
JVASP-151101,210.1,24.9,29.6,0.0,-4.0,-0.0,24.9,159.4,99.0,-0.0,17.2,0.0,29.6,99.0,152.5,0.0,5.5,-0.0,0.0,0.0,-0.0,24.8,-0.0,-15.9,-4.0,17.2,5.5,-0.0,72.6,0.0,-0.0,0.0,-0.0,-15.9,-0.0,28.4
JVASP-10177,179.3,17.2,10.8,0.0,-5.1,-0.0,17.2,50.6,16.2,-0.0,-7.8,0.0,10.8,16.2,51.8,-0.0,-1.0,-0.0,0.0,-0.0,-0.0,12.7,-0.0,-6.1,-5.1,-7.8,-1.0,-0.0,23.7,0.0,-0.0,0.0,-0.0,-6.1,0.0,21.0
JVASP-139703,11.0,96.3,26.5,0.0,-0.0,-0.0,96.3,11.0,26.5,0.0,-0.0,-0.0,26.5,26.5,69.6,0.0,-0.0,-0.0,0.0,0.0,0.0,-48.8,0.0,0.0,-0.0,-0.0,-0.0,0.0,14.6,0.0,-0.0,-0.0,-0.0,0.0,0.0,14.6
JVASP-139704,128.2,1.5,-1.0,0.0,-0.0,-0.0,1.5,128.2,-1.0,0.0,-0.0,-0.0,-1.0,-1.0,143.4,0.0,0.0,-0.0,0.0,0.0,0.0,10.0,0.0,0.0,-0.0,-0.0,0.0,0.0,-38.3,0.0,-0.0,-0.0,-0.0,0.0,0.0,-38.3
JVASP-139705,-8.6,-1.2,-2.1,0.0,0.3,0.0,-1.2,-20.9,1.0,0.0,4.1,0.0,-2.1,1.0,-15.2,0.0,1.6,0.0,0.0,0.0,0.0,-2.5,-0.0,0.4,0.3,4.1,1.6,-0.0,-1.9,-0.0,0.0,0.0,0.0,0.4,-0.0,1.2
JVASP-60643,144.2,55.0,70.4,-0.0,9.2,-0.0,55.0,191.9,53.7,0.0,-2.0,-0.0,70.4,53.7,168.0,0.0,8.0,0.0,-0.0,0.0,0.0,37.0,-0.0,7.2,9.2,-2.0,8.0,-0.0,33.6,-0.0,0.0,-0.0,0.0,7.2,-0.0,44.1
JVASP-57096,208.8,131.4,95.1,28.5,-0.0,0.0,131.4,208.8,95.1,-28.5,0.0,0.0,95.1,95.1,181.6,-0.0,0.0,0.0,28.5,-28.5,-0.0,76.2,0.0,0.0,-0.0,0.0,0.0,0.0,46.2,-0.0,0.0,-0.0,-0.0,-0.0,-0.0,46.2
JVASP-12736,59.0,8.0,35.9,0.0,-0.0,0.0,8.0,35.5,16.2,0.0,-0.0,0.0,35.9,16.2,43.9,0.0,-0.0,-0.0,-0.0,0.0,0.0,5.6,0.0,-0.0,-0.0,-0.0,-0.0,-0.0,15.0,-0.0,0.0,0.0,0.0,0.0,-0.0,28.9
JVASP-111827,54.0,23.2,18.6,0.0,1.2,0.0,23.2,54.0,18.6,-0.0,-1.2,-0.0,18.6,18.6,36.4,-0.0,-0.0,-0.0,0.0,-0.0,-0.0,15.4,-0.0,1.2,1.2,-1.2,-0.0,-0.0,14.9,0.0,0.0,-0.0,-0.0,1.2,0.0,14.9
JVASP-138268,84.8,2.1,43.5,0.0,-0.0,0.0,2.1,84.8,43.5,-0.0,-0.0,0.0,43.5,43.5,126.2,0.0,-0.0,0.0,0.0,-0.0,0.0,3.7,0.0,0.0,-0.0,-0.0,-0.0,0.0,7.3,0.0,0.0,0.0,0.0,0.0,0.0,7.3
JVASP-12477,181.0,71.1,71.3,-0.0,0.5,0.0,71.1,256.6,66.7,0.0,33.5,-0.0,71.3,66.7,141.8,-0.0,52.2,0.0,-0.0,0.0,-0.0,48.5,0.0,13.7,0.5,33.5,52.2,0.0,72.3,-0.0,0.0,-0.0,-0.0,13.7,-0.0,91.9
JVASP-136039,92.9,17.4,2.4,0.0,-0.0,0.0,17.4,92.9,2.4,0.0,-0.0,0.0,2.4,2.4,74.3,0.0,-0.0,0.0,0.0,0.0,0.0,4.1,0.0,0.0,-0.0,-0.0,-0.0,0.0,5.9,0.0,0.0,0.0,0.0,0.0,0.0,5.9
JVASP-136040,51.2,88.9,31.3,0.0,-0.0,-0.0,88.9,51.2,31.3,0.0,-0.0,-0.0,31.3,31.3,79.2,0.0,-0.0,-0.0,0.0,0.0,0.0,-22.2,0.0,0.0,-0.0,-0.0,-0.0,0.0,24.3,-0.0,-0.0,-0.0,-0.0,0.0,-0.0,24.3
JVASP-2244,76.1,19.6,20.1,0.0,10.1,0.0,19.6,76.1,20.1,0.0,-10.1,0.0,20.1,20.1,35.0,0.0,0.0,0.0,0.0,0.0,0.0,28.3,0.0,10.1,10.1,-10.1,0.0,0.0,19.4,0.0,0.0,0.0,0.0,10.1,0.0,19.4
JVASP-8174,81.2,22.4,21.3,-0.0,10.7,-0.0,22.4,81.2,21.3,-0.0,-10.7,-0.0,21.3,21.3,37.2,-0.0,0.0,-0.0,-0.0,-0.0,-0.0,29.4,0.0,10.7,10.7,-10.7,0.0,0.0,20.9,0.0,-0.0,-0.0,-0.0,10.7,0.0,20.9
JVASP-12144,77.9,24.5,22.0,-0.0,11.7,-0.0,24.5,77.9,22.0,0.0,-11.7,0.0,22.0,22.0,38.1,0.0,0.0,0.0,-0.0,0.0,0.0,26.7,-0.0,11.7,11.7,-11.7,0.0,-0.0,24.6,-0.0,-0.0,0.0,0.0,11.7,-0.0,24.6
JVASP-39202,197.1,88.0,88.0,0.0,-0.0,0.0,88.0,197.1,88.0,0.0,-0.0,0.0,88.0,88.0,197.1,-0.0,-0.0,-0.0,0.0,0.0,-0.0,36.2,0.0,0.0,-0.0,-0.0,-0.0,0.0,36.2,0.0,0.0,0.0,-0.0,0.0,0.0,36.2
JVASP-30438,108.1,7.9,23.4,0.1,8.3,-0.1,7.9,44.3,11.7,-0.0,-0.7,-0.0,23.4,11.7,53.6,0.0,7.6,-0.0,0.1,-0.0,0.0,11.1,0.0,10.1,8.3,-0.7,7.6,0.0,9.3,0.0,-0.1,-0.0,-0.0,10.1,0.0,38.1
JVASP-115307,-418.7,25.3,90.1,0.0,0.0,-0.0,25.3,-423.2,43.2,0.0,0.0,-0.0,90.1,43.2,-7.4,0.0,0.0,0.0,0.0,0.0,0.0,-32.6,0.0,0.0,0.0,0.0,0.0,0.0,-36.8,0.0,-0.0,-0.0,0.0,0.0,0.0,-23.5
JVASP-13955,73.8,22.8,21.4,-0.0,11.6,-0.0,22.8,73.8,21.4,0.0,-11.6,0.0,21.4,21.4,36.1,-0.0,-0.0,-0.0,-0.0,0.0,-0.0,25.5,-0.0,11.6,11.6,-11.6,-0.0,-0.0,22.8,-0.0,-0.0,0.0,-0.0,11.6,-0.0,22.8
JVASP-92611,137.4,69.3,46.3,0.0,-0.0,0.0,69.3,137.4,46.3,0.0,-0.0,-0.0,46.3,46.3,99.1,0.0,-0.0,-0.0,0.0,0.0,0.0,52.4,0.0,0.0,-0.0,-0.0,-0.0,0.0,27.7,0.0,0.0,-0.0,-0.0,0.0,0.0,27.7
JVASP-99669,137.3,69.2,46.3,0.0,0.0,0.0,69.2,137.3,46.3,0.0,0.0,0.0,46.3,46.3,99.1,0.0,0.0,0.0,0.0,0.0,0.0,52.3,0.0,0.0,0.0,0.0,0.0,0.0,27.7,-0.0,0.0,0.0,0.0,0.0,-0.0,27.7
JVASP-12738,231.1,61.4,97.2,-0.0,-0.0,-0.0,61.4,145.0,86.2,0.0,-0.0,-0.0,97.2,86.2,240.9,-0.0,-0.0,-0.0,-0.0,0.0,-0.0,-1.4,0.0,-0.0,-0.0,-0.0,-0.0,0.0,83.1,-0.0,-0.0,-0.0,-0.0,-0.0,-0.0,83.4
JVASP-134203,-0.3,-1.0,-0.6,0.0,-0.0,-0.0,-1.0,5.0,-0.3,-0.0,-0.6,0.0,-0.6,-0.3,-7.8,-0.0,0.9,0.0,0.0,-0.0,-0.0,-0.9,0.0,0.2,-0.0,-0.6,0.9,0.0,-3.6,0.0,-0.0,0.0,0.0,0.2,0.0,0.4
JVASP-134204,-16.9,4.7,-3.7,0.0,0.0,0.0,4.7,-16.9,-3.7,0.0,0.0,0.0,-3.7,-3.7,-45.5,0.0,0.0,0.0,0.0,0.0,0.0,3.0,0.0,0.0,0.0,0.0,0.0,0.0,-15.1,0.0,0.0,0.0,0.0,0.0,0.0,-15.1
JVASP-134207,150.2,80.3,18.0,0.0,0.0,0.0,80.3,150.2,18.0,0.0,0.0,0.0,18.0,18.0,40.1,0.0,0.0,0.0,0.0,0.0,0.0,44.2,0.0,0.0,0.0,0.0,0.0,0.0,-4.8,-0.0,0.0,0.0,0.0,0.0,-0.0,-4.8
JVASP-29381,199.0,46.5,67.2,0.0,1.7,0.0,46.5,199.7,67.0,-0.0,2.2,-0.0,67.2,67.0,104.7,-0.0,0.2,-0.0,0.0,-0.0,-0.0,1.2,-0.0,-1.8,1.7,2.2,0.2,-0.0,13.0,-0.0,0.0,-0.0,-0.0,-1.8,-0.0,13.3
JVASP-26400,155.7,73.0,45.0,0.0,-0.0,0.0,73.0,155.7,45.0,0.0,-0.0,0.0,45.0,45.0,121.3,0.0,-0.0,0.0,0.0,0.0,0.0,57.8,0.0,0.0,-0.0,-0.0,-0.0,0.0,15.7,0.0,0.0,0.0,0.0,0.0,0.0,15.7
JVASP-136049,-500.9,229.3,82.2,0.0,0.0,0.0,229.3,-433.9,45.6,0.0,-0.0,0.0,82.2,45.6,-16.9,0.0,-0.0,0.0,0.0,0.0,0.0,-5.5,0.0,0.0,0.0,-0.0,-0.0,0.0,-40.4,-0.0,0.0,0.0,0.0,0.0,-0.0,-19.4
JVASP-136050,-7.4,1.7,-1.8,0.0,-0.0,-0.0,1.7,-7.4,-1.8,0.0,-0.0,-0.0,-1.8,-1.8,-67.0,0.0,-0.0,0.0,0.0,0.0,0.0,1.5,0.0,0.0,-0.0,-0.0,-0.0,0.0,-3.7,-0.0,-0.0,-0.0,0.0,0.0,-0.0,-3.7
JVASP-136051,180.6,128.9,15.2,0.0,0.0,-0.0,128.9,180.6,15.2,0.0,0.0,-0.0,15.2,15.2,40.4,0.0,0.0,-0.0,0.0,0.0,0.0,49.6,0.0,0.0,0.0,0.0,0.0,0.0,-14.3,-0.0,-0.0,-0.0,-0.0,0.0,-0.0,-14.3
JVASP-22531,137.2,26.8,41.8,0.0,0.0,-0.0,26.8,75.3,39.4,-0.0,0.0,-0.0,41.8,39.4,136.6,0.0,0.0,-0.0,0.0,-0.0,0.0,26.0,0.0,0.0,0.0,0.0,0.0,0.0,9.5,-0.0,-0.0,-0.0,-0.0,0.0,-0.0,5.4
JVASP-24633,136.9,26.3,41.8,-0.0,0.0,0.0,26.3,74.3,39.4,-0.0,-0.0,0.0,41.8,39.4,136.7,-0.0,0.0,0.0,-0.0,-0.0,-0.0,24.3,-0.0,-0.0,0.0,0.0,0.0,-0.0,9.3,0.0,0.0,0.0,0.0,-0.0,0.0,5.4
JVASP-29257,68.7,34.0,31.2,-0.9,-1.1,-4.1,34.0,80.5,21.8,-6.4,7.1,0.3,31.2,21.8,81.5,1.2,-3.7,-2.2,-0.9,-6.4,1.2,35.2,-3.8,1.2,-1.1,7.1,-3.7,-3.8,18.5,5.3,-4.1,0.3,-2.2,1.2,5.3,25.7
JVASP-29417,52.2,15.0,20.8,0.0,-0.0,-0.0,15.0,60.2,41.6,0.0,0.0,-0.0,20.8,41.6,90.9,0.0,-0.0,-0.0,0.0,0.0,0.0,26.8,0.0,-0.0,-0.0,0.0,-0.0,0.0,28.7,0.0,0.0,-0.0,0.0,-0.0,-0.0,20.7
JVASP-21253,52.8,15.2,20.6,0.0,0.0,-0.0,15.2,60.3,41.7,0.0,-0.0,0.0,20.6,41.7,90.3,-0.0,0.0,-0.0,0.0,0.0,0.0,26.8,-0.0,-0.0,-0.0,-0.0,0.0,-0.0,28.7,-0.0,0.0,0.0,0.0,-0.0,-0.0,20.7
JVASP-115317,68.1,54.1,-7.3,0.0,0.0,-0.0,54.1,68.1,-7.3,0.0,0.0,-0.0,-7.3,-7.3,405.4,0.0,0.0,0.0,0.0,0.0,0.0,50.7,0.0,0.0,0.0,0.0,0.0,0.0,-2.4,-0.0,-0.0,-0.0,0.0,0.0,-0.0,-2.4
JVASP-115318,123.6,27.6,-3.2,0.0,0.0,0.0,27.6,123.6,-3.2,0.0,0.0,0.0,-3.2,-3.2,37.4,0.0,-0.0,0.0,0.0,0.0,0.0,15.6,0.0,0.0,0.0,0.0,-0.0,0.0,-3.2,0.0,0.0,0.0,0.0,0.0,0.0,-3.2
JVASP-115319,-5.1,-0.5,0.2,-0.0,0.2,-0.0,-0.5,-8.5,6.5,-0.0,-1.2,0.0,0.2,6.5,-10.9,-0.0,3.4,-0.0,-0.0,-0.0,-0.0,-1.4,0.0,-0.9,0.2,-1.2,3.4,0.0,-3.1,0.0,-0.0,0.0,-0.0,-0.9,0.0,0.7
